# {'date': u'2018_mar_09_1448', 'frameRate': 99.784404657191232, 'expName': u'RNGT_HDtDCS', u'session': u'baseline', u'participant': u'011'}
subj,trial,time,stimulus,response
011,0,0.0001047711,stimulus,
011,1,0.7501515501,stimulus,
011,1,0.9434688053,tap,lctrl
011,2,1.5001928074,stimulus,
011,2,1.5352376307,tap,rctrl
011,3,2.2502322121,stimulus,
011,3,2.3194256666,tap,rctrl
011,3,2.9111574942,tap,lctrl
011,4,3.0002890992,stimulus,
011,5,3.7503501276,stimulus,
011,5,3.8876978995,tap,lctrl
011,6,4.5004068162,stimulus,
011,6,4.7196859259,tap,lctrl
011,7,5.2504585305,stimulus,
011,7,5.3915780812,tap,lctrl
011,8,6.0005216400,stimulus,
011,8,6.1434908251,tap,rctrl
011,9,6.7505735858,stimulus,
011,9,6.8319104617,tap,lctrl
011,10,7.5006283948,stimulus,
011,10,7.5672709427,tap,lctrl
011,11,8.2506828759,stimulus,
011,11,8.2713290203,tap,rctrl
011,12,9.0007395765,stimulus,
011,12,9.0076154343,tap,rctrl
011,13,9.7507922923,stimulus,
011,13,9.7752092561,tap,lctrl
011,13,10.4793112939,tap,lctrl
011,14,10.5008427585,stimulus,
011,14,11.2312033404,tap,lctrl
011,15,11.2509015763,stimulus,
011,16,12.0009581928,stimulus,
011,16,12.1111194364,tap,lctrl
011,16,12.4791552347,tap,rctrl
011,17,12.7510171249,stimulus,
011,17,13.4557428091,tap,rctrl
011,18,13.5010674588,stimulus,
011,19,14.2511233955,stimulus,
011,19,14.3511838684,tap,rctrl
011,20,15.0011747970,stimulus,
011,20,15.3589861244,tap,rctrl
011,20,15.7114805176,tap,lctrl
011,21,15.7512304390,stimulus,
011,22,16.5012896599,stimulus,
011,22,16.5269373394,tap,rctrl
011,23,17.2513594731,stimulus,
011,23,17.3589232696,tap,lctrl
011,24,18.0014007575,stimulus,
011,24,18.0151216284,tap,rctrl
011,25,18.7514395095,stimulus,
011,25,18.8793629261,tap,rctrl
011,26,19.5014927155,stimulus,
011,26,19.5834574933,tap,lctrl
011,27,20.2515271097,stimulus,
011,27,20.3509908410,tap,lctrl
011,28,21.0015676061,stimulus,
011,28,21.0707058225,tap,lctrl
011,28,21.7436896401,tap,rctrl
011,29,21.7516066710,stimulus,
011,29,22.4632635263,tap,rctrl
011,30,22.5016565447,stimulus,
011,30,23.2151231794,tap,rctrl
011,31,23.2516969418,stimulus,
011,32,24.0017619461,stimulus,
011,32,24.1106382554,tap,lctrl
011,33,24.7518299097,stimulus,
011,33,24.8791711678,tap,lctrl
011,34,25.5018706708,stimulus,
011,34,25.7434346215,tap,lctrl
011,35,26.2519265143,stimulus,
011,35,26.3030190437,tap,rctrl
011,36,27.0019692422,stimulus,
011,36,27.1193240645,tap,rctrl
011,37,27.7520203760,stimulus,
011,37,27.8390064029,tap,lctrl
011,38,28.5020605386,stimulus,
011,38,28.6387965977,tap,lctrl
011,39,29.2521238075,stimulus,
011,39,29.3750983107,tap,rctrl
011,40,30.0021792541,stimulus,
011,40,30.0469416457,tap,lctrl
011,41,30.7522276571,stimulus,
011,41,30.7832570486,tap,rctrl
011,42,31.5022808300,stimulus,
011,42,31.5351839517,tap,rctrl
011,43,32.2523210136,stimulus,
011,43,32.3828055170,tap,rctrl
011,44,33.0023651641,stimulus,
011,44,33.0712389128,tap,lctrl
011,45,33.7524274315,stimulus,
011,45,33.8866305778,tap,lctrl
011,46,34.5024691670,stimulus,
011,46,34.6864499751,tap,lctrl
011,47,35.2525227519,stimulus,
011,47,35.4071374782,tap,lctrl
011,48,36.0025898043,stimulus,
011,48,36.1111950055,tap,lctrl
011,49,36.7526563363,stimulus,
011,49,36.8631211146,tap,lctrl
011,50,37.5027007424,stimulus,
011,50,37.5828507905,tap,lctrl
011,50,38.2390601055,tap,rctrl
011,51,38.2527355337,stimulus,
011,52,39.0027849442,stimulus,
011,52,39.1189011201,tap,rctrl
011,53,39.7528422253,stimulus,
011,53,39.8229533963,tap,lctrl
011,54,40.5028877171,stimulus,
011,54,40.5749562530,tap,lctrl
011,55,41.2529172693,stimulus,
011,55,41.3590531776,tap,lctrl
011,56,42.0029758887,stimulus,
011,56,42.1266326959,tap,lctrl
011,57,42.7530388659,stimulus,
011,57,42.7828466304,tap,rctrl
011,58,43.5030957049,stimulus,
011,58,43.7261704998,tap,rctrl
011,59,44.2531326675,stimulus,
011,59,44.3990082718,tap,rctrl
011,60,45.0031914102,stimulus,
011,60,45.0229758522,tap,lctrl
011,61,45.7532538642,stimulus,
011,61,45.8227986780,tap,rctrl
011,62,46.5033079363,stimulus,
011,62,46.6547722866,tap,lctrl
011,63,47.2533618159,stimulus,
011,63,47.5190014853,tap,rctrl
011,64,48.0034071604,stimulus,
011,64,48.1742425643,tap,rctrl
011,65,48.7534683511,stimulus,
011,65,48.8626736052,tap,lctrl
011,66,49.5035097257,stimulus,
011,66,49.5824276296,tap,lctrl
011,67,50.2535734037,stimulus,
011,67,50.2542831118,tap,rctrl
011,68,51.0036191632,stimulus,
011,68,51.0862693367,tap,rctrl
011,69,51.7536869012,stimulus,
011,69,51.8226015274,tap,rctrl
011,70,52.5037567745,stimulus,
011,70,52.5589097906,tap,rctrl
011,71,53.2538126812,stimulus,
011,71,53.2785736361,tap,lctrl
011,72,54.0038683172,stimulus,
011,72,54.1105868200,tap,lctrl
011,72,54.7179538796,tap,rctrl
011,73,54.7539254419,stimulus,
011,74,55.5039888221,stimulus,
011,74,55.5187524962,tap,lctrl
011,74,56.2384432435,tap,rctrl
011,75,56.2540079294,stimulus,
011,76,57.0040530874,stimulus,
011,76,57.0548089700,tap,rctrl
011,77,57.7540896199,stimulus,
011,77,57.7745144599,tap,lctrl
011,78,58.5041394936,stimulus,
011,78,58.5420889978,tap,lctrl
011,78,59.1660569210,tap,rctrl
011,79,59.2541713496,stimulus,
011,79,59.9824109334,tap,lctrl
011,80,60.0042348411,stimulus,
011,80,60.7500186648,tap,rctrl
011,81,60.7542820562,stimulus,
011,81,61.5019063625,tap,rctrl
011,82,61.5043152414,stimulus,
011,82,62.1103081953,tap,lctrl
011,83,62.2543875388,stimulus,
011,84,63.0044411417,stimulus,
011,84,63.0057552635,tap,lctrl
011,85,63.7544920831,stimulus,
011,85,63.8221285959,tap,rctrl
011,86,64.5045859139,stimulus,
011,86,64.6697668435,tap,rctrl
011,87,65.2546279020,stimulus,
011,87,65.4705097799,tap,lctrl
011,88,66.0046657909,stimulus,
011,88,66.0622855465,tap,rctrl
011,89,66.7547211593,stimulus,
011,89,66.8777014878,tap,lctrl
011,90,67.5047748193,stimulus,
011,90,67.6296445170,tap,rctrl
011,91,68.2548223983,stimulus,
011,91,68.3981782534,tap,lctrl
011,92,69.0048834899,stimulus,
011,92,69.1823001070,tap,lctrl
011,93,69.7549247682,stimulus,
011,93,69.8062923847,tap,rctrl
011,94,70.5049826267,stimulus,
011,94,70.5738978033,tap,rctrl
011,95,71.2550332342,stimulus,
011,95,71.4224993427,tap,lctrl
011,95,71.9976642760,tap,lctrl
011,96,72.0050838478,stimulus,
011,97,72.7551570925,stimulus,
011,97,72.7983846233,tap,rctrl
011,98,84.6610307750,probe1,0
011,99,85.4228157823,stimulus,
011,99,86.0773021134,tap,rctrl
011,100,86.1728191606,stimulus,
011,100,86.5576932409,tap,lctrl
011,101,86.9228647997,stimulus,
011,101,87.0215367882,tap,rctrl
011,102,87.6729090645,stimulus,
011,102,87.8057024996,tap,rctrl
011,102,88.4141109008,tap,lctrl
011,103,88.4229635877,stimulus,
011,104,89.1730025714,stimulus,
011,104,89.1816107843,tap,lctrl
011,104,89.9013407460,tap,rctrl
011,105,89.9230406678,stimulus,
011,105,90.5575722621,tap,lctrl
011,106,90.6730968151,stimulus,
011,106,91.3254057971,tap,rctrl
011,107,91.4231414347,stimulus,
011,108,92.1732065773,stimulus,
011,108,92.2059662579,tap,rctrl
011,109,92.9232463910,stimulus,
011,109,92.9734767278,tap,lctrl
011,110,93.6732936452,stimulus,
011,110,93.7898678373,tap,lctrl
011,111,94.4233519759,stimulus,
011,111,94.4939599715,tap,rctrl
011,112,95.1734019368,stimulus,
011,112,95.3249887121,tap,lctrl
011,113,95.9234410438,stimulus,
011,113,96.0778390219,tap,rctrl
011,114,96.6734843582,stimulus,
011,114,96.8131772747,tap,rctrl
011,115,97.4235387852,stimulus,
011,115,97.6451998239,tap,lctrl
011,116,98.1735932994,stimulus,
011,116,98.3170437814,tap,rctrl
011,117,98.9236462467,stimulus,
011,117,99.0054740434,tap,lctrl
011,118,99.6736908693,stimulus,
011,118,99.7574233401,tap,lctrl
011,118,100.3660118163,tap,rctrl
011,119,100.4237496481,stimulus,
011,120,101.1738279213,stimulus,
011,120,101.1968242810,tap,rctrl
011,120,101.9175368032,tap,lctrl
011,121,101.9238606524,stimulus,
011,121,102.6372313370,tap,rctrl
011,122,102.6739197230,stimulus,
011,123,103.4239906640,stimulus,
011,123,103.5336980989,tap,rctrl
011,124,104.1740473345,stimulus,
011,124,104.2367643349,tap,lctrl
011,125,104.9240860505,stimulus,
011,125,105.0375128380,tap,rctrl
011,126,105.6746727029,stimulus,
011,126,105.7572445350,tap,lctrl
011,127,106.4242039179,stimulus,
011,127,106.5735987850,tap,rctrl
011,128,107.1742588501,stimulus,
011,128,107.3567849223,tap,rctrl
011,129,107.9243040291,stimulus,
011,129,108.0296191906,tap,lctrl
011,130,108.6743455270,stimulus,
011,130,108.8127687842,tap,lctrl
011,131,109.4244114576,stimulus,
011,131,109.5491043342,tap,lctrl
011,132,110.1744414038,stimulus,
011,132,110.3010073881,tap,lctrl
011,133,110.9244869317,stimulus,
011,133,111.0050587831,tap,rctrl
011,134,111.6745317739,stimulus,
011,134,111.7892318718,tap,rctrl
011,135,112.4245798672,stimulus,
011,135,112.6046444418,tap,lctrl
011,136,113.1746254763,stimulus,
011,136,113.4532594697,tap,lctrl
011,137,113.9247314182,stimulus,
011,137,114.0127818388,tap,rctrl
011,138,114.6747183696,stimulus,
011,138,114.8448167396,tap,lctrl
011,139,115.4247688899,stimulus,
011,139,115.5332846220,tap,rctrl
011,140,116.1748398219,stimulus,
011,140,116.3008159336,tap,lctrl
011,141,116.9249073554,stimulus,
011,141,117.1171549116,tap,lctrl
011,142,117.6749507089,stimulus,
011,142,117.7567890709,tap,rctrl
011,143,118.4249944955,stimulus,
011,143,118.5409898644,tap,rctrl
011,144,119.1750440293,stimulus,
011,144,119.2772537916,tap,rctrl
011,145,119.9250891512,stimulus,
011,145,120.2528263398,tap,rctrl
011,146,120.6751450519,stimulus,
011,146,120.7489031437,tap,lctrl
011,147,121.4252032292,stimulus,
011,147,121.5965189376,tap,lctrl
011,148,122.1752497676,stimulus,
011,148,122.3328193152,tap,lctrl
011,149,122.9252855362,stimulus,
011,149,123.0368853175,tap,rctrl
011,150,123.6753570938,stimulus,
011,150,123.8366777018,tap,lctrl
011,151,124.4254266814,stimulus,
011,151,124.4762905621,tap,rctrl
011,152,125.1754705071,stimulus,
011,152,125.2604631607,tap,lctrl
011,153,125.9255301069,stimulus,
011,153,126.0611955258,tap,rctrl
011,154,126.6755803926,stimulus,
011,154,126.7642964860,tap,rctrl
011,155,127.4256340196,stimulus,
011,155,127.5328547754,tap,lctrl
011,156,128.1756956465,stimulus,
011,156,128.2691355865,tap,lctrl
011,157,128.9257346482,stimulus,
011,157,129.0368007184,tap,rctrl
011,158,129.6757858842,stimulus,
011,158,129.8042279415,tap,rctrl
011,159,130.4258484524,stimulus,
011,159,130.4927102056,tap,lctrl
011,160,131.1759162807,stimulus,
011,160,131.1801762376,tap,rctrl
011,161,131.9259534839,stimulus,
011,161,132.0610011390,tap,lctrl
011,162,132.6759968434,stimulus,
011,162,132.8129308480,tap,rctrl
011,163,133.4260363895,stimulus,
011,163,133.5648719463,tap,lctrl
011,164,134.1760931924,stimulus,
011,164,134.3167981276,tap,lctrl
011,165,134.9261243566,stimulus,
011,165,135.0364697414,tap,rctrl
011,166,135.6761620080,stimulus,
011,166,135.7728181153,tap,lctrl
011,167,136.4262075629,stimulus,
011,167,136.4602757053,tap,rctrl
011,168,137.1762449286,stimulus,
011,168,137.3088778491,tap,lctrl
011,169,137.9263076592,stimulus,
011,169,138.0920399447,tap,rctrl
011,170,138.6763614997,stimulus,
011,170,138.8761929196,tap,rctrl
011,171,139.4264143628,stimulus,
011,171,139.5001948091,tap,lctrl
011,172,140.1764681312,stimulus,
011,172,140.2843799127,tap,lctrl
011,173,140.9265239266,stimulus,
011,173,141.1007357025,tap,lctrl
011,174,141.6765922841,stimulus,
011,174,141.8047987906,tap,rctrl
011,175,142.4267667782,stimulus,
011,175,142.6045941221,tap,lctrl
011,176,143.1766618907,stimulus,
011,176,143.3565584952,tap,rctrl
011,177,143.9266997014,stimulus,
011,177,144.1406431284,tap,lctrl
011,178,144.6767517886,stimulus,
011,178,144.8281591835,tap,rctrl
011,179,145.4267939632,stimulus,
011,179,145.6601654532,tap,lctrl
011,180,146.1768477977,stimulus,
011,180,146.2997930562,tap,rctrl
011,181,146.9269060592,stimulus,
011,181,147.0360736597,tap,rctrl
011,182,147.6769597163,stimulus,
011,182,147.7245329919,tap,lctrl
011,183,148.4269997074,stimulus,
011,183,148.4598490707,tap,lctrl
011,184,149.1770486548,stimulus,
011,184,149.1961390004,tap,lctrl
011,184,149.7722875620,tap,rctrl
011,185,149.9270803423,stimulus,
011,185,150.5877421703,tap,lctrl
011,186,150.6771358400,stimulus,
011,186,151.3719031720,tap,rctrl
011,187,151.4271899963,stimulus,
011,188,152.1772643718,stimulus,
011,188,152.2360815445,tap,lctrl
011,189,152.9272912985,stimulus,
011,189,152.9557735760,tap,lctrl
011,189,153.4518588037,tap,rctrl
011,190,153.6773278943,stimulus,
011,191,154.4273848596,stimulus,
011,191,154.4596441397,tap,lctrl
011,192,155.1774591418,stimulus,
011,192,155.2916297782,tap,rctrl
011,193,155.9274852956,stimulus,
011,193,156.1880949462,tap,lctrl
011,194,156.6775254763,stimulus,
011,194,156.7964719403,tap,rctrl
011,195,157.4275667666,stimulus,
011,195,157.6597285271,tap,lctrl
011,196,158.1776124840,stimulus,
011,196,158.3482682008,tap,rctrl
011,197,158.9276666133,stimulus,
011,197,159.0200159735,tap,lctrl
011,197,159.6440359470,tap,rctrl
011,198,159.6777070164,stimulus,
011,199,160.4277443069,stimulus,
011,199,160.5395577056,tap,lctrl
011,200,161.1778076239,stimulus,
011,200,161.3236948671,tap,rctrl
011,201,161.9278526857,stimulus,
011,201,162.0921793924,tap,rctrl
011,202,162.6779091938,stimulus,
011,202,162.8118856552,tap,lctrl
011,203,163.4279681440,stimulus,
011,203,163.5482343418,tap,rctrl
011,204,164.1780135456,stimulus,
011,204,164.3157755600,tap,lctrl
011,205,168.9618295093,probe1,1
011,206,169.7245888096,stimulus,
011,206,170.1397886004,tap,rctrl
011,207,170.4746255618,stimulus,
011,207,170.6837172074,tap,lctrl
011,208,171.2246824789,stimulus,
011,208,171.4034025985,tap,rctrl
011,209,171.9747335947,stimulus,
011,209,172.0596038805,tap,lctrl
011,210,172.7247982471,stimulus,
011,210,172.7636996447,tap,lctrl
011,210,173.4511679924,tap,rctrl
011,211,173.4748575552,stimulus,
011,212,174.2249180182,stimulus,
011,212,174.2519226308,tap,lctrl
011,213,174.9749752030,stimulus,
011,213,175.0195193608,tap,lctrl
011,213,175.7079484950,tap,rctrl
011,214,175.7250117566,stimulus,
011,215,176.4750862133,stimulus,
011,215,176.5233619641,tap,rctrl
011,216,177.2251353833,stimulus,
011,216,177.2596583599,tap,lctrl
011,217,177.9751962974,stimulus,
011,217,178.1717357107,tap,rctrl
011,218,178.7252592836,stimulus,
011,218,178.7312999768,tap,lctrl
011,218,179.4675600604,tap,lctrl
011,219,179.4753112355,stimulus,
011,220,180.2253593678,stimulus,
011,220,180.3632020906,tap,lctrl
011,221,180.9754155903,stimulus,
011,221,181.1154671082,tap,lctrl
011,222,181.7254608415,stimulus,
011,222,181.8190490436,tap,rctrl
011,223,182.4755203782,stimulus,
011,223,182.5231495987,tap,lctrl
011,224,183.2255761465,stimulus,
011,224,183.3551579947,tap,rctrl
011,225,183.9756387508,stimulus,
011,225,184.1549058203,tap,rctrl
011,226,184.7256988799,stimulus,
011,226,184.8911999244,tap,lctrl
011,227,185.4757359899,stimulus,
011,227,185.6431479700,tap,lctrl
011,228,186.2257817073,stimulus,
011,228,186.3316048210,tap,rctrl
011,229,186.9758283660,stimulus,
011,229,187.1792491528,tap,rctrl
011,230,187.7258889643,stimulus,
011,230,187.9155339547,tap,rctrl
011,231,188.4761149914,stimulus,
011,231,188.5229360393,tap,lctrl
011,232,189.2261684620,stimulus,
011,232,189.4027734028,tap,lctrl
011,233,189.9761955541,stimulus,
011,233,190.1234477152,tap,lctrl
011,234,190.7262592080,stimulus,
011,234,190.8910048940,tap,lctrl
011,235,191.4763288708,stimulus,
011,235,191.5950919155,tap,rctrl
011,236,192.2263909157,stimulus,
011,236,192.3471167989,tap,lctrl
011,237,192.9764185281,stimulus,
011,237,193.0832922132,tap,lctrl
011,238,193.7264930811,stimulus,
011,238,193.9475524580,tap,lctrl
011,239,194.4765446600,stimulus,
011,239,194.6193721633,tap,rctrl
011,240,195.2266173002,stimulus,
011,240,195.4191794405,tap,rctrl
011,241,195.9766648281,stimulus,
011,241,196.1867224181,tap,lctrl
011,242,196.7267259708,stimulus,
011,242,196.8751756932,tap,lctrl
011,243,197.4767657484,stimulus,
011,243,197.5792402098,tap,rctrl
011,244,198.2268322804,stimulus,
011,244,198.2989647100,tap,lctrl
011,245,198.9768996365,stimulus,
011,245,199.0508621399,tap,lctrl
011,246,199.7269462892,stimulus,
011,246,199.9307372350,tap,rctrl
011,247,200.4769968065,stimulus,
011,247,200.6192014994,tap,lctrl
011,248,201.2270631852,stimulus,
011,248,201.4189608918,tap,rctrl
011,249,201.9771092664,stimulus,
011,249,202.0751816081,tap,lctrl
011,250,202.7271683851,stimulus,
011,250,202.8906168453,tap,rctrl
011,251,203.4772003854,stimulus,
011,251,203.6425317546,tap,rctrl
011,252,204.2272421209,stimulus,
011,252,204.3310707485,tap,lctrl
011,253,204.9772895585,stimulus,
011,253,205.1151040592,tap,lctrl
011,254,205.7273575552,stimulus,
011,254,205.8348424358,tap,rctrl
011,255,206.4773984125,stimulus,
011,255,206.6824814474,tap,rctrl
011,256,207.2274324910,stimulus,
011,256,207.3230466914,tap,lctrl
011,257,207.9774964095,stimulus,
011,257,208.0905911757,tap,rctrl
011,258,208.7275480155,stimulus,
011,258,208.7790888170,tap,lctrl
011,259,209.4776011884,stimulus,
011,259,209.6745625613,tap,lctrl
011,260,210.2276598048,stimulus,
011,260,210.3786210901,tap,rctrl
011,261,210.9777124874,stimulus,
011,261,211.2105914927,tap,rctrl
011,262,211.7277525387,stimulus,
011,262,211.8668165608,tap,lctrl
011,263,212.4777827195,stimulus,
011,263,212.6822495454,tap,lctrl
011,264,213.2278239257,stimulus,
011,264,213.4029211842,tap,rctrl
011,265,213.9778941509,stimulus,
011,265,214.1704813073,tap,rctrl
011,266,214.7279515673,stimulus,
011,266,214.8423106576,tap,lctrl
011,267,215.4780006982,stimulus,
011,267,215.5942606009,tap,lctrl
011,268,216.2280591341,stimulus,
011,268,216.3305605004,tap,rctrl
011,269,216.9781261594,stimulus,
011,269,217.1303137123,tap,rctrl
011,270,217.7281661505,stimulus,
011,270,217.8822514784,tap,lctrl
011,271,218.4782179821,stimulus,
011,271,218.5863267527,tap,lctrl
011,272,219.2282790135,stimulus,
011,272,219.3548634155,tap,rctrl
011,273,219.9783243760,stimulus,
011,273,220.1546506479,tap,rctrl
011,274,220.7283806976,stimulus,
011,274,220.9221696770,tap,lctrl
011,275,221.4784299548,stimulus,
011,275,221.6741548678,tap,lctrl
011,276,222.2284765804,stimulus,
011,276,222.3303837734,tap,rctrl
011,277,222.9785206196,stimulus,
011,277,223.1467405557,tap,rctrl
011,278,223.7285673445,stimulus,
011,278,223.7864064588,tap,lctrl
011,279,224.4786084544,stimulus,
011,279,224.5861259209,tap,rctrl
011,280,225.2286446321,stimulus,
011,280,225.3224607311,tap,lctrl
011,281,225.9786937960,stimulus,
011,281,226.0587151215,tap,rctrl
011,282,231.8776325442,probe1,1
011,283,232.6394090104,stimulus,
011,283,233.0506856535,tap,rctrl
011,284,233.3894420663,stimulus,
011,284,233.5301374859,tap,lctrl
011,285,234.1395046796,stimulus,
011,285,234.2019922644,tap,rctrl
011,286,234.8895526015,stimulus,
011,286,234.9705589897,tap,lctrl
011,287,235.6396190974,stimulus,
011,287,235.7224614632,tap,rctrl
011,288,236.3896760898,stimulus,
011,288,236.5066372707,tap,rctrl
011,289,237.1397327273,stimulus,
011,289,237.1462336531,tap,lctrl
011,289,237.8181211257,tap,rctrl
011,290,237.8897792266,stimulus,
011,291,238.6398263244,stimulus,
011,291,238.6979178553,tap,lctrl
011,292,239.3898947992,stimulus,
011,292,239.5944143250,tap,rctrl
011,293,240.1399405046,stimulus,
011,293,240.2985900397,tap,lctrl
011,294,240.8899822761,stimulus,
011,294,241.0181683077,tap,lctrl
011,295,241.6400405497,stimulus,
011,295,241.6578421505,tap,rctrl
011,296,242.3901111599,stimulus,
011,296,242.4263354456,tap,rctrl
011,297,243.1401623719,stimulus,
011,297,243.1460287944,tap,lctrl
011,298,243.8902187537,stimulus,
011,298,243.9135646532,tap,lctrl
011,298,244.5863980224,tap,rctrl
011,299,244.6402707056,stimulus,
011,299,245.3383531205,tap,lctrl
011,300,245.3903224619,stimulus,
011,301,246.1403803204,stimulus,
011,301,246.2181674077,tap,rctrl
011,302,246.8904339354,stimulus,
011,302,246.9378874898,tap,lctrl
011,303,247.6404983712,stimulus,
011,303,247.6897967601,tap,lctrl
011,303,248.3782677913,tap,rctrl
011,304,248.3905503893,stimulus,
011,305,249.1405873790,stimulus,
011,305,249.2581132299,tap,rctrl
011,306,249.8906483051,stimulus,
011,306,250.0100687009,tap,lctrl
011,307,250.6407014810,stimulus,
011,307,250.7775859646,tap,lctrl
011,308,251.3907494028,stimulus,
011,308,251.5295450596,tap,lctrl
011,309,252.1407891894,stimulus,
011,309,252.2658161746,tap,lctrl
011,310,252.8908453337,stimulus,
011,310,252.9855260554,tap,lctrl
011,311,253.6409028494,stimulus,
011,311,253.7696767145,tap,rctrl
011,312,254.3909524524,stimulus,
011,312,254.6339400208,tap,rctrl
011,313,255.1409890331,stimulus,
011,313,255.2100534130,tap,rctrl
011,314,255.8910454149,stimulus,
011,314,255.9453851667,tap,rctrl
011,315,256.6411142326,stimulus,
011,315,256.6816878662,tap,rctrl
011,316,257.3911656100,stimulus,
011,316,257.4336288893,tap,rctrl
011,317,258.1412240340,stimulus,
011,317,258.2011671481,tap,rctrl
011,318,258.8912830443,stimulus,
011,318,259.0175229981,tap,lctrl
011,319,259.6413406231,stimulus,
011,319,259.9140014230,tap,rctrl
011,320,260.3914039522,stimulus,
011,320,260.5380031772,tap,lctrl
011,321,261.1414591191,stimulus,
011,321,261.2411087779,tap,rctrl
011,322,261.8915079913,stimulus,
011,322,261.9774523849,tap,rctrl
011,323,262.6415650167,stimulus,
011,323,262.7293311986,tap,lctrl
011,324,263.3916052785,stimulus,
011,324,263.4812657888,tap,lctrl
011,325,264.1416452306,stimulus,
011,325,264.2497851105,tap,lctrl
011,326,264.8916927494,stimulus,
011,326,264.9538631246,tap,lctrl
011,327,265.6417322083,stimulus,
011,327,265.7370615925,tap,lctrl
011,328,266.3917801271,stimulus,
011,328,266.4890315565,tap,lctrl
011,329,267.1418327075,stimulus,
011,329,267.1774299213,tap,rctrl
011,330,267.8919020395,stimulus,
011,330,267.9293483614,tap,lctrl
011,331,268.6419564665,stimulus,
011,331,268.6812833004,tap,lctrl
011,332,269.3920127611,stimulus,
011,332,269.5132991278,tap,lctrl
011,332,270.1372736945,tap,rctrl
011,333,270.1420366984,stimulus,
011,333,270.8892268017,tap,lctrl
011,334,270.8920993147,stimulus,
011,334,271.5610830929,tap,rctrl
011,335,271.6421369300,stimulus,
011,335,272.2495270178,tap,lctrl
011,336,272.3922042349,stimulus,
011,336,273.0336727657,tap,rctrl
011,337,273.1422501899,stimulus,
011,337,273.8168533903,tap,rctrl
011,338,273.8923127160,stimulus,
011,338,274.5209224542,tap,rctrl
011,339,274.6423747669,stimulus,
011,339,275.2249992503,tap,lctrl
011,340,275.3924356991,stimulus,
011,340,276.0091268842,tap,lctrl
011,341,276.1424653235,stimulus,
011,341,276.7610682652,tap,lctrl
011,342,276.8925177385,stimulus,
011,342,277.5452391916,tap,lctrl
011,343,277.6425827247,stimulus,
011,343,278.3127919434,tap,rctrl
011,344,278.3926392810,stimulus,
011,344,279.0490955481,tap,lctrl
011,345,279.1426788029,stimulus,
011,346,279.8927344510,stimulus,
011,346,279.8967144999,tap,rctrl
011,346,280.6174059097,tap,lctrl
011,347,280.6427838405,stimulus,
011,347,281.2893335500,tap,rctrl
011,348,281.3928448718,stimulus,
011,348,282.0411888062,tap,lctrl
011,349,282.1428808901,stimulus,
011,349,282.8565779991,tap,lctrl
011,350,282.8929144423,stimulus,
011,350,283.6407432805,tap,rctrl
011,351,283.6429559793,stimulus,
011,351,284.3448210390,tap,lctrl
011,352,284.3930015433,stimulus,
011,352,285.0811050831,tap,rctrl
011,353,285.1430662558,stimulus,
011,353,285.8008096346,tap,lctrl
011,354,285.8931167641,stimulus,
011,355,286.6431833593,stimulus,
011,355,286.6650461053,tap,rctrl
011,355,287.3525061675,tap,lctrl
011,356,287.3932349863,stimulus,
011,357,288.1432899516,stimulus,
011,357,288.1533351474,tap,rctrl
011,357,288.8729558508,tap,lctrl
011,358,288.8933414102,stimulus,
011,358,289.5448360454,tap,rctrl
011,359,289.6434028416,stimulus,
011,359,290.3924538874,tap,lctrl
011,360,290.3934471034,stimulus,
011,360,291.0164538732,tap,rctrl
011,361,291.1434883847,stimulus,
011,361,291.7849931885,tap,lctrl
011,362,291.8935325021,stimulus,
011,362,292.5212757409,tap,rctrl
011,363,292.6435792811,stimulus,
011,363,293.3210743085,tap,lctrl
011,364,293.3936476477,stimulus,
011,364,294.0407484005,tap,rctrl
011,365,294.1436930794,stimulus,
011,365,294.7771014088,tap,lctrl
011,366,294.8937475545,stimulus,
011,366,295.5612194729,tap,rctrl
011,367,295.6437926583,stimulus,
011,367,296.3610278358,tap,rctrl
011,368,296.3938526010,stimulus,
011,369,302.1388948632,probe1,0
011,370,302.9006633746,stimulus,
011,370,303.2084250269,tap,rctrl
011,371,303.6506780339,stimulus,
011,371,303.6566331105,tap,lctrl
011,372,304.4007354202,stimulus,
011,372,304.4730259042,tap,rctrl
011,373,305.1507986802,stimulus,
011,373,305.1605096291,tap,lctrl
011,373,305.8802101025,tap,lctrl
011,374,305.9008282204,stimulus,
011,374,306.5207855929,tap,rctrl
011,375,306.6508719648,stimulus,
011,375,307.3049547750,tap,rctrl
011,376,307.4009166055,stimulus,
011,376,308.0402516722,tap,lctrl
011,377,308.1509685363,stimulus,
011,377,308.7599891044,tap,rctrl
011,378,308.9010287557,stimulus,
011,378,309.5285233431,tap,lctrl
011,379,309.6510960546,stimulus,
011,379,310.2482194227,tap,rctrl
011,380,310.4011490170,stimulus,
011,380,311.0001363770,tap,rctrl
011,381,311.1511911134,stimulus,
011,381,311.7364711180,tap,lctrl
011,382,311.9012563342,stimulus,
011,382,312.6319372685,tap,rctrl
011,383,312.6513053567,stimulus,
011,383,313.3525889437,tap,rctrl
011,384,313.4013429419,stimulus,
011,385,314.1514182497,stimulus,
011,385,314.1523939593,tap,lctrl
011,386,314.9014846374,stimulus,
011,386,314.9042981319,tap,lctrl
011,386,315.3847445758,tap,rctrl
011,387,315.6515287308,stimulus,
011,388,316.4015740361,stimulus,
011,388,316.4726053327,tap,lctrl
011,389,317.1516323157,stimulus,
011,389,317.3358679554,tap,rctrl
011,390,317.9016762286,stimulus,
011,390,318.1044382567,tap,lctrl
011,391,318.6517200482,stimulus,
011,391,318.8562993775,tap,rctrl
011,392,319.4017582650,stimulus,
011,392,319.6238770251,tap,lctrl
011,393,320.1518127731,stimulus,
011,393,320.3123309408,tap,lctrl
011,394,320.9018572635,stimulus,
011,394,320.9519427606,tap,rctrl
011,395,321.6519002049,stimulus,
011,395,321.6882850413,tap,rctrl
011,395,322.3757248872,tap,lctrl
011,396,322.4019463043,stimulus,
011,396,323.1120392346,tap,lctrl
011,397,323.1520265804,stimulus,
011,398,323.9020686016,stimulus,
011,398,323.9918714944,tap,lctrl
011,399,324.6521301864,stimulus,
011,399,324.7603822839,tap,lctrl
011,400,325.4021696572,stimulus,
011,400,325.5279825296,tap,lctrl
011,401,326.1522059191,stimulus,
011,401,326.3277606374,tap,lctrl
011,402,326.9022522711,stimulus,
011,402,326.9839468009,tap,rctrl
011,403,327.6523140633,stimulus,
011,403,327.7358908736,tap,lctrl
011,404,328.4023509297,stimulus,
011,404,328.4721878047,tap,lctrl
011,405,329.1524061477,stimulus,
011,405,329.1762724954,tap,rctrl
011,406,329.9024594649,stimulus,
011,406,330.0082543565,tap,rctrl
011,407,330.6525091522,stimulus,
011,407,330.7602114877,tap,rctrl
011,408,331.4025575251,stimulus,
011,408,331.4642636045,tap,lctrl
011,409,332.1526064545,stimulus,
011,409,332.1995948740,tap,rctrl
011,409,332.8714503712,tap,lctrl
011,410,332.9026375976,stimulus,
011,411,333.6526894953,stimulus,
011,411,333.6555910274,tap,lctrl
011,412,334.4027528515,stimulus,
011,412,334.5042069515,tap,rctrl
011,413,335.1527989027,stimulus,
011,413,335.2873831251,tap,rctrl
011,414,335.9028359947,stimulus,
011,414,336.0558859809,tap,rctrl
011,415,336.6528767677,stimulus,
011,415,336.7121205887,tap,lctrl
011,416,337.4029340458,stimulus,
011,416,337.4796928830,tap,lctrl
011,416,338.1359401282,tap,rctrl
011,417,338.1529871285,stimulus,
011,418,338.9030607792,stimulus,
011,418,338.9835140101,tap,lctrl
011,418,339.6241568918,tap,rctrl
011,419,339.6531088845,stimulus,
011,420,340.4031561086,stimulus,
011,420,340.4073572033,tap,lctrl
011,420,341.0957834503,tap,rctrl
011,421,341.1531876969,stimulus,
011,421,341.8155114030,tap,lctrl
011,422,341.9032629837,stimulus,
011,422,342.5840212512,tap,rctrl
011,423,342.6532935945,stimulus,
011,424,343.4033438742,stimulus,
011,424,343.4638782985,tap,lctrl
011,425,344.1533810955,stimulus,
011,425,344.1679889287,tap,rctrl
011,425,344.9032643886,tap,lctrl
011,426,344.9034411916,stimulus,
011,426,345.6073326254,tap,rctrl
011,427,345.6534883014,stimulus,
011,427,346.3914796605,tap,lctrl
011,428,346.4035538771,stimulus,
011,429,347.1536055402,stimulus,
011,429,347.1600482204,tap,rctrl
011,430,347.9036661806,stimulus,
011,430,348.0232776167,tap,lctrl
011,430,348.6472786551,tap,rctrl
011,431,348.6537186197,stimulus,
011,432,349.4037616153,stimulus,
011,432,349.5593541052,tap,lctrl
011,433,350.1538202166,stimulus,
011,433,350.1999580703,tap,rctrl
011,433,350.9030269860,tap,rctrl
011,434,350.9040014865,stimulus,
011,434,351.6237337580,tap,lctrl
011,435,351.6540417183,stimulus,
011,435,352.3590572953,tap,lctrl
011,436,352.4040995528,stimulus,
011,436,352.9996651821,tap,rctrl
011,437,353.1541605360,stimulus,
011,437,353.8316840922,tap,lctrl
011,438,353.9041937784,stimulus,
011,438,354.5835938136,tap,rctrl
011,439,354.6542594293,stimulus,
011,440,355.4043049391,stimulus,
011,440,355.4312373304,tap,lctrl
011,441,356.1543599857,stimulus,
011,441,356.1997499304,tap,rctrl
011,442,356.9044225057,stimulus,
011,442,356.9194772635,tap,rctrl
011,442,357.6235369442,tap,lctrl
011,443,360.2237856643,probe1,0
011,444,360.9865415873,stimulus,
011,444,361.4789008911,tap,rctrl
011,445,361.7365483579,stimulus,
011,445,361.9436862206,tap,lctrl
011,446,362.4866130253,stimulus,
011,446,362.5989851934,tap,lctrl
011,447,363.2366704809,stimulus,
011,447,363.2551471558,tap,rctrl
011,447,363.9592386554,tap,rctrl
011,448,363.9867196508,stimulus,
011,448,364.6311040592,tap,lctrl
011,449,364.7367631426,stimulus,
011,449,365.3508282466,tap,rctrl
011,450,365.4868037924,stimulus,
011,450,366.1349250509,tap,lctrl
011,451,366.2368614284,stimulus,
011,451,366.9034748683,tap,rctrl
011,452,366.9868967580,stimulus,
011,453,367.7369548811,stimulus,
011,453,367.8155617467,tap,lctrl
011,454,368.4870175546,stimulus,
011,454,368.4874398631,tap,rctrl
011,454,369.2227355934,tap,lctrl
011,455,369.2370728598,stimulus,
011,455,369.8789504722,tap,rctrl
011,456,369.9871191846,stimulus,
011,456,370.5674332085,tap,lctrl
011,457,370.7371757048,stimulus,
011,457,371.2714689677,tap,rctrl
011,458,371.4872244056,stimulus,
011,458,372.0068413583,tap,lctrl
011,459,372.2372838039,stimulus,
011,459,372.7265351040,tap,rctrl
011,460,372.9873096630,stimulus,
011,460,373.4950474995,tap,lctrl
011,461,373.7373502135,stimulus,
011,461,374.2147587608,tap,rctrl
011,462,374.4874001955,stimulus,
011,462,375.0311357863,tap,lctrl
011,463,375.2374421475,stimulus,
011,463,375.7508460039,tap,rctrl
011,464,375.9875064270,stimulus,
011,464,376.4070491927,tap,lctrl
011,465,376.7375472813,stimulus,
011,465,377.2390465543,tap,rctrl
011,466,377.4876056871,stimulus,
011,467,378.2376695515,stimulus,
011,467,378.5026778272,tap,rctrl
011,468,378.9877279273,stimulus,
011,468,379.1589516374,tap,lctrl
011,469,379.7377865227,stimulus,
011,469,379.8786110469,tap,rctrl
011,470,380.4878462188,stimulus,
011,470,380.6783952809,tap,lctrl
011,471,381.2379061795,stimulus,
011,471,381.4146862121,tap,lctrl
011,472,381.9879596260,stimulus,
011,472,382.0543275170,tap,rctrl
011,472,382.7105277104,tap,rctrl
011,473,382.7380193341,stimulus,
011,473,383.4790774827,tap,lctrl
011,474,383.4880615238,stimulus,
011,474,384.1665897364,tap,rctrl
011,475,384.2381000743,stimulus,
011,475,384.9350818916,tap,lctrl
011,476,384.9881534006,stimulus,
011,476,385.6547982295,tap,rctrl
011,477,385.7382072321,stimulus,
011,477,386.4389424525,tap,rctrl
011,478,386.4882746574,stimulus,
011,478,387.2231344733,tap,lctrl
011,479,387.2383267235,stimulus,
011,479,387.9105786891,tap,rctrl
011,480,387.9883798633,stimulus,
011,481,388.7384531832,stimulus,
011,481,388.8226676938,tap,lctrl
011,482,389.4884943503,stimulus,
011,482,389.5589470944,tap,rctrl
011,482,390.2308010277,tap,rctrl
011,483,390.2385400676,stimulus,
011,483,390.9182767647,tap,lctrl
011,484,390.9885895834,stimulus,
011,484,391.6223379701,tap,lctrl
011,485,391.7386538057,stimulus,
011,485,392.4221608561,tap,lctrl
011,486,392.4886996163,stimulus,
011,486,393.2062520575,tap,lctrl
011,487,393.2387472164,stimulus,
011,487,393.8468716435,tap,rctrl
011,488,393.9888029516,stimulus,
011,488,394.4708845313,tap,lctrl
011,489,394.7388632041,stimulus,
011,489,395.2862799647,tap,rctrl
011,490,395.4889349481,stimulus,
011,490,396.0225802942,tap,lctrl
011,491,396.2389922472,stimulus,
011,491,396.8067601979,tap,lctrl
011,492,396.9890549898,stimulus,
011,492,397.6387309735,tap,rctrl
011,493,397.7390960937,stimulus,
011,493,398.2783578697,tap,lctrl
011,494,398.4891434532,stimulus,
011,494,398.9668100441,tap,rctrl
011,495,399.2391929449,stimulus,
011,495,399.7500033542,tap,lctrl
011,496,399.9892426261,stimulus,
011,496,400.4862929892,tap,rctrl
011,497,400.7393111792,stimulus,
011,497,401.2226103169,tap,lctrl
011,498,401.4893642197,stimulus,
011,498,401.9745795260,tap,rctrl
011,499,402.2394049146,stimulus,
011,499,402.7098757014,tap,lctrl
011,500,402.9894590649,stimulus,
011,500,403.3660956267,tap,rctrl
011,501,403.7395248150,stimulus,
011,501,404.0545482582,tap,lctrl
011,502,404.4895882163,stimulus,
011,502,404.6941813950,tap,rctrl
011,503,405.2396401441,stimulus,
011,503,405.3660196353,tap,lctrl
011,504,405.9896859697,stimulus,
011,504,406.0857226922,tap,rctrl
011,505,406.7397513529,stimulus,
011,505,406.8698703438,tap,lctrl
011,506,407.4898169076,stimulus,
011,506,407.5905483734,tap,rctrl
011,507,408.2398571453,stimulus,
011,507,408.4062036549,tap,lctrl
011,508,408.9898984176,stimulus,
011,508,409.1100142631,tap,rctrl
011,509,409.7399449230,stimulus,
011,509,409.8785508387,tap,lctrl
011,510,410.4899808601,stimulus,
011,510,410.6617590808,tap,rctrl
011,511,411.2400284180,stimulus,
011,511,411.3023225534,tap,lctrl
011,512,411.9900849111,stimulus,
011,512,412.1821843616,tap,rctrl
011,513,412.7401367096,stimulus,
011,513,412.8696640685,tap,lctrl
011,514,413.4902007635,stimulus,
011,514,413.5903508228,tap,rctrl
011,515,414.2402642129,stimulus,
011,515,414.3256636294,tap,lctrl
011,516,414.9903175692,stimulus,
011,516,415.0619915976,tap,rctrl
011,517,415.7403786698,stimulus,
011,517,415.8461230570,tap,lctrl
011,518,416.4904191932,stimulus,
011,518,416.5659391134,tap,lctrl
011,519,417.2404631392,stimulus,
011,519,417.2855485388,tap,rctrl
011,520,417.9905076957,stimulus,
011,520,418.0697012038,tap,lctrl
011,521,418.7405472026,stimulus,
011,521,418.8059847186,tap,rctrl
011,522,419.4906095934,stimulus,
011,522,419.6057667993,tap,lctrl
011,523,420.2406524567,stimulus,
011,523,420.2942253074,tap,rctrl
011,524,420.9906944358,stimulus,
011,524,421.0617629648,tap,rctrl
011,525,421.7407401230,stimulus,
011,525,421.8615533039,tap,lctrl
011,526,422.4907991485,stimulus,
011,526,422.5978559101,tap,lctrl
011,527,423.2408392569,stimulus,
011,527,423.3497496980,tap,rctrl
011,528,423.9908772000,stimulus,
011,528,424.0538209242,tap,lctrl
011,529,424.7409463335,stimulus,
011,529,424.7735494724,tap,lctrl
011,530,425.4910104716,stimulus,
011,530,425.5899173643,tap,rctrl
011,531,426.2410791329,stimulus,
011,531,426.3096893944,tap,rctrl
011,532,426.9911182038,stimulus,
011,532,427.0136794190,tap,rctrl
011,533,427.7411603663,stimulus,
011,533,427.9101493238,tap,rctrl
011,534,428.4912219300,stimulus,
011,534,428.7255765852,tap,rctrl
011,535,429.2412874786,stimulus,
011,535,429.4296756275,tap,lctrl
011,536,429.9913400891,stimulus,
011,536,430.1337132483,tap,rctrl
011,537,430.7414008829,stimulus,
011,537,430.8211826697,tap,lctrl
011,538,431.4914382846,stimulus,
011,538,431.5252501276,tap,rctrl
011,539,432.2415023806,stimulus,
011,539,432.2459411615,tap,rctrl
011,540,432.9915662270,stimulus,
011,540,433.0940557709,tap,lctrl
011,541,433.7416042272,stimulus,
011,541,433.8298842198,tap,lctrl
011,542,434.4916647594,stimulus,
011,542,434.5974689651,tap,rctrl
011,543,435.2417197939,stimulus,
011,543,435.2692741474,tap,rctrl
011,544,435.9917613188,stimulus,
011,544,436.0534365025,tap,lctrl
011,545,436.7418211953,stimulus,
011,545,436.8532466729,tap,rctrl
011,546,437.4918573159,stimulus,
011,546,437.6695689685,tap,lctrl
011,547,438.2418944920,stimulus,
011,547,438.3570601489,tap,lctrl
011,548,438.9919521340,stimulus,
011,548,439.0132796382,tap,rctrl
011,548,439.7017725938,tap,lctrl
011,549,442.9924073438,probe1,2
011,550,443.7541934128,stimulus,
011,550,443.7544710020,tap,rctrl
011,550,444.4691980000,tap,lctrl
011,551,444.5041888904,stimulus,
011,551,445.2376846606,tap,rctrl
011,552,445.2542380634,stimulus,
011,553,446.0043122645,stimulus,
011,553,446.0696887439,tap,lctrl
011,554,446.7543684358,stimulus,
011,554,446.8851472920,tap,rctrl
011,555,447.5044118193,stimulus,
011,555,447.5569757130,tap,lctrl
011,556,448.2544669591,stimulus,
011,556,448.3088619010,tap,rctrl
011,557,449.0045234793,stimulus,
011,557,449.0295652264,tap,lctrl
011,558,449.7545795273,stimulus,
011,558,449.8772118589,tap,rctrl
011,559,450.5046233680,stimulus,
011,559,450.6613247682,tap,rctrl
011,560,451.2546752146,stimulus,
011,560,451.3810508172,tap,lctrl
011,561,452.0047189621,stimulus,
011,561,452.1495555226,tap,lctrl
011,562,452.7547833408,stimulus,
011,562,452.8047932783,tap,rctrl
011,563,453.5048400835,stimulus,
011,563,453.5733356673,tap,lctrl
011,564,454.2548821558,stimulus,
011,564,454.2774073296,tap,rctrl
011,565,455.0049310762,stimulus,
011,565,455.0127784481,tap,lctrl
011,566,455.7549906158,stimulus,
011,566,455.7812729010,tap,rctrl
011,567,456.5050468684,stimulus,
011,567,456.5488313580,tap,lctrl
011,568,457.2551088471,stimulus,
011,568,457.2851017843,tap,lctrl
011,569,458.0051599539,stimulus,
011,569,458.1005308833,tap,lctrl
011,569,458.7411179945,tap,rctrl
011,570,458.7552045464,stimulus,
011,571,459.5052772799,stimulus,
011,571,459.5565231300,tap,rctrl
011,572,460.2553268408,stimulus,
011,572,460.3085084591,tap,lctrl
011,572,460.9968919701,tap,rctrl
011,573,461.0053832497,stimulus,
011,574,461.7554430420,stimulus,
011,574,461.7810976297,tap,rctrl
011,574,462.5007980099,tap,rctrl
011,575,462.5054842993,stimulus,
011,576,463.2555425879,stimulus,
011,576,463.2849001044,tap,rctrl
011,577,464.0056076613,stimulus,
011,577,464.0846583900,tap,rctrl
011,578,464.7556534659,stimulus,
011,578,464.8366161076,tap,rctrl
011,579,465.5057045847,stimulus,
011,579,465.5407141183,tap,lctrl
011,580,466.2557645394,stimulus,
011,580,466.3570785245,tap,lctrl
011,581,467.0058296579,stimulus,
011,581,467.1089917346,tap,rctrl
011,582,467.7558790294,stimulus,
011,582,467.8130567836,tap,rctrl
011,583,468.5059306955,stimulus,
011,583,468.5962736692,tap,lctrl
011,584,469.2559774775,stimulus,
011,584,469.3169239339,tap,lctrl
011,585,470.0060164521,stimulus,
011,585,470.1167308953,tap,lctrl
011,586,470.7560774835,stimulus,
011,586,470.8364060068,tap,rctrl
011,587,471.5061415855,stimulus,
011,587,471.5406538345,tap,rctrl
011,587,472.2289466312,tap,rctrl
011,588,472.2562007673,stimulus,
011,588,472.9964674949,tap,lctrl
011,589,473.0062582830,stimulus,
011,589,473.7161759983,tap,rctrl
011,590,473.7563016906,stimulus,
011,591,474.5063627671,stimulus,
011,591,474.5169591925,tap,lctrl
011,591,475.2366442858,tap,rctrl
011,592,475.2564131822,stimulus,
011,593,476.0064687279,stimulus,
011,593,476.0208150017,tap,lctrl
011,593,476.7405827702,tap,lctrl
011,594,476.7565115702,stimulus,
011,594,477.4445829812,tap,rctrl
011,595,477.5065642047,stimulus,
011,595,478.2443737925,tap,rctrl
011,596,478.2566003132,stimulus,
011,596,478.9962729216,tap,lctrl
011,597,479.0066584815,stimulus,
011,598,479.7567248962,stimulus,
011,598,479.7648535746,tap,rctrl
011,599,480.5067757925,stimulus,
011,599,480.5323530221,tap,lctrl
011,599,481.2364738174,tap,rctrl
011,600,481.2568361893,stimulus,
011,600,481.9561358103,tap,lctrl
011,601,482.0068868239,stimulus,
011,601,482.7403130314,tap,lctrl
011,602,482.7569225925,stimulus,
011,603,483.5069859427,stimulus,
011,603,483.5400547819,tap,lctrl
011,604,484.2570243910,stimulus,
011,604,484.3408349236,tap,lctrl
011,604,484.9648183984,tap,rctrl
011,605,485.0070641776,stimulus,
011,606,485.7571389351,stimulus,
011,606,485.8925147860,tap,rctrl
011,607,486.5071948989,stimulus,
011,607,486.5643668697,tap,lctrl
011,608,487.2572531484,stimulus,
011,608,487.3485291467,tap,rctrl
011,609,488.0072908148,stimulus,
011,609,488.1160850924,tap,lctrl
011,610,488.7573313412,stimulus,
011,610,488.7879195795,tap,rctrl
011,610,489.4920019815,tap,lctrl
011,611,489.5073673686,stimulus,
011,611,490.2439505113,tap,rctrl
011,612,490.2574178678,stimulus,
011,613,491.0074905170,stimulus,
011,613,491.1882593231,tap,lctrl
011,614,491.7575620595,stimulus,
011,614,491.8601518573,tap,rctrl
011,615,492.5075957260,stimulus,
011,615,492.7399324218,tap,lctrl
011,616,493.2576332480,stimulus,
011,616,493.3317167477,tap,rctrl
011,616,493.9879284206,tap,lctrl
011,617,494.0076820600,stimulus,
011,617,494.7564873386,tap,rctrl
011,618,494.7577453711,stimulus,
011,619,495.5077884900,stimulus,
011,619,495.5885205161,tap,lctrl
011,620,496.2578283909,stimulus,
011,620,496.3882860316,tap,rctrl
011,621,497.0078841803,stimulus,
011,621,497.1401814736,tap,lctrl
011,622,500.6163976989,probe1,0
011,623,501.3781811483,stimulus,
011,623,501.7162410347,tap,rctrl
011,624,502.1281910768,stimulus,
011,624,502.2601334619,tap,lctrl
011,625,502.8782448783,stimulus,
011,625,502.9954207713,tap,rctrl
011,626,503.6282834619,stimulus,
011,626,503.7483584179,tap,lctrl
011,627,504.3783427129,stimulus,
011,627,504.4680534238,tap,rctrl
011,628,505.1283852333,stimulus,
011,628,505.2043636840,tap,lctrl
011,629,505.8784221719,stimulus,
011,629,505.9396630021,tap,lctrl
011,630,506.6284783763,stimulus,
011,630,506.7082061249,tap,lctrl
011,631,507.3785285026,stimulus,
011,631,507.4436302379,tap,rctrl
011,632,508.1285599195,stimulus,
011,632,508.2120947034,tap,lctrl
011,633,508.8786063286,stimulus,
011,633,508.9795989208,tap,rctrl
011,634,509.6286590082,stimulus,
011,634,509.6993640096,tap,lctrl
011,635,510.3786931138,stimulus,
011,635,510.4678922966,tap,lctrl
011,636,511.1287645720,stimulus,
011,636,511.2041497878,tap,rctrl
011,637,511.8788146111,stimulus,
011,637,511.9717362473,tap,rctrl
011,638,512.6288643826,stimulus,
011,638,512.7080065021,tap,lctrl
011,639,513.3789152577,stimulus,
011,639,513.5078057675,tap,lctrl
011,640,514.1289730651,stimulus,
011,640,514.2919477590,tap,rctrl
011,641,514.8790240606,stimulus,
011,641,515.0116941324,tap,lctrl
011,642,515.6290637119,stimulus,
011,642,515.7479975927,tap,rctrl
011,643,516.3790995137,stimulus,
011,643,516.4834204607,tap,rctrl
011,644,517.1291644878,stimulus,
011,644,517.2674257568,tap,rctrl
011,645,517.8792314680,stimulus,
011,645,517.9714895095,tap,rctrl
011,646,518.6292710170,stimulus,
011,646,518.7879272197,tap,rctrl
011,647,519.3793029331,stimulus,
011,647,519.5231959219,tap,lctrl
011,648,520.1293770410,stimulus,
011,648,520.2751334112,tap,rctrl
011,649,520.8794164848,stimulus,
011,649,520.9479883800,tap,lctrl
011,650,521.6294854799,stimulus,
011,650,521.7155181789,tap,rctrl
011,651,522.3795215764,stimulus,
011,651,522.4196183099,tap,lctrl
011,652,523.1295809146,stimulus,
011,652,523.2037486325,tap,rctrl
011,653,523.8796375070,stimulus,
011,653,524.0836206390,tap,rctrl
011,654,524.6297063548,stimulus,
011,654,524.8199380449,tap,lctrl
011,655,525.3797308515,stimulus,
011,655,525.4751416448,tap,lctrl
011,656,526.1297847672,stimulus,
011,656,526.2749486484,tap,rctrl
011,657,526.8798279222,stimulus,
011,657,526.9790195468,tap,lctrl
011,658,527.6298885385,stimulus,
011,658,527.7309233706,tap,lctrl
011,659,528.3799333507,stimulus,
011,659,528.5150847844,tap,rctrl
011,660,529.1299858439,stimulus,
011,660,529.2836026745,tap,rctrl
011,661,529.8800328514,stimulus,
011,661,530.0833900573,tap,rctrl
011,662,530.6300876213,stimulus,
011,662,530.7708478097,tap,lctrl
011,663,531.3801393596,stimulus,
011,663,531.4436793473,tap,rctrl
011,664,532.1302004932,stimulus,
011,664,532.1790057988,tap,lctrl
011,665,532.8802492842,stimulus,
011,665,532.9309290719,tap,rctrl
011,666,533.6303102976,stimulus,
011,666,533.6994497229,tap,rctrl
011,667,534.3803720538,stimulus,
011,667,534.4836278341,tap,rctrl
011,668,535.1304404053,stimulus,
011,668,535.2834333971,tap,lctrl
011,669,535.8809423615,stimulus,
011,669,536.0031388208,tap,rctrl
011,670,536.6305344475,stimulus,
011,670,536.7228319982,tap,rctrl
011,671,537.3805797829,stimulus,
011,671,537.4268865330,tap,lctrl
011,672,538.1306406579,stimulus,
011,672,538.2266880148,tap,lctrl
011,673,538.8807076351,stimulus,
011,673,538.9473883989,tap,rctrl
011,674,539.6307704379,stimulus,
011,674,539.6514317881,tap,rctrl
011,675,540.3808167928,stimulus,
011,675,540.4345772253,tap,rctrl
011,675,541.1230420401,tap,lctrl
011,676,541.1308643628,stimulus,
011,676,541.8427663989,tap,lctrl
011,677,541.8809199868,stimulus,
011,678,542.6309801881,stimulus,
011,678,542.7225838710,tap,lctrl
011,679,543.3810443924,stimulus,
011,679,543.4432472602,tap,lctrl
011,679,544.1307523261,tap,rctrl
011,680,544.1310948074,stimulus,
011,680,544.8348342950,tap,rctrl
011,681,544.8811604613,stimulus,
011,682,545.6312311316,stimulus,
011,682,545.6824501731,tap,lctrl
011,683,549.2407086877,probe1,0
011,684,550.0034447434,stimulus,
011,684,550.3551827255,tap,rctrl
011,685,550.7534705303,stimulus,
011,685,550.8348042362,tap,lctrl
011,686,551.5035120101,stimulus,
011,686,551.5387253328,tap,rctrl
011,686,552.2105746226,tap,lctrl
011,687,552.2535866473,stimulus,
011,687,552.9792071604,tap,rctrl
011,688,553.0036178807,stimulus,
011,688,553.7310269194,tap,lctrl
011,689,553.7536603380,stimulus,
011,690,554.5037049997,stimulus,
011,690,554.5307636264,tap,rctrl
011,691,555.2537513968,stimulus,
011,691,555.2671145686,tap,rctrl
011,692,556.0037873068,stimulus,
011,692,556.1792072965,tap,lctrl
011,693,556.7538421729,stimulus,
011,693,556.9311417604,tap,lctrl
011,694,557.5038980645,stimulus,
011,694,557.5062695576,tap,rctrl
011,695,558.2539765723,stimulus,
011,695,558.3226928740,tap,lctrl
011,696,559.0040304128,stimulus,
011,696,559.1067977083,tap,lctrl
011,696,559.7464336450,tap,rctrl
011,697,559.7540615830,stimulus,
011,698,560.5041265452,stimulus,
011,698,560.5627970888,tap,rctrl
011,699,561.2541739738,stimulus,
011,699,561.3303800386,tap,rctrl
011,700,562.0042089906,stimulus,
011,700,562.1145035763,tap,lctrl
011,701,562.7542519742,stimulus,
011,701,562.7863492812,tap,rctrl
011,702,563.5043045396,stimulus,
011,702,563.5548599324,tap,lctrl
011,703,564.2543685995,stimulus,
011,703,564.2901913342,tap,lctrl
011,704,565.0044072342,stimulus,
011,704,565.0587391577,tap,lctrl
011,704,565.7306352918,tap,rctrl
011,705,565.7544620642,stimulus,
011,706,566.5045021336,stimulus,
011,706,566.6426787153,tap,rctrl
011,707,567.2545566568,stimulus,
011,707,567.3301683138,tap,rctrl
011,708,568.0045891022,stimulus,
011,708,568.0986699966,tap,lctrl
011,709,568.7546218694,stimulus,
011,709,568.8340170794,tap,lctrl
011,710,569.5046925819,stimulus,
011,710,569.5224460091,tap,rctrl
011,711,570.2547690867,stimulus,
011,711,570.2900214643,tap,lctrl
011,712,571.0047994780,stimulus,
011,712,571.0741700001,tap,rctrl
011,713,571.7548489848,stimulus,
011,713,571.8426656350,tap,rctrl
011,714,572.5048782332,stimulus,
011,714,572.7059485341,tap,rctrl
011,715,573.2549500223,stimulus,
011,715,573.3465264365,tap,lctrl
011,716,574.0049955653,stimulus,
011,716,574.0183981650,tap,rctrl
011,716,574.7381129991,tap,lctrl
011,717,574.7550428465,stimulus,
011,718,575.5050878992,stimulus,
011,718,575.5866931645,tap,lctrl
011,719,576.2551296859,stimulus,
011,719,576.3542462952,tap,lctrl
011,720,577.0051853399,stimulus,
011,720,577.1217939253,tap,rctrl
011,721,577.7552226123,stimulus,
011,721,577.8102529538,tap,lctrl
011,722,578.5052858391,stimulus,
011,722,578.5944250350,tap,rctrl
011,723,579.2553262363,stimulus,
011,723,579.3297474716,tap,lctrl
011,723,579.9703075518,tap,rctrl
011,724,580.0053793520,stimulus,
011,725,580.7554470149,stimulus,
011,725,580.8824513014,tap,rctrl
011,726,581.5054934089,stimulus,
011,726,581.6499610585,tap,lctrl
011,727,582.2555441879,stimulus,
011,727,582.3384365888,tap,lctrl
011,728,583.0055898751,stimulus,
011,728,583.1215716654,tap,rctrl
011,729,583.7556408526,stimulus,
011,729,583.8422664075,tap,lctrl
011,730,584.5056856557,stimulus,
011,730,584.6743103968,tap,lctrl
011,731,585.2557376165,stimulus,
011,731,585.2816904277,tap,lctrl
011,732,586.0057819836,stimulus,
011,732,586.1781284652,tap,lctrl
011,733,586.7558311054,stimulus,
011,733,586.8343747210,tap,rctrl
011,734,587.5058664620,stimulus,
011,734,587.5863101231,tap,rctrl
011,735,588.2559229010,stimulus,
011,735,588.3694471274,tap,lctrl
011,736,589.0059845820,stimulus,
011,736,589.0901140204,tap,lctrl
011,737,589.7560253942,stimulus,
011,737,589.8420542135,tap,rctrl
011,738,590.5060704319,stimulus,
011,738,590.6096080510,tap,lctrl
011,739,591.2561384075,stimulus,
011,739,591.3137116707,tap,rctrl
011,740,592.0061810813,stimulus,
011,740,592.0978959713,tap,lctrl
011,741,592.7562288377,stimulus,
011,741,592.7697058242,tap,rctrl
011,741,593.5059799948,tap,lctrl
011,742,593.5062579178,stimulus,
011,743,594.2563262333,stimulus,
011,743,594.2735347075,tap,lctrl
011,744,595.0063888797,stimulus,
011,744,595.0254911860,tap,rctrl
011,745,595.7564462329,stimulus,
011,745,595.8897032090,tap,rctrl
011,746,596.5064784137,stimulus,
011,746,596.5938082482,tap,lctrl
011,747,597.2565351805,stimulus,
011,747,597.3613688856,tap,lctrl
011,748,598.0065894391,stimulus,
011,748,598.0341777168,tap,rctrl
011,749,598.7566280498,stimulus,
011,749,598.8173596046,tap,lctrl
011,750,599.5066649703,stimulus,
011,750,599.5536383194,tap,rctrl
011,751,600.2567357218,stimulus,
011,751,600.3055998355,tap,lctrl
011,752,601.0067901819,stimulus,
011,752,601.1219862082,tap,rctrl
011,753,601.7568367805,stimulus,
011,753,601.8572868677,tap,lctrl
011,754,602.5069036554,stimulus,
011,754,602.5290946725,tap,rctrl
011,755,603.2569582357,stimulus,
011,755,603.3298639903,tap,rctrl
011,756,604.0070008163,stimulus,
011,756,604.1453993311,tap,lctrl
011,757,604.7570342752,stimulus,
011,757,604.9294394837,tap,lctrl
011,758,605.5070883804,stimulus,
011,758,605.6012874984,tap,rctrl
011,759,606.2571352015,stimulus,
011,759,606.3698011059,tap,rctrl
011,760,607.0071624170,stimulus,
011,760,607.1217468447,tap,lctrl
011,761,607.7572236679,stimulus,
011,761,607.8414354537,tap,lctrl
011,762,608.5072717702,stimulus,
011,762,608.5777298826,tap,rctrl
011,763,609.2573367293,stimulus,
011,763,609.3296743854,tap,rctrl
011,764,610.0073889007,stimulus,
011,764,610.1138129755,tap,lctrl
011,765,610.7574257641,stimulus,
011,765,610.8657427237,tap,lctrl
011,766,611.5074720649,stimulus,
011,766,611.5211262904,tap,rctrl
011,767,612.2575307324,stimulus,
011,767,612.3051919134,tap,lctrl
011,768,613.0075713642,stimulus,
011,768,613.0092440633,tap,rctrl
011,768,613.7455379508,tap,lctrl
011,769,617.0469483081,probe1,0
011,770,617.8087323260,stimulus,
011,770,617.9856342692,tap,rctrl
011,771,618.5587591204,stimulus,
011,771,618.6252891529,tap,lctrl
011,772,619.3088343289,stimulus,
011,772,619.3615964056,tap,rctrl
011,772,620.0335235979,tap,rctrl
011,773,620.0588931348,stimulus,
011,774,620.8089540579,stimulus,
011,774,620.8810405033,tap,lctrl
011,775,621.5589919739,stimulus,
011,775,621.5851340630,tap,lctrl
011,776,622.3090297396,stimulus,
011,776,622.3849093799,tap,rctrl
011,777,623.0590608015,stimulus,
011,777,623.1368099646,tap,lctrl
011,778,623.8091119444,stimulus,
011,778,623.8252648066,tap,rctrl
011,779,624.5591462394,stimulus,
011,779,624.5615793494,tap,rctrl
011,780,625.3092095655,stimulus,
011,780,625.3769759046,tap,lctrl
011,781,626.0592719081,stimulus,
011,781,626.0966916289,tap,rctrl
011,782,626.8093212675,stimulus,
011,782,626.9931151645,tap,lctrl
011,783,627.5593847530,stimulus,
011,783,627.6171430446,tap,rctrl
011,784,628.3094303410,stimulus,
011,784,628.3690576471,tap,rctrl
011,785,629.0594930566,stimulus,
011,785,629.2645591174,tap,lctrl
011,786,629.8095505031,stimulus,
011,786,629.8573521267,tap,rctrl
011,786,630.5447603191,tap,lctrl
011,787,630.5596157269,stimulus,
011,787,631.2332092093,tap,lctrl
011,788,631.3096407048,stimulus,
011,788,632.0174251575,tap,rctrl
011,789,632.0596836463,stimulus,
011,790,632.8097165518,stimulus,
011,790,632.8171445745,tap,rctrl
011,791,633.5597540107,stimulus,
011,791,633.6325470785,tap,lctrl
011,792,634.3098017370,stimulus,
011,792,634.3844662012,tap,rctrl
011,793,635.0598494724,stimulus,
011,793,635.1051810482,tap,lctrl
011,794,635.8099021190,stimulus,
011,794,635.8570895516,tap,lctrl
011,795,636.5599457311,stimulus,
011,795,636.7525605893,tap,rctrl
011,796,637.3099928590,stimulus,
011,796,637.4410050225,tap,rctrl
011,797,638.0600454304,stimulus,
011,797,638.1450848802,tap,lctrl
011,798,638.8100989431,stimulus,
011,798,638.8491543832,tap,rctrl
011,799,639.5601531325,stimulus,
011,799,639.5844949698,tap,lctrl
011,799,640.3051742655,tap,rctrl
