# {'date': u'2018_apr_27_1204', 'frameRate': 99.78211289207178, 'expName': u'RNGT_HDtDCS', u'session': u'baseline', u'participant': u'046'}
subj,trial,time,stimulus,response
046,0,0.0001084261,stimulus,
046,0,0.5021168884,tap,lctrl
046,1,0.7501459180,stimulus,
046,1,1.1260805102,tap,rctrl
046,2,1.5002200832,stimulus,
046,2,1.7501040021,tap,rctrl
046,3,2.2502845131,stimulus,
046,3,2.3262498754,tap,rctrl
046,3,2.9824579991,tap,lctrl
046,4,3.0003458363,stimulus,
046,4,3.6378632123,tap,lctrl
046,5,3.7504045551,stimulus,
046,5,4.3262456340,tap,lctrl
046,6,4.5004466123,stimulus,
046,6,5.0937782356,tap,lctrl
046,7,5.2504896409,stimulus,
046,8,6.0005516378,stimulus,
046,8,6.1015539759,tap,lctrl
046,9,6.7506052769,stimulus,
046,9,6.7743954574,tap,lctrl
046,10,7.5006661580,stimulus,
046,10,7.5419345612,tap,rctrl
046,10,8.2459919219,tap,lctrl
046,11,8.2506992408,stimulus,
046,11,8.9501017783,tap,rctrl
046,12,9.0007634242,stimulus,
046,12,9.6063060885,tap,rctrl
046,13,9.7508011175,stimulus,
046,14,10.5008413281,stimulus,
046,14,10.5184261093,tap,rctrl
046,15,11.2508885763,stimulus,
046,15,11.2703412151,tap,rctrl
046,16,12.0009344710,stimulus,
046,16,12.0056813626,tap,rctrl
046,16,12.7419999738,tap,rctrl
046,17,12.7509813914,stimulus,
046,18,13.5010489641,stimulus,
046,18,13.6062089237,tap,lctrl
046,19,14.2511169219,stimulus,
046,19,14.2781116283,tap,lctrl
046,20,15.0011741489,stimulus,
046,20,15.0133974273,tap,rctrl
046,21,15.7512161941,stimulus,
046,21,15.8776632609,tap,rctrl
046,22,16.5012711564,stimulus,
046,22,16.7096587673,tap,lctrl
046,23,17.2513224857,stimulus,
046,23,17.3502618431,tap,lctrl
046,24,18.0013674963,stimulus,
046,24,18.1022130779,tap,lctrl
046,25,18.7514220827,stimulus,
046,25,18.8853994788,tap,lctrl
046,26,19.5014726933,stimulus,
046,26,19.5738142370,tap,rctrl
046,27,20.2515369428,stimulus,
046,27,20.3257529005,tap,rctrl
046,28,21.0015954900,stimulus,
046,28,21.1255497392,tap,lctrl
046,29,21.7516479381,stimulus,
046,29,21.7974049555,tap,lctrl
046,30,22.5016850931,stimulus,
046,30,22.5493300401,tap,lctrl
046,31,23.2517284556,stimulus,
046,31,23.2534128682,tap,rctrl
046,32,24.0017689640,stimulus,
046,32,24.0219427485,tap,rctrl
046,33,24.7518393307,stimulus,
046,33,24.7895251723,tap,rctrl
046,33,25.4936108545,tap,rctrl
046,34,25.5018892134,stimulus,
046,35,26.2519405548,stimulus,
046,35,26.3578325772,tap,rctrl
046,36,27.0019815503,stimulus,
046,36,27.0941425659,tap,lctrl
046,37,27.7520197038,stimulus,
046,37,27.8294710052,tap,lctrl
046,38,28.5020855202,stimulus,
046,38,28.5335601941,tap,rctrl
046,39,29.2521402931,stimulus,
046,39,29.3333132527,tap,rctrl
046,40,30.0021875533,stimulus,
046,40,30.0852674018,tap,rctrl
046,41,30.7522364886,stimulus,
046,41,30.8216121962,tap,rctrl
046,42,31.5022800165,stimulus,
046,42,31.6692209820,tap,lctrl
046,43,32.2523393728,stimulus,
046,43,32.3098297780,tap,rctrl
046,44,33.0024031622,stimulus,
046,44,33.0295530432,tap,rctrl
046,45,33.7524800131,stimulus,
046,45,33.8459377814,tap,lctrl
046,46,34.5025119861,stimulus,
046,46,34.5177688054,tap,lctrl
046,47,35.2525688613,stimulus,
046,47,35.2697054689,tap,lctrl
046,48,36.0026360371,stimulus,
046,48,36.1818152974,tap,lctrl
046,49,36.7526915468,stimulus,
046,49,36.8380267143,tap,lctrl
046,50,37.5027362747,stimulus,
046,50,37.6055928314,tap,rctrl
046,51,38.2528164218,stimulus,
046,51,38.3096612867,tap,rctrl
046,52,39.0028349183,stimulus,
046,52,39.1250915339,tap,rctrl
046,53,39.7528926536,stimulus,
046,53,39.8135395971,tap,rctrl
046,53,40.5009970673,tap,lctrl
046,54,40.5029458535,stimulus,
046,55,41.2529835228,stimulus,
046,55,41.2851853664,tap,rctrl
046,56,42.0030283860,stimulus,
046,56,42.0693398373,tap,lctrl
046,57,42.7530661515,stimulus,
046,57,42.7733846987,tap,lctrl
046,58,43.5031266778,stimulus,
046,58,43.5097185489,tap,lctrl
046,59,44.2531877243,stimulus,
046,59,44.2938892633,tap,lctrl
046,60,45.0032440761,stimulus,
046,60,45.0135783362,tap,lctrl
046,61,45.7532929393,stimulus,
046,61,45.8455946183,tap,lctrl
046,62,46.5033480731,stimulus,
046,62,46.5653030474,tap,rctrl
046,63,47.2534011016,stimulus,
046,63,47.3172129382,tap,rctrl
046,64,48.0034367829,stimulus,
046,64,48.0535640244,tap,lctrl
046,65,48.7534894055,stimulus,
046,65,48.8377312109,tap,rctrl
046,66,49.5035438716,stimulus,
046,66,49.5730351842,tap,rctrl
046,67,50.2535854235,stimulus,
046,67,50.3415809471,tap,rctrl
046,68,51.0036384882,stimulus,
046,68,51.0768972211,tap,rctrl
046,69,51.7537130865,stimulus,
046,69,51.8132151917,tap,rctrl
046,70,52.5037788307,stimulus,
046,70,52.5973606040,tap,lctrl
046,71,53.2538180368,stimulus,
046,71,53.2693161442,tap,lctrl
046,72,54.0038614173,stimulus,
046,72,54.0377703410,tap,rctrl
046,72,54.6931728655,tap,rctrl
046,73,54.7539072489,stimulus,
046,73,55.4927999673,tap,rctrl
046,74,55.5039529482,stimulus,
046,75,56.2540104248,stimulus,
046,75,56.3736571471,tap,rctrl
046,76,57.0040465242,stimulus,
046,76,57.0777235573,tap,lctrl
046,77,57.7540925543,stimulus,
046,77,57.7974156256,tap,rctrl
046,78,58.5041569752,stimulus,
046,78,58.5493470531,tap,rctrl
046,79,59.2542032790,stimulus,
046,79,59.3169234619,tap,lctrl
046,80,60.0042713180,stimulus,
046,80,60.0854345544,tap,lctrl
046,81,60.7543084008,stimulus,
046,81,60.8530057001,tap,lctrl
046,82,61.5043442144,stimulus,
046,82,61.6371531755,tap,lctrl
046,83,62.2544155616,stimulus,
046,83,62.3256251332,tap,rctrl
046,84,63.0044739856,stimulus,
046,84,63.0775563351,tap,rctrl
046,85,63.7545169782,stimulus,
046,85,63.7972651281,tap,lctrl
046,86,64.5045703075,stimulus,
046,86,64.5492068292,tap,lctrl
046,87,65.2546165992,stimulus,
046,87,65.3011531467,tap,lctrl
046,88,66.0046809389,stimulus,
046,88,66.1331695010,tap,rctrl
046,89,66.7547426200,stimulus,
046,89,66.8694754477,tap,rctrl
046,90,67.5048024936,stimulus,
046,90,67.5735289106,tap,rctrl
046,91,68.2548660935,stimulus,
046,91,68.3411139329,tap,lctrl
046,92,69.0049334528,stimulus,
046,92,69.0774179307,tap,lctrl
046,93,69.7549714679,stimulus,
046,93,69.7970988623,tap,lctrl
046,94,70.5050157507,stimulus,
046,94,70.5334545980,tap,rctrl
046,94,71.2531383627,tap,rctrl
046,95,71.2550748423,stimulus,
046,96,72.0051172424,stimulus,
046,96,72.0207078693,tap,rctrl
046,97,76.1531544829,probe1,0
046,98,76.9149264664,stimulus,
046,98,77.2686334992,tap,rctrl
046,99,77.6649357599,stimulus,
046,99,77.7490183186,tap,lctrl
046,100,78.4149896486,stimulus,
046,100,78.5166191844,tap,lctrl
046,101,79.1650661477,stimulus,
046,101,79.2207053628,tap,lctrl
046,102,79.9151264994,stimulus,
046,102,79.9569963803,tap,rctrl
046,103,80.6651643041,stimulus,
046,103,80.6932823572,tap,rctrl
046,103,81.3964265828,tap,lctrl
046,104,81.4151975012,stimulus,
046,105,82.1652563643,stimulus,
046,105,82.2127995287,tap,rctrl
046,106,82.9153086530,stimulus,
046,106,82.9325170735,tap,lctrl
046,107,83.6653613868,stimulus,
046,107,83.7645091754,tap,lctrl
046,108,84.4154163040,stimulus,
046,108,84.5330303731,tap,lctrl
046,109,85.1654699070,stimulus,
046,109,85.2683710860,tap,lctrl
046,110,85.9155314588,stimulus,
046,110,85.9890881260,tap,lctrl
046,111,86.6655681627,stimulus,
046,111,86.6931341333,tap,lctrl
046,111,87.4128504541,tap,rctrl
046,112,87.4156143913,stimulus,
046,113,88.1656815370,stimulus,
046,113,88.1804275607,tap,rctrl
046,114,88.9157483850,stimulus,
046,114,88.9167060519,tap,rctrl
046,114,89.6529995867,tap,rctrl
046,115,89.6657806558,stimulus,
046,116,90.4158464602,stimulus,
046,116,90.4528157876,tap,lctrl
046,117,91.1659070135,stimulus,
046,117,91.1891368951,tap,lctrl
046,118,91.9159424572,stimulus,
046,118,92.0045343396,tap,lctrl
046,119,92.6660001654,stimulus,
046,119,92.7085905092,tap,lctrl
046,120,93.4160550706,stimulus,
046,120,93.4605166856,tap,rctrl
046,121,94.1661192931,stimulus,
046,121,94.1802786270,tap,rctrl
046,122,94.9161484722,stimulus,
046,122,94.9487911331,tap,rctrl
046,123,95.6661886377,stimulus,
046,123,95.7006933848,tap,rctrl
046,124,96.4162508150,stimulus,
046,124,96.4526420963,tap,lctrl
046,125,97.1662940933,stimulus,
046,125,97.1723807959,tap,rctrl
046,126,97.9163557233,stimulus,
046,126,97.9242571050,tap,rctrl
046,127,98.6664024752,stimulus,
046,127,98.7250427623,tap,rctrl
046,128,99.4164638495,stimulus,
046,128,99.4926339348,tap,lctrl
046,129,100.1665269562,stimulus,
046,129,100.1966968984,tap,rctrl
046,129,100.9164000284,tap,lctrl
046,130,100.9165842824,stimulus,
046,131,101.6666433199,stimulus,
046,131,101.7483945092,tap,lctrl
046,132,102.4167135995,stimulus,
046,132,102.5003399455,tap,lctrl
046,133,103.1667735061,stimulus,
046,133,103.2044376667,tap,rctrl
046,133,103.9085085520,tap,rctrl
046,134,103.9168242069,stimulus,
046,134,104.6449936340,tap,lctrl
046,135,104.6668805046,stimulus,
046,136,105.4169430849,stimulus,
046,136,105.4602039763,tap,lctrl
046,136,106.1643290356,tap,lctrl
046,137,106.1670010097,stimulus,
046,137,106.9162564511,tap,lctrl
046,138,106.9170490638,stimulus,
046,139,107.6670896173,stimulus,
046,139,107.6847594414,tap,lctrl
046,140,108.4171322188,stimulus,
046,140,108.4523154323,tap,lctrl
046,140,109.1408201175,tap,rctrl
046,141,109.1671757918,stimulus,
046,141,109.9083721566,tap,lctrl
046,142,109.9172047995,stimulus,
046,143,110.6672650431,stimulus,
046,143,110.6768635200,tap,lctrl
046,144,111.4173110972,stimulus,
046,144,111.4923072738,tap,lctrl
046,145,112.1673596055,stimulus,
046,145,112.1963708088,tap,rctrl
046,145,112.9160974634,tap,rctrl
046,146,112.9174042341,stimulus,
046,147,113.6674509439,stimulus,
046,147,113.7168149859,tap,rctrl
046,148,114.4175201979,stimulus,
046,148,114.4844142637,tap,rctrl
046,149,115.1675904503,stimulus,
046,149,115.1884867430,tap,rctrl
046,150,115.9176520503,stimulus,
046,150,115.9404247177,tap,rctrl
046,150,116.6445943420,tap,lctrl
046,151,116.6677025134,stimulus,
046,152,117.4177622096,stimulus,
046,152,117.4442742073,tap,rctrl
046,152,118.1640061129,tap,lctrl
046,153,118.1677865707,stimulus,
046,154,118.9178451932,stimulus,
046,154,118.9481423043,tap,lctrl
046,154,119.6365930200,tap,lctrl
046,155,119.6678960804,stimulus,
046,156,120.4179465826,stimulus,
046,156,120.4842253304,tap,rctrl
046,157,121.1679935390,stimulus,
046,157,121.1727152699,tap,rctrl
046,158,121.9180523901,stimulus,
046,158,122.0838290438,tap,rctrl
046,159,122.6680919270,stimulus,
046,159,122.7879091381,tap,rctrl
046,160,123.4181406488,stimulus,
046,160,123.4919551604,tap,rctrl
046,161,124.1681915240,stimulus,
046,161,124.2283074977,tap,rctrl
046,162,124.9182267151,stimulus,
046,162,124.9802155780,tap,rctrl
046,163,125.6682898218,stimulus,
046,163,125.6999105395,tap,rctrl
046,164,126.4183363120,stimulus,
046,164,126.5006859232,tap,lctrl
046,165,127.1683840654,stimulus,
046,165,127.3160908203,tap,lctrl
046,166,127.9184501916,stimulus,
046,166,127.9566884826,tap,rctrl
046,166,128.6598078062,tap,rctrl
046,167,128.6684791151,stimulus,
046,168,129.4185589284,stimulus,
046,168,129.4605763237,tap,lctrl
046,168,130.1646421625,tap,lctrl
046,169,130.1685766610,stimulus,
046,169,130.9165769373,tap,lctrl
046,170,130.9186275813,stimulus,
046,171,131.6686775362,stimulus,
046,171,131.7163420589,tap,lctrl
046,172,132.4187174400,stimulus,
046,172,132.5005022621,tap,rctrl
046,173,133.1687854790,stimulus,
046,173,133.2046353995,tap,rctrl
046,174,133.9188388624,stimulus,
046,174,133.9565257055,tap,lctrl
046,175,134.6688944834,stimulus,
046,175,134.7397060463,tap,lctrl
046,176,135.4189379932,stimulus,
046,176,135.4760272230,tap,lctrl
046,177,136.1690122035,stimulus,
046,177,136.2445536206,tap,lctrl
046,178,136.9190385225,stimulus,
046,178,136.9476532060,tap,rctrl
046,178,137.6683362704,tap,rctrl
046,179,137.6690882248,stimulus,
046,180,138.4191537014,stimulus,
046,180,138.4202671294,tap,rctrl
046,181,139.1692244861,stimulus,
046,181,139.2044835125,tap,rctrl
046,181,139.9075986436,tap,lctrl
046,182,139.9192625103,stimulus,
046,183,140.6693215238,stimulus,
046,183,140.6918093997,tap,lctrl
046,184,141.4193874124,stimulus,
046,184,141.5080925779,tap,lctrl
046,185,142.1694404980,stimulus,
046,185,142.2444173786,tap,lctrl
046,186,142.9194807237,stimulus,
046,186,142.9797490810,tap,lctrl
046,187,143.6695259117,stimulus,
046,187,143.6837984688,tap,lctrl
046,188,144.4195641915,stimulus,
046,188,144.4836210095,tap,lctrl
046,189,145.1696131840,stimulus,
046,189,145.2199099819,tap,lctrl
046,190,145.9196593976,stimulus,
046,190,146.0197114762,tap,lctrl
046,191,146.6697203629,stimulus,
046,191,146.7403748024,tap,lctrl
046,192,147.4197516262,stimulus,
046,192,147.4757112386,tap,rctrl
046,193,151.0154091170,probe1,0
046,194,151.7771951184,stimulus,
046,194,152.0039366648,tap,rctrl
046,194,152.1318065284,tap,rctrl
046,195,152.5272239366,stimulus,
046,195,152.6122592601,tap,lctrl
046,196,153.2772905771,stimulus,
046,196,153.3954655135,tap,rctrl
046,197,154.0273316930,stimulus,
046,197,154.1640542474,tap,lctrl
046,198,154.7774021259,stimulus,
046,198,154.8993264316,tap,rctrl
046,199,155.5274548898,stimulus,
046,199,155.5877909187,tap,rctrl
046,200,156.2775169077,stimulus,
046,200,156.4676654091,tap,rctrl
046,201,157.0275692235,stimulus,
046,201,157.1717734340,tap,rctrl
046,202,157.7776146551,stimulus,
046,202,157.8602131092,tap,lctrl
046,203,158.5276466613,stimulus,
046,203,158.5476521495,tap,lctrl
046,204,159.2776875516,stimulus,
046,204,159.2840052627,tap,lctrl
046,205,160.0277381982,stimulus,
046,205,160.0837759091,tap,rctrl
046,206,160.7778005860,stimulus,
046,206,160.8835587239,tap,lctrl
046,207,161.5278660987,stimulus,
046,207,161.5553731826,tap,lctrl
046,208,162.2779135724,stimulus,
046,208,162.3561514475,tap,lctrl
046,209,163.0279769377,stimulus,
046,209,163.0758709532,tap,lctrl
046,210,163.7780270069,stimulus,
046,210,163.7955884169,tap,rctrl
046,211,164.5280611423,stimulus,
046,211,164.5318727066,tap,rctrl
046,212,165.2781228836,stimulus,
046,212,165.2994329110,tap,rctrl
046,213,166.0281732054,stimulus,
046,213,166.1793428568,tap,rctrl
046,214,166.7782205257,stimulus,
046,214,166.8999766163,tap,lctrl
046,215,167.5282633679,stimulus,
046,215,167.6831728608,tap,rctrl
046,216,168.2783153769,stimulus,
046,216,168.3559797591,tap,lctrl
046,217,169.0283699814,stimulus,
046,217,169.1557798580,tap,lctrl
046,218,169.7784261557,stimulus,
046,218,169.9233660080,tap,lctrl
046,219,170.5284632205,stimulus,
046,219,170.6440159629,tap,lctrl
046,220,171.2785274399,stimulus,
046,220,171.3637984305,tap,rctrl
046,221,172.0285819722,stimulus,
046,221,172.0678645790,tap,rctrl
046,222,172.7786291061,stimulus,
046,222,172.8832521469,tap,lctrl
046,223,173.5286797106,stimulus,
046,223,173.6195127436,tap,lctrl
046,224,174.2787412834,stimulus,
046,224,174.3392669227,tap,rctrl
046,225,175.0287813617,stimulus,
046,225,175.0599374729,tap,rctrl
046,226,175.7788399270,stimulus,
046,226,175.8431357234,tap,rctrl
046,227,176.5289048713,stimulus,
046,227,176.6272580111,tap,rctrl
046,228,177.2789434518,stimulus,
046,228,177.3313415580,tap,lctrl
046,229,178.0289838218,stimulus,
046,229,178.0832696922,tap,rctrl
046,230,178.7790199152,stimulus,
046,230,178.8196029770,tap,rctrl
046,231,179.5290745798,stimulus,
046,231,179.6193798850,tap,lctrl
046,232,180.2791284294,stimulus,
046,232,180.3234716273,tap,lctrl
046,233,181.0291701197,stimulus,
046,233,181.1076117795,tap,lctrl
046,234,181.7792435601,stimulus,
046,234,181.8429729974,tap,rctrl
046,235,182.5292803783,stimulus,
046,235,182.5636502844,tap,lctrl
046,236,183.2793190099,stimulus,
046,236,183.2989460443,tap,lctrl
046,237,184.0293795332,stimulus,
046,237,184.0997391030,tap,lctrl
046,237,184.7716212333,tap,rctrl
046,238,184.7794421977,stimulus,
046,239,185.5294945435,stimulus,
046,239,185.5391327043,tap,rctrl
046,240,186.2795431932,stimulus,
046,240,186.3711554496,tap,rctrl
046,241,187.0296020021,stimulus,
046,241,187.1231211594,tap,lctrl
046,242,187.7796434789,stimulus,
046,242,187.9873187771,tap,lctrl
046,243,188.5296818910,stimulus,
046,243,188.5957421234,tap,rctrl
046,244,189.2797462729,stimulus,
046,244,189.3632510531,tap,rctrl
046,245,190.0297894729,stimulus,
046,245,190.0673566388,tap,rctrl
046,246,190.7798540953,stimulus,
046,246,190.8349175410,tap,lctrl
046,247,191.5299071028,stimulus,
046,247,191.5555502810,tap,lctrl
046,247,192.2596680321,tap,rctrl
046,248,192.2799633735,stimulus,
046,249,193.0300408048,stimulus,
046,249,193.0594744556,tap,rctrl
046,250,193.7800742034,stimulus,
046,250,193.8269977311,tap,lctrl
046,251,194.5301082397,stimulus,
046,251,194.5476756767,tap,lctrl
046,252,195.2801598848,stimulus,
046,252,195.3474778056,tap,rctrl
046,253,196.0302146065,stimulus,
046,253,196.0994033834,tap,lctrl
046,254,196.7802664952,stimulus,
046,254,196.8669632901,tap,rctrl
046,255,197.5303259688,stimulus,
046,255,197.6032701902,tap,rctrl
046,256,198.2803712471,stimulus,
046,256,198.4030571432,tap,rctrl
046,257,199.0304337522,stimulus,
046,257,199.0592813450,tap,rctrl
046,258,199.7804818575,stimulus,
046,258,199.7956409934,tap,lctrl
046,259,200.5305174546,stimulus,
046,259,200.5953709515,tap,lctrl
046,260,201.2805751177,stimulus,
046,260,201.3150988662,tap,lctrl
046,260,202.0191966866,tap,rctrl
046,261,202.0306156381,stimulus,
046,262,202.7806698727,stimulus,
046,262,202.8189556098,tap,rctrl
046,263,203.5307245553,stimulus,
046,263,203.5875073215,tap,rctrl
046,264,204.2807822154,stimulus,
046,264,204.3071955343,tap,rctrl
046,264,205.0269145378,tap,lctrl
046,265,205.0308341763,stimulus,
046,265,205.7632254348,tap,lctrl
046,266,205.7808966002,stimulus,
046,267,206.5309422183,stimulus,
046,267,206.5786512129,tap,lctrl
046,268,207.2809806966,stimulus,
046,268,207.3149202125,tap,rctrl
046,269,208.0310447988,stimulus,
046,269,208.0346207410,tap,rctrl
046,270,208.7811169850,stimulus,
046,270,208.8510178641,tap,lctrl
046,271,209.5311791022,stimulus,
046,271,209.5551107642,tap,lctrl
046,272,210.2812297789,stimulus,
046,272,210.3705202357,tap,lctrl
046,273,211.0312834992,stimulus,
046,273,211.1082617640,tap,rctrl
046,274,211.7813273128,stimulus,
046,274,211.8587477302,tap,rctrl
046,275,212.5313963502,stimulus,
046,275,212.6106798403,tap,rctrl
046,276,213.2814601185,stimulus,
046,276,213.3470239070,tap,rctrl
046,277,214.0315174989,stimulus,
046,277,214.0833444490,tap,lctrl
046,278,214.7815845454,stimulus,
046,278,214.8987385372,tap,lctrl
046,279,215.5316345454,stimulus,
046,279,215.5393040103,tap,lctrl
046,280,216.2816952250,stimulus,
046,280,216.3713440125,tap,lctrl
046,281,217.0317301063,stimulus,
046,281,217.0910597288,tap,rctrl
046,282,217.7817754507,stimulus,
046,282,217.9231771620,tap,lctrl
046,283,218.5318173214,stimulus,
046,283,218.6749846717,tap,lctrl
046,284,219.2818676733,stimulus,
046,284,219.3790868650,tap,lctrl
046,285,220.0319076373,stimulus,
046,285,220.1144152562,tap,lctrl
046,286,220.7819581576,stimulus,
046,286,220.8673147384,tap,lctrl
046,287,221.5320074809,stimulus,
046,287,221.6348433401,tap,lctrl
046,288,222.2820553336,stimulus,
046,288,222.3223548279,tap,rctrl
046,289,227.5104417419,probe1,1
046,290,228.2722310726,stimulus,
046,290,228.6747606152,tap,lctrl
046,291,229.0222419270,stimulus,
046,291,229.3143704815,tap,lctrl
046,292,229.7722914970,stimulus,
046,292,229.9228480649,tap,lctrl
046,293,230.5223300956,stimulus,
046,293,230.6102530664,tap,rctrl
046,294,231.2723774159,stimulus,
046,294,231.3631303353,tap,rctrl
046,295,232.0224281858,stimulus,
046,295,232.0828377780,tap,rctrl
046,296,232.7724958638,stimulus,
046,296,232.8191459382,tap,lctrl
046,297,233.5225359692,stimulus,
046,297,233.6023195302,tap,lctrl
046,298,234.2725883541,stimulus,
046,298,234.2907802489,tap,rctrl
046,299,235.0226558247,stimulus,
046,299,235.0749328251,tap,rctrl
046,300,235.7727107840,stimulus,
046,300,235.8269202340,tap,rctrl
046,301,236.5227458518,stimulus,
046,301,236.5309456039,tap,lctrl
046,302,237.2727945405,stimulus,
046,302,237.4108219019,tap,lctrl
046,303,238.0228280505,stimulus,
046,303,238.1461432856,tap,lctrl
046,304,238.7729060532,stimulus,
046,304,238.8023518363,tap,rctrl
046,305,239.5229501856,stimulus,
046,305,239.5542875404,tap,rctrl
046,306,240.2729881046,stimulus,
046,306,240.2906212552,tap,lctrl
046,307,241.0230368835,stimulus,
046,307,241.0425592180,tap,lctrl
046,308,241.7730993976,stimulus,
046,308,241.7944735809,tap,lctrl
046,309,242.5231642577,stimulus,
046,309,242.5307670495,tap,lctrl
046,309,243.2026429754,tap,rctrl
046,310,243.2732220802,stimulus,
046,311,244.0232948469,stimulus,
046,311,244.0669058135,tap,rctrl
046,311,244.7544256350,tap,rctrl
046,312,244.7733304079,stimulus,
046,312,245.4906798017,tap,rctrl
046,313,245.5233757523,stimulus,
046,313,246.2103974187,tap,lctrl
046,314,246.2734261794,stimulus,
046,314,247.0101734456,tap,lctrl
046,315,247.0234725824,stimulus,
046,315,247.7142406527,tap,lctrl
046,316,247.7735241553,stimulus,
046,316,248.4505419408,tap,lctrl
046,317,248.5235958965,stimulus,
046,317,249.2181467974,tap,rctrl
046,318,249.2736428800,stimulus,
046,318,249.9866554449,tap,rctrl
046,319,250.0237055235,stimulus,
046,319,250.7220116373,tap,rctrl
046,320,250.7737692828,stimulus,
046,320,251.4582965405,tap,rctrl
046,321,251.5238205579,stimulus,
046,321,252.1780480881,tap,lctrl
046,322,252.2738679745,stimulus,
046,322,252.9142990909,tap,lctrl
046,323,253.0239065791,stimulus,
046,323,253.6818564833,tap,lctrl
046,324,253.7739578934,stimulus,
046,324,254.4025362545,tap,lctrl
046,325,254.5240061129,stimulus,
046,325,255.1378787929,tap,rctrl
046,326,255.2740534363,stimulus,
046,326,255.9220515132,tap,rctrl
046,327,256.0240933251,stimulus,
046,327,256.7384538393,tap,rctrl
046,328,256.7741350876,stimulus,
046,328,257.4102782107,tap,rctrl
046,329,257.5241782034,stimulus,
046,329,258.1944367687,tap,lctrl
046,330,258.2742476408,stimulus,
046,330,259.0098760264,tap,lctrl
046,331,259.0243113009,stimulus,
046,331,259.7618229364,tap,lctrl
046,332,259.7743688407,stimulus,
046,333,260.5244154452,stimulus,
046,333,260.5459564240,tap,lctrl
046,334,261.2744613159,stimulus,
046,334,261.3144660278,tap,lctrl
046,335,262.0245210482,stimulus,
046,335,262.0498104459,tap,lctrl
046,335,262.7226623483,tap,lctrl
046,336,262.7745520197,stimulus,
046,336,263.4902160145,tap,lctrl
046,337,263.5245852018,stimulus,
046,337,264.2265548180,tap,rctrl
046,338,264.2746263388,stimulus,
046,338,264.9940575101,tap,rctrl
046,339,265.0246793763,stimulus,
046,339,265.7304125421,tap,rctrl
046,340,265.7747230967,stimulus,
046,341,266.5247654817,stimulus,
046,341,266.5623844397,tap,rctrl
046,342,267.2748117645,stimulus,
046,342,267.2977215014,tap,rctrl
046,343,268.0248734065,stimulus,
046,343,268.0340175956,tap,rctrl
046,344,268.7749368439,stimulus,
046,344,268.7859697055,tap,rctrl
046,344,269.5056506853,tap,rctrl
046,345,269.5249879928,stimulus,
046,345,270.2097451524,tap,rctrl
046,346,270.2750434514,stimulus,
046,346,270.9939353191,tap,rctrl
046,347,271.0250927386,stimulus,
046,347,271.7302494793,tap,lctrl
046,348,271.7751272530,stimulus,
046,348,272.4821876224,tap,rctrl
046,349,272.5251659810,stimulus,
046,350,273.2752159629,stimulus,
046,350,273.2819490690,tap,rctrl
046,351,274.0252568683,stimulus,
046,351,274.0338702168,tap,rctrl
046,352,274.7753039750,stimulus,
046,352,274.7858018457,tap,rctrl
046,352,275.5220974857,tap,rctrl
046,353,275.5253579931,stimulus,
046,354,276.2754002127,stimulus,
046,354,276.2896875816,tap,lctrl
046,355,277.0254527901,stimulus,
046,355,277.0259763585,tap,lctrl
046,356,277.7755160862,stimulus,
046,356,277.7935619642,tap,lctrl
046,357,278.5255482428,stimulus,
046,357,278.5298120437,tap,rctrl
046,358,279.2756126246,stimulus,
046,358,279.2983614517,tap,rctrl
046,359,280.0256711569,stimulus,
046,359,280.1138112777,tap,lctrl
046,360,280.7757070938,stimulus,
046,360,280.8823311069,tap,lctrl
046,361,281.5257518457,stimulus,
046,361,281.5375603698,tap,lctrl
046,361,282.2582737076,tap,lctrl
046,362,282.2758050427,stimulus,
046,362,282.9779681730,tap,lctrl
046,363,283.0258687569,stimulus,
046,363,283.6976671105,tap,lctrl
046,364,283.7759273222,stimulus,
046,364,284.4183695551,tap,lctrl
046,365,284.5259613494,stimulus,
046,365,285.1703101975,tap,lctrl
046,366,285.2760170095,stimulus,
046,366,285.8733736088,tap,lctrl
046,367,289.2041383322,probe1,2
046,368,289.9659038225,stimulus,
046,368,290.3215661197,tap,rctrl
046,369,290.7159174890,stimulus,
046,369,290.9299243538,tap,lctrl
046,370,291.4659625056,stimulus,
046,370,291.5372745815,tap,rctrl
046,371,292.2160087312,stimulus,
046,371,292.2579925539,tap,rctrl
046,372,292.9660575913,stimulus,
046,372,292.9777031454,tap,rctrl
046,373,293.7160905208,stimulus,
046,373,293.7462511759,tap,rctrl
046,373,294.4337350339,tap,rctrl
046,374,294.4661446080,stimulus,
046,375,295.2162149958,stimulus,
046,375,295.2178912761,tap,lctrl
046,375,295.9053785987,tap,lctrl
046,376,295.9662537357,stimulus,
046,377,296.7163089958,stimulus,
046,377,296.7373561142,tap,lctrl
046,377,297.4580503875,tap,lctrl
046,378,297.4663500606,stimulus,
046,378,298.1777573761,tap,rctrl
046,379,298.2164177146,stimulus,
046,380,298.9664661116,stimulus,
046,380,298.9775426179,tap,lctrl
046,380,299.6659866600,tap,rctrl
046,381,299.7165259160,stimulus,
046,381,300.3534617541,tap,lctrl
046,382,300.4665742348,stimulus,
046,382,301.1220353604,tap,lctrl
046,383,301.2166194709,stimulus,
046,383,301.7938559484,tap,lctrl
046,384,301.9666685055,stimulus,
046,384,302.5458102899,tap,lctrl
046,385,302.7167055493,stimulus,
046,385,303.2333675156,tap,rctrl
046,386,303.4667642409,stimulus,
046,386,304.0340540369,tap,rctrl
046,387,304.2168276934,stimulus,
046,387,304.7860229257,tap,lctrl
046,388,304.9668950587,stimulus,
046,388,305.5379092377,tap,lctrl
046,389,305.7169619428,stimulus,
046,389,306.3054550002,tap,lctrl
046,390,306.4670053142,stimulus,
046,390,307.0417994217,tap,rctrl
046,391,307.2170591999,stimulus,
046,391,307.9060452284,tap,rctrl
046,392,307.9671047278,stimulus,
046,392,308.6413247869,tap,rctrl
046,393,308.7171473805,stimulus,
046,393,309.3776614160,tap,rctrl
046,394,309.4671968331,stimulus,
046,394,310.0817378502,tap,rctrl
046,395,310.2172624300,stimulus,
046,395,310.8493098831,tap,rctrl
046,396,310.9673194374,stimulus,
046,396,311.5377749235,tap,rctrl
046,397,311.7173895666,stimulus,
046,397,312.2096507471,tap,rctrl
046,398,312.4674363756,stimulus,
046,398,312.9293132819,tap,rctrl
046,399,313.2175015815,stimulus,
046,399,313.6978502269,tap,rctrl
046,400,313.9675500236,stimulus,
046,400,314.4497775100,tap,lctrl
046,401,314.7175896658,stimulus,
046,401,315.2017334124,tap,rctrl
046,402,315.4676525198,stimulus,
046,402,316.0337480825,tap,rctrl
046,403,316.2177145107,stimulus,
046,403,316.8813706035,tap,rctrl
046,404,316.9677752234,stimulus,
046,404,317.6176353565,tap,lctrl
046,405,317.7178121528,stimulus,
046,405,318.4652935674,tap,lctrl
046,406,318.4678489891,stimulus,
046,407,319.2179105950,stimulus,
046,407,319.2494452473,tap,lctrl
046,408,319.9679671603,stimulus,
046,408,319.9857889861,tap,lctrl
046,408,320.6576764427,tap,lctrl
046,409,320.7180005800,stimulus,
046,409,321.4418001349,tap,lctrl
046,410,321.4680535574,stimulus,
046,410,322.1292926785,tap,lctrl
046,411,322.2181137739,stimulus,
046,411,322.8489992129,tap,lctrl
046,412,322.9681754490,stimulus,
046,412,323.6009143277,tap,rctrl
046,413,323.7182056476,stimulus,
046,413,324.3694433208,tap,rctrl
046,414,324.4682403004,stimulus,
046,414,325.1213647694,tap,lctrl
046,415,325.2183016236,stimulus,
046,416,325.9683700926,stimulus,
046,416,326.0657102276,tap,lctrl
046,417,326.7184123483,stimulus,
046,417,326.7688032086,tap,lctrl
046,417,327.4572452838,tap,lctrl
046,418,327.4684719031,stimulus,
046,419,328.2185348715,stimulus,
046,419,328.2248183242,tap,lctrl
046,419,328.8976391172,tap,lctrl
046,420,328.9685710490,stimulus,
046,421,329.7186409466,stimulus,
046,421,329.7452868650,tap,lctrl
046,421,330.4493605473,tap,lctrl
046,422,330.4686777647,stimulus,
046,422,331.2013569546,tap,lctrl
046,423,331.2187359181,stimulus,
046,424,331.9687725347,stimulus,
046,424,332.0010930209,tap,lctrl
046,425,332.7188491691,stimulus,
046,425,332.8174716329,tap,lctrl
046,426,333.4688785617,stimulus,
046,426,333.4893077877,tap,lctrl
046,426,334.1611852474,tap,rctrl
046,427,334.2189292474,stimulus,
046,427,334.9609744531,tap,rctrl
046,428,334.9689760625,stimulus,
046,428,335.6494128802,tap,rctrl
046,429,335.7190208415,stimulus,
046,429,336.3534910347,tap,rctrl
046,430,336.4690855331,stimulus,
046,430,337.0576035918,tap,rctrl
046,431,337.2191291452,stimulus,
046,431,337.8574057237,tap,rctrl
046,432,337.9692005706,stimulus,
046,432,338.5448486105,tap,lctrl
046,433,338.7192390669,stimulus,
046,433,339.3934490118,tap,lctrl
046,434,339.4692966067,stimulus,
046,434,340.1932587136,tap,lctrl
046,435,340.2193332955,stimulus,
046,435,340.9607976400,tap,lctrl
046,436,340.9693747723,stimulus,
046,436,341.6013840573,tap,lctrl
046,437,341.7194342760,stimulus,
046,437,342.3054775409,tap,lctrl
046,438,342.4694706490,stimulus,
046,438,343.0730706052,tap,rctrl
046,439,343.2195054371,stimulus,
046,439,343.8250030371,tap,rctrl
046,440,343.9695683633,stimulus,
046,440,344.5612857088,tap,rctrl
046,441,344.7196285437,stimulus,
046,441,345.2487408151,tap,lctrl
046,442,345.4696821647,stimulus,
046,442,346.0652170263,tap,lctrl
046,443,346.2197228896,stimulus,
046,443,346.7370172626,tap,rctrl
046,444,346.9697818790,stimulus,
046,444,347.5690280651,tap,rctrl
046,445,350.0355118091,probe1,1
046,446,350.7972969564,stimulus,
046,446,350.7976344813,tap,lctrl
046,446,351.4566362592,tap,rctrl
046,447,351.5473008786,stimulus,
046,448,352.2973543312,stimulus,
046,448,352.3687042113,tap,lctrl
046,449,353.0474068395,stimulus,
046,449,353.0728116136,tap,rctrl
046,450,353.7974395043,stimulus,
046,450,353.8091046281,tap,rctrl
046,450,354.5444317351,tap,rctrl
046,451,354.5474856006,stimulus,
046,451,355.2485096068,tap,lctrl
046,452,355.2975414952,stimulus,
046,452,355.9525763027,tap,lctrl
046,453,356.0475803585,stimulus,
046,453,356.6566714013,tap,rctrl
046,454,356.7976216338,stimulus,
046,455,357.5476673150,stimulus,
046,455,357.5531418334,tap,rctrl
046,455,358.1771138280,tap,lctrl
046,456,358.2977292878,stimulus,
046,456,358.8168883485,tap,lctrl
046,457,359.0477899193,stimulus,
046,457,359.6165750198,tap,rctrl
046,458,359.7978442260,stimulus,
046,458,360.4329555716,tap,rctrl
046,459,360.5478928426,stimulus,
046,459,361.2483729076,tap,lctrl
046,460,361.2979326833,stimulus,
046,460,361.9046063484,tap,lctrl
046,461,362.0479924697,stimulus,
046,461,362.6242940288,tap,rctrl
046,462,362.7980386772,stimulus,
046,462,363.3771753970,tap,rctrl
046,463,363.5480688759,stimulus,
046,463,364.1447745665,tap,rctrl
046,464,364.2981187646,stimulus,
046,464,364.8810947236,tap,rctrl
046,465,365.0481887705,stimulus,
046,465,365.7287086521,tap,rctrl
046,466,365.7982199315,stimulus,
046,466,366.3849068992,tap,rctrl
046,467,366.5482673932,stimulus,
046,467,367.1690667565,tap,rctrl
046,468,367.2983199014,stimulus,
046,468,367.8722112407,tap,rctrl
046,469,368.0483827013,stimulus,
046,469,368.6563380035,tap,lctrl
046,470,368.7984369810,stimulus,
046,470,369.3604598268,tap,lctrl
046,471,369.5484928306,stimulus,
046,471,370.1446177863,tap,lctrl
046,472,370.2985563011,stimulus,
046,472,370.8486713485,tap,lctrl
046,473,371.0486193476,stimulus,
046,473,371.5683666168,tap,lctrl
046,474,371.7986600635,stimulus,
046,474,372.2890855215,tap,lctrl
046,475,372.5487037057,stimulus,
046,475,372.9921525057,tap,lctrl
046,476,373.2987556515,stimulus,
046,476,373.9365007338,tap,lctrl
046,477,374.0488062289,stimulus,
046,477,374.6405653455,tap,rctrl
046,478,374.7988754919,stimulus,
046,478,375.4403847284,tap,rctrl
046,479,375.5489274137,stimulus,
046,479,376.1922922463,tap,rctrl
046,480,376.2989701326,stimulus,
046,481,377.0490240844,stimulus,
046,481,377.0565280109,tap,rctrl
046,482,377.7990787942,stimulus,
046,482,377.9041573078,tap,rctrl
046,483,378.5491124875,stimulus,
046,483,378.6248059574,tap,rctrl
046,484,379.2991787851,stimulus,
046,484,379.3289216544,tap,rctrl
046,485,380.0492436963,stimulus,
046,485,380.0642815340,tap,rctrl
046,486,380.7992873354,stimulus,
046,486,380.8327824401,tap,rctrl
046,487,381.5493313175,stimulus,
046,487,381.5524739190,tap,rctrl
046,487,382.2721921767,tap,rctrl
046,488,382.2993620334,stimulus,
046,489,383.0494354497,stimulus,
046,489,383.0720027446,tap,lctrl
046,489,383.7448211947,tap,lctrl
046,490,383.7994774348,stimulus,
046,491,384.5495401775,stimulus,
046,491,384.5602467923,tap,lctrl
046,491,385.2487056915,tap,lctrl
046,492,385.2995778288,stimulus,
046,492,386.0162384014,tap,lctrl
046,493,386.0496276694,stimulus,
046,493,386.7203307061,tap,lctrl
046,494,386.7996933384,stimulus,
046,495,387.5497425143,stimulus,
046,495,387.6323760539,tap,lctrl
046,496,388.2997916061,stimulus,
046,496,388.3687182168,tap,lctrl
046,497,389.0498264453,stimulus,
046,497,389.1206376744,tap,lctrl
046,498,389.7998718469,stimulus,
046,498,389.8403749424,tap,lctrl
046,498,390.5444281948,tap,lctrl
046,499,390.5498987192,stimulus,
046,499,391.2163081537,tap,rctrl
046,500,391.2999609116,stimulus,
046,500,392.0326920890,tap,rctrl
046,501,392.0500052575,stimulus,
046,501,392.7680277914,tap,rctrl
046,502,392.8000464787,stimulus,
046,502,393.5365407124,tap,rctrl
046,503,393.5500988365,stimulus,
046,503,394.2406167225,tap,lctrl
046,504,394.3001570380,stimulus,
046,504,395.0082358377,tap,lctrl
046,505,395.0502156093,stimulus,
046,505,395.7923514457,tap,lctrl
046,506,395.8002534260,stimulus,
046,507,396.5502938862,stimulus,
046,507,396.5765124308,tap,lctrl
046,508,397.3003618018,stimulus,
046,508,397.3762813389,tap,lctrl
046,509,398.0504173837,stimulus,
046,509,398.0803908585,tap,rctrl
046,510,401.4765276939,probe1,2
046,511,402.2383167118,stimulus,
046,511,402.6242264694,tap,lctrl
046,512,402.9883379632,stimulus,
046,512,403.2003510105,tap,lctrl
046,513,403.7383693799,stimulus,
046,513,403.8565984963,tap,rctrl
046,514,404.4884250009,stimulus,
046,514,404.5919273446,tap,rctrl
046,515,405.2384663543,stimulus,
046,515,405.3604634263,tap,lctrl
046,516,405.9885131934,stimulus,
046,516,406.0645503295,tap,lctrl
046,517,406.7385718400,stimulus,
046,517,406.7998683328,tap,rctrl
046,518,407.4886167393,stimulus,
046,518,407.5205464649,tap,rctrl
046,519,408.2386664866,stimulus,
046,519,408.3192322064,tap,rctrl
046,519,408.3524930153,tap,rctrl
046,520,408.9887014582,stimulus,
046,520,409.0392268586,tap,rctrl
046,520,409.0722356156,tap,rctrl
046,521,409.7387418342,stimulus,
046,521,409.7919528356,tap,rctrl
046,522,410.4887867034,stimulus,
046,522,410.7040937345,tap,rctrl
046,523,411.2388296178,stimulus,
046,523,411.3280693923,tap,rctrl
046,524,411.9888860358,stimulus,
046,524,412.0644271340,tap,rctrl
046,525,412.7389486612,stimulus,
046,525,412.7997359705,tap,rctrl
046,526,413.4889848719,stimulus,
046,526,413.5360224647,tap,rctrl
046,527,414.2390335726,stimulus,
046,527,414.2557450321,tap,rctrl
046,528,414.9890675036,stimulus,
046,528,415.0721167358,tap,rctrl
046,529,415.7391116360,stimulus,
046,529,415.8084160089,tap,lctrl
046,530,416.4891601383,stimulus,
046,530,416.6081854223,tap,lctrl
046,531,417.2392036270,stimulus,
046,531,417.3279182692,tap,lctrl
046,532,417.9892503218,stimulus,
046,532,418.0476280878,tap,lctrl
046,533,418.7393016722,stimulus,
046,533,418.8317619664,tap,lctrl
046,534,419.4893487218,stimulus,
046,534,419.5358244758,tap,lctrl
046,535,420.2394093653,stimulus,
046,535,420.3522168471,tap,rctrl
046,536,420.9894624961,stimulus,
046,536,421.0876063836,tap,rctrl
046,537,421.7395147578,stimulus,
046,537,421.8709311593,tap,rctrl
046,537,421.9039239164,tap,rctrl
046,538,422.4895805531,stimulus,
046,538,422.6236712325,tap,rctrl
046,539,423.2396044270,stimulus,
046,539,423.3599423073,tap,rctrl
046,540,423.9896673412,stimulus,
046,540,424.1109678899,tap,rctrl
046,540,424.1441007871,tap,rctrl
046,541,424.7397197081,stimulus,
046,541,424.8482135217,tap,rctrl
046,542,425.4897925560,stimulus,
046,542,425.5523183105,tap,lctrl
046,543,426.2398562612,stimulus,
046,543,426.3520986140,tap,lctrl
046,544,426.9898998462,stimulus,
046,544,427.1674823563,tap,lctrl
046,545,427.7399455004,stimulus,
046,545,427.8715937827,tap,lctrl
046,546,428.4900006402,stimulus,
046,546,428.5600244806,tap,lctrl
046,547,429.2400476327,stimulus,
046,547,429.2641147522,tap,lctrl
046,548,429.9900819486,stimulus,
046,548,430.1596292225,tap,lctrl
046,549,430.7401330914,stimulus,
046,549,430.9281465375,tap,lctrl
046,550,431.4901729472,stimulus,
046,550,431.6478096137,tap,lctrl
046,551,432.2402406342,stimulus,
046,551,432.3197107333,tap,lctrl
046,552,432.9902818343,stimulus,
046,552,433.1038609907,tap,lctrl
046,553,433.7403256659,stimulus,
046,553,433.7756945861,tap,lctrl
046,554,434.4903590556,stimulus,
046,554,434.5598724101,tap,lctrl
046,555,435.2404250374,stimulus,
046,555,435.3118421801,tap,rctrl
046,556,435.9904806464,stimulus,
046,556,436.0481250563,tap,rctrl
046,557,436.7405166615,stimulus,
046,557,436.7834550534,tap,rctrl
046,558,437.4905526406,stimulus,
046,558,437.6154367404,tap,lctrl
046,559,438.2406179908,stimulus,
046,559,438.3195396706,tap,lctrl
046,560,438.9906725201,stimulus,
046,560,439.0558586246,tap,lctrl
046,561,439.7407095999,stimulus,
046,561,439.8400209089,tap,lctrl
046,562,440.4907681833,stimulus,
046,562,440.6398002470,tap,lctrl
046,563,441.2408040481,stimulus,
046,563,441.4718008060,tap,lctrl
046,564,441.9908477203,stimulus,
046,564,442.0958076725,tap,rctrl
046,565,442.7408818347,stimulus,
046,565,442.8477695238,tap,rctrl
046,566,443.4909183672,stimulus,
046,566,443.6319109421,tap,rctrl
046,567,444.2409551132,stimulus,
046,567,444.3194097623,tap,rctrl
046,568,444.9910035433,stimulus,
046,568,445.0557037723,tap,rctrl
046,569,445.7410545327,stimulus,
046,569,445.8398334523,tap,rctrl
046,570,446.4910973208,stimulus,
046,570,446.5751822493,tap,rctrl
046,571,447.2411449749,stimulus,
046,571,447.3271386209,tap,rctrl
046,572,447.9911919885,stimulus,
046,572,448.0478237063,tap,rctrl
046,573,448.7412409088,stimulus,
046,573,448.8153813153,tap,rctrl
046,574,449.4913143823,stimulus,
046,574,449.5838623750,tap,rctrl
046,575,450.2413446712,stimulus,
046,575,450.3993229979,tap,lctrl
046,576,450.9913998170,stimulus,
046,576,451.2313017495,tap,lctrl
046,577,451.7414630920,stimulus,
046,577,451.9510051501,tap,lctrl
046,578,452.4914950711,stimulus,
046,578,452.6551142607,tap,rctrl
046,579,453.2415363494,stimulus,
046,579,453.3914095969,tap,rctrl
046,580,453.9915971644,stimulus,
046,580,454.0954828130,tap,lctrl
046,581,454.7416576365,stimulus,
046,581,454.8630279048,tap,rctrl
046,582,455.4917177597,stimulus,
046,582,455.6638212372,tap,rctrl
046,583,456.2417698980,stimulus,
046,583,456.3991592944,tap,lctrl
046,584,456.9918051282,stimulus,
046,584,457.0710021319,tap,lctrl
046,585,457.7418426200,stimulus,
046,585,457.8552075106,tap,lctrl
046,586,458.4918965929,stimulus,
046,586,458.5436337754,tap,rctrl
046,587,459.2419352336,stimulus,
046,587,459.2955661472,tap,rctrl
046,588,459.9919821329,stimulus,
046,588,460.1432088816,tap,rctrl
046,589,460.7420128188,stimulus,
046,589,460.8629003665,tap,rctrl
046,590,461.4920694954,stimulus,
046,590,461.5835609047,tap,rctrl
046,591,462.2421142684,stimulus,
046,591,462.3189271693,tap,lctrl
046,592,462.9921455407,stimulus,
046,592,463.0874374648,tap,lctrl
046,593,463.7421804100,stimulus,
046,593,463.8549753656,tap,rctrl
046,594,464.4922446235,stimulus,
046,594,464.6069057134,tap,rctrl
046,595,465.2422849694,stimulus,
046,595,465.3910670473,tap,rctrl
046,596,465.9923327499,stimulus,
046,596,466.1107887937,tap,rctrl
046,597,466.7423996249,stimulus,
046,597,466.8793275310,tap,rctrl
046,598,467.4924443017,stimulus,
046,598,467.5667801050,tap,lctrl
046,599,468.2424973483,stimulus,
046,599,468.3987979300,tap,lctrl
046,600,468.9925330657,stimulus,
046,600,469.1029056541,tap,lctrl
046,601,469.7425811078,stimulus,
046,601,469.8392028881,tap,lctrl
046,602,470.4926301664,stimulus,
046,602,470.6868725665,tap,lctrl
046,603,471.2426572975,stimulus,
046,603,471.3909436142,tap,rctrl
046,604,471.9927174417,stimulus,
046,604,472.1272555909,tap,rctrl
046,605,472.7427668282,stimulus,
046,605,472.9114377006,tap,rctrl
046,606,473.4928304401,stimulus,
046,606,473.6956403395,tap,rctrl
046,607,476.9696351988,probe1,1
046,608,477.7324040129,stimulus,
046,608,478.1427146465,tap,rctrl
046,609,478.4824194357,stimulus,
046,609,478.7188686611,tap,rctrl
046,610,479.2324883077,stimulus,
046,610,479.4073204986,tap,rctrl
046,611,479.9825280462,stimulus,
046,611,480.1113947614,tap,rctrl
046,612,480.7325827469,stimulus,
046,612,480.8154707775,tap,rctrl
046,613,481.4826302687,stimulus,
046,613,481.5508249549,tap,rctrl
046,614,482.2326919318,stimulus,
046,614,482.3349995429,tap,rctrl
046,615,482.9827514926,stimulus,
046,615,483.0712920581,tap,rctrl
046,616,483.7328147466,stimulus,
046,616,483.8554067127,tap,rctrl
046,617,484.4828599376,stimulus,
046,617,484.5272777845,tap,rctrl
046,618,485.2329237420,stimulus,
046,618,485.2626597271,tap,rctrl
046,619,485.9829500971,stimulus,
046,619,486.0145690585,tap,rctrl
046,620,486.7330037121,stimulus,
046,620,486.7987310390,tap,lctrl
046,621,487.4830422957,stimulus,
046,621,487.5828634830,tap,lctrl
046,622,488.2330898295,stimulus,
046,622,488.4148856268,tap,lctrl
046,623,488.9831331108,stimulus,
046,623,489.2146864083,tap,lctrl
046,624,489.7331833063,stimulus,
046,624,489.9187603522,tap,lctrl
046,625,490.4832348732,stimulus,
046,625,490.6228399773,tap,lctrl
046,626,491.2332975888,stimulus,
046,626,491.3903908585,tap,lctrl
046,627,491.9833639556,stimulus,
046,627,492.0944799933,tap,lctrl
046,628,492.7334209240,stimulus,
046,628,492.8308980533,tap,rctrl
046,629,493.4834754202,stimulus,
046,629,493.5504777106,tap,rctrl
046,630,494.2335360005,stimulus,
046,630,494.3512730881,tap,rctrl
046,631,494.9835719165,stimulus,
046,631,495.0709648016,tap,lctrl
046,632,495.7336197962,stimulus,
046,632,495.8384971927,tap,lctrl
046,633,496.4836766593,stimulus,
046,633,496.5426000026,tap,lctrl
046,634,497.2337272217,stimulus,
046,634,497.3746459115,tap,lctrl
046,635,497.9837682744,stimulus,
046,635,498.1108960151,tap,lctrl
046,636,498.7338089181,stimulus,
046,636,498.8784842433,tap,lctrl
046,637,499.4838481783,stimulus,
046,637,499.5825514926,tap,lctrl
046,638,500.2338927498,stimulus,
046,638,500.3667496533,tap,lctrl
046,639,500.9839402536,stimulus,
046,639,501.1831590801,tap,rctrl
046,640,501.7339783198,stimulus,
046,640,501.8871978303,tap,rctrl
046,641,502.4840438054,stimulus,
046,641,502.5746562659,tap,rctrl
046,642,503.2341028520,stimulus,
046,642,503.3110092738,tap,rctrl
046,643,503.9841428400,stimulus,
046,643,504.0463292981,tap,rctrl
046,644,504.7342140098,stimulus,
046,644,504.7670169580,tap,rctrl
046,645,505.4842432460,stimulus,
046,645,505.5345411868,tap,rctrl
046,646,506.2343107767,stimulus,
046,646,506.3031089555,tap,rctrl
046,647,506.9843434385,stimulus,
046,647,507.0227807323,tap,rctrl
046,648,507.7343949753,stimulus,
046,648,507.8069619157,tap,rctrl
046,649,508.4844547888,stimulus,
046,649,508.5266560442,tap,rctrl
046,650,509.2345104940,stimulus,
046,650,509.2629713171,tap,rctrl
046,651,509.9845398656,stimulus,
046,651,509.9982805415,tap,rctrl
046,651,510.7346072640,tap,rctrl
046,652,510.7347498823,stimulus,
046,653,511.4848130882,stimulus,
046,653,511.5509700415,tap,rctrl
046,654,512.2348723904,stimulus,
046,654,512.3185577314,tap,rctrl
046,655,512.9849239753,stimulus,
046,655,513.1027265901,tap,lctrl
046,656,513.7349793016,stimulus,
046,656,513.8546103488,tap,lctrl
046,657,514.4850340324,stimulus,
046,657,514.6065855563,tap,lctrl
046,658,515.2350820113,stimulus,
046,658,515.3107294966,tap,rctrl
046,659,515.9851571419,stimulus,
046,659,516.0469917174,tap,rctrl
046,660,516.7351915030,stimulus,
046,660,516.8467807967,tap,lctrl
046,661,517.4852508382,stimulus,
046,661,517.6787438432,tap,lctrl
046,662,518.2353180652,stimulus,
046,662,518.3662899924,tap,lctrl
046,663,518.9853620592,stimulus,
046,663,519.1181775736,tap,lctrl
046,664,519.7354222125,stimulus,
046,664,519.8866803413,tap,lctrl
046,665,520.4854643238,stimulus,
046,665,520.6220542870,tap,lctrl
046,666,521.2355162185,stimulus,
046,666,521.3583393917,tap,lctrl
046,667,521.9855803267,stimulus,
046,667,522.1269065739,tap,lctrl
046,668,522.7356291417,stimulus,
046,668,522.8621841445,tap,lctrl
046,669,523.4856589434,stimulus,
046,669,523.6307316307,tap,rctrl
046,670,524.2357292260,stimulus,
046,670,524.3660987974,tap,rctrl
046,671,524.9857805102,stimulus,
046,671,525.1825188617,tap,lctrl
046,672,525.7358419296,stimulus,
046,672,525.8543226589,tap,lctrl
046,673,529.1420763022,probe1,2
046,674,529.9048409629,stimulus,
046,674,530.2546432744,tap,rctrl
046,675,530.6548503227,stimulus,
046,675,530.7985374820,tap,rctrl
046,676,531.4048893724,stimulus,
046,676,531.4860245038,tap,rctrl
046,677,532.1549518745,stimulus,
046,677,532.2379698198,tap,lctrl
046,678,532.9049793755,stimulus,
046,678,533.1022273678,tap,lctrl
046,679,533.6550214748,stimulus,
046,679,533.7906288629,tap,lctrl
046,680,534.4050711440,stimulus,
046,680,534.5103560979,tap,lctrl
046,681,535.1551189635,stimulus,
046,681,535.2623176454,tap,lctrl
046,682,535.9051525847,stimulus,
046,682,536.0298451824,tap,lctrl
046,683,536.6552179380,stimulus,
046,683,536.7661390239,tap,lctrl
046,684,537.4052701425,stimulus,
046,684,537.5024359301,tap,lctrl
046,685,538.1553156523,stimulus,
046,685,538.2223068330,tap,lctrl
046,686,538.9053718838,stimulus,
046,686,538.9419021624,tap,lctrl
046,687,539.6554094929,stimulus,
046,687,539.7260093464,tap,rctrl
046,688,540.4054622689,stimulus,
046,688,540.4301084841,tap,rctrl
046,688,541.1498097344,tap,rctrl
046,689,541.1555001336,stimulus,
046,689,541.8538920151,tap,rctrl
046,690,541.9055475833,stimulus,
046,691,542.6560203405,stimulus,
046,691,542.7025386656,tap,rctrl
046,692,543.4056700763,stimulus,
046,692,543.4544375400,tap,rctrl
046,693,544.1557099561,stimulus,
046,693,544.1897897986,tap,lctrl
046,694,544.9057407232,stimulus,
046,694,545.0383744135,tap,lctrl
046,695,545.6558132673,stimulus,
046,695,545.7581398527,tap,lctrl
046,696,546.4058491532,stimulus,
046,696,546.5256675582,tap,lctrl
046,697,547.1558975562,stimulus,
046,697,547.3742568799,tap,lctrl
046,698,547.9059286000,stimulus,
046,698,548.0304824350,tap,lctrl
046,699,548.6560050870,stimulus,
046,699,548.6700971523,tap,lctrl
046,700,549.4060487863,stimulus,
046,700,549.4376758919,tap,lctrl
046,700,550.1417460374,tap,lctrl
046,701,550.1560769188,stimulus,
046,701,550.8458825643,tap,lctrl
046,702,550.9061166241,stimulus,
046,702,551.6456355838,tap,lctrl
046,703,551.6561649189,stimulus,
046,704,552.4062276376,stimulus,
046,704,552.4620100725,tap,lctrl
046,705,553.1562693309,stimulus,
046,705,553.1817923055,tap,rctrl
046,706,553.9063235293,stimulus,
046,706,553.9180169898,tap,rctrl
046,707,554.6563659414,stimulus,
046,707,554.7178002105,tap,rctrl
046,708,555.4064168407,stimulus,
046,708,555.4375324440,tap,rctrl
046,708,556.1416043338,tap,rctrl
046,709,556.1564634663,stimulus,
046,709,556.8935358064,tap,rctrl
046,710,556.9065022212,stimulus,
046,710,557.5976348929,tap,rctrl
046,711,557.6565576678,stimulus,
046,711,558.3017111526,tap,rctrl
046,712,558.4066193730,stimulus,
046,712,559.0536622581,tap,rctrl
046,713,559.1566813488,stimulus,
046,713,559.8055696948,tap,rctrl
046,714,559.9067300556,stimulus,
046,714,560.5897778825,tap,lctrl
046,715,560.6567770782,stimulus,
046,716,561.4068456404,stimulus,
046,716,561.4539922699,tap,lctrl
046,717,562.1568888405,stimulus,
046,717,562.2059092764,tap,lctrl
046,718,562.9069289488,stimulus,
046,718,563.0056572764,tap,lctrl
046,719,563.6574476606,stimulus,
046,719,563.7576624145,tap,lctrl
046,720,564.4070587621,stimulus,
046,720,564.5896391932,tap,lctrl
046,721,565.1571000975,stimulus,
046,721,565.3093452825,tap,lctrl
046,722,565.9071488073,stimulus,
046,722,566.0456274730,tap,lctrl
046,723,566.6572080463,stimulus,
046,723,566.7653625967,tap,lctrl
046,724,567.4072634899,stimulus,
046,724,567.5494874197,tap,lctrl
046,725,568.1573222628,stimulus,
046,725,568.2858201090,tap,rctrl
046,726,568.9073660974,stimulus,
046,726,569.0055217021,tap,rctrl
046,727,569.6574138297,stimulus,
046,727,569.7896889788,tap,rctrl
046,727,569.8206985048,tap,rctrl
046,728,570.4074607110,stimulus,
046,728,570.5894626839,tap,rctrl
046,729,571.1575155290,stimulus,
046,729,571.2613409406,tap,lctrl
046,730,571.9075628553,stimulus,
046,730,572.0132550779,tap,lctrl
046,731,572.6576231409,stimulus,
046,731,572.8452828637,tap,lctrl
046,732,573.4076815409,stimulus,
046,732,573.6294248806,tap,lctrl
046,733,574.1577510805,stimulus,
046,733,574.3179463927,tap,lctrl
046,734,574.9077846386,stimulus,
046,734,575.0375796797,tap,rctrl
046,735,575.6578457453,stimulus,
046,735,575.7739347447,tap,rctrl
046,736,576.4078829544,stimulus,
046,736,576.5893053624,tap,rctrl
046,736,576.6206368976,tap,rctrl
046,737,577.1579298747,stimulus,
046,737,577.4213140476,tap,rctrl
046,738,577.9079631440,stimulus,
046,738,578.0297027295,tap,rctrl
046,739,578.6580300973,stimulus,
046,739,578.7972560137,tap,rctrl
046,740,579.4080905032,stimulus,
046,740,579.5492081417,tap,rctrl
046,741,580.1581412851,stimulus,
046,741,580.1897872959,tap,rctrl
046,742,580.9082568214,stimulus,
046,742,580.9252242546,tap,lctrl
046,742,581.6459082332,tap,lctrl
046,743,581.6582948997,stimulus,
046,744,582.4083515764,stimulus,
046,744,582.4934909290,tap,lctrl
046,745,583.1583957809,stimulus,
046,745,583.2453853131,tap,lctrl
046,746,583.9084304096,stimulus,
046,746,584.0451454484,tap,lctrl
046,747,584.6584768909,stimulus,
046,747,584.8459040322,tap,lctrl
046,748,585.4085105752,stimulus,
046,748,585.5656213695,tap,rctrl
046,749,586.1585663616,stimulus,
046,749,586.2696902338,tap,rctrl
046,750,586.9086289841,stimulus,
046,750,587.0216292883,tap,rctrl
046,751,587.6586681721,stimulus,
046,751,587.7413613804,tap,rctrl
046,752,588.4087383945,stimulus,
046,752,588.4610624832,tap,rctrl
046,753,589.1587854351,stimulus,
046,753,589.1973746223,tap,lctrl
046,754,589.9088217059,stimulus,
046,754,590.0137489998,tap,lctrl
046,755,590.6588942110,stimulus,
046,755,590.7178884018,tap,lctrl
046,756,591.4089451223,stimulus,
046,756,591.5175982097,tap,lctrl
046,757,592.1590158529,stimulus,
046,757,592.1894608424,tap,lctrl
046,758,592.9090488636,stimulus,
046,758,593.0849794511,tap,lctrl
046,759,593.6591030891,stimulus,
046,759,593.8535312680,tap,lctrl
046,760,594.4091361239,stimulus,
046,760,594.5253514771,tap,lctrl
046,761,595.1592065929,stimulus,
046,761,595.2294583260,tap,rctrl
046,762,595.9092407133,stimulus,
046,762,595.9814121834,tap,rctrl
046,763,596.6592954742,stimulus,
046,763,596.7332954247,tap,lctrl
046,764,597.4093305901,stimulus,
046,764,597.4529813308,tap,lctrl
046,765,598.1593672428,stimulus,
046,765,598.2372688321,tap,rctrl
046,766,598.9094339224,stimulus,
046,766,598.9891026754,tap,lctrl
046,767,599.6594800998,stimulus,
046,767,599.6931699276,tap,rctrl
046,768,600.4095347434,stimulus,
046,768,600.4450993521,tap,rctrl
046,769,603.8744735800,probe1,1
046,770,604.6362543664,stimulus,
046,770,604.6365824539,tap,rctrl
046,771,605.3862824599,stimulus,
046,771,605.4527902072,tap,rctrl
046,772,606.1363413019,stimulus,
046,772,606.2369895408,tap,lctrl
046,773,606.8863853741,stimulus,
046,773,607.0054819147,tap,rctrl
046,774,607.6364231517,stimulus,
046,774,607.7730520829,tap,lctrl
046,775,608.3864708750,stimulus,
046,775,608.4292888830,tap,rctrl
046,776,609.1365050736,stimulus,
046,776,609.1968577731,tap,rctrl
046,777,609.8865658254,stimulus,
046,777,609.9487580940,tap,rctrl
046,778,610.6366014737,stimulus,
046,778,610.7329431932,tap,lctrl
046,779,611.3866554165,stimulus,
046,779,611.5492928220,tap,lctrl
046,780,612.1366985624,stimulus,
046,780,612.2690308027,tap,rctrl
046,781,612.8867349926,stimulus,
046,781,613.0209453581,tap,rctrl
046,782,613.6367956842,stimulus,
046,782,613.7250405109,tap,lctrl
046,783,614.3868483338,stimulus,
046,783,614.4292314343,tap,rctrl
046,784,615.1369098315,stimulus,
046,784,615.2288976095,tap,rctrl
046,785,615.8869472060,stimulus,
046,785,615.9651972945,tap,rctrl
046,786,616.6370089112,stimulus,
046,786,616.7649899107,tap,rctrl
046,787,617.3870606856,stimulus,
046,787,617.4368480383,tap,rctrl
046,788,618.1371098195,stimulus,
046,788,618.1731569774,tap,lctrl
046,789,618.8871660450,stimulus,
046,789,619.0207920276,tap,lctrl
046,790,619.6372159788,stimulus,
046,790,619.7727011154,tap,lctrl
046,791,620.3872691457,stimulus,
046,791,620.4445620459,tap,lctrl
046,792,621.1373299967,stimulus,
046,792,621.2932048287,tap,rctrl
046,793,621.8873898763,stimulus,
046,793,621.9807033452,tap,rctrl
046,794,622.6374357260,stimulus,
046,794,622.7013800938,tap,rctrl
046,795,623.3874988688,stimulus,
046,795,623.3889860139,tap,rctrl
046,796,624.1375527935,stimulus,
046,796,624.1729982153,tap,lctrl
046,797,624.8875953771,stimulus,
046,797,624.9884182250,tap,lctrl
046,798,625.6376637679,stimulus,
046,798,625.7090876263,tap,rctrl
046,799,626.3877140626,stimulus,
046,799,626.4287979622,tap,lctrl
