# {'date': u'2018_mai_28_1532', 'frameRate': 99.785242139365238, 'expName': u'RNGT_HDtDCS', u'session': u'baseline', u'participant': u'055'}
subj,trial,time,stimulus,response
055,0,0.0001124472,stimulus,
055,0,0.5109045783,tap,lctrl
055,1,0.7501498879,stimulus,
055,1,1.2140141936,tap,rctrl
055,2,1.5001998006,stimulus,
055,2,1.8380533065,tap,rctrl
055,3,2.2502516683,stimulus,
055,3,2.6700405694,tap,lctrl
055,4,3.0003065013,stimulus,
055,4,3.3428557172,tap,rctrl
055,5,3.7503759989,stimulus,
055,5,4.0947687268,tap,rctrl
055,6,4.5004249794,stimulus,
055,6,4.9424000958,tap,lctrl
055,7,5.2504854545,stimulus,
055,7,5.9502211530,tap,lctrl
055,8,6.0005407988,stimulus,
055,8,6.5420160437,tap,rctrl
055,9,6.7506054483,stimulus,
055,9,6.9423411782,tap,lctrl
055,10,7.5006591174,stimulus,
055,10,7.5985773948,tap,rctrl
055,11,8.2507128287,stimulus,
055,11,8.3505309364,tap,rctrl
055,12,9.0007678542,stimulus,
055,12,9.2626541572,tap,lctrl
055,13,9.7508259233,stimulus,
055,13,9.8865776921,tap,rctrl
055,14,10.5008617791,stimulus,
055,14,10.7186095591,tap,lctrl
055,15,11.2509116227,stimulus,
055,15,11.4060914020,tap,rctrl
055,16,12.0009741248,stimulus,
055,16,12.2381265171,tap,rctrl
055,17,12.7510313729,stimulus,
055,17,12.9099512013,tap,lctrl
055,18,13.5010899502,stimulus,
055,18,13.5984233996,tap,lctrl
055,19,14.2511297218,stimulus,
055,19,14.4939358790,tap,lctrl
055,20,15.0011656347,stimulus,
055,20,15.1501346944,tap,lctrl
055,21,15.7511993732,stimulus,
055,21,15.9186542049,tap,rctrl
055,22,16.5012627745,stimulus,
055,22,16.6061528988,tap,lctrl
055,23,17.2513172557,stimulus,
055,23,17.4059449917,tap,rctrl
055,24,18.0013828014,stimulus,
055,24,18.2379994479,tap,rctrl
055,25,18.7514460374,stimulus,
055,25,19.2301145949,tap,rctrl
055,26,19.5015094298,stimulus,
055,26,19.8063334691,tap,lctrl
055,27,20.2515660583,stimulus,
055,27,20.5425678765,tap,lctrl
055,28,21.0016017727,stimulus,
055,28,21.1821974570,tap,rctrl
055,29,21.7516516855,stimulus,
055,29,21.9497639200,tap,lctrl
055,30,22.5017128643,stimulus,
055,30,22.7183135024,tap,lctrl
055,31,23.2517683680,stimulus,
055,31,23.5180560047,tap,lctrl
055,32,24.0018356130,stimulus,
055,32,24.2065118512,tap,lctrl
055,33,24.7519027166,stimulus,
055,33,24.9740936194,tap,lctrl
055,34,25.5019565662,stimulus,
055,34,25.6459689167,tap,rctrl
055,35,26.2520100128,stimulus,
055,35,26.3979135440,tap,rctrl
055,36,27.0020800968,stimulus,
055,36,27.2142595849,tap,rctrl
055,37,27.7521298232,stimulus,
055,37,28.0941349415,tap,lctrl
055,38,28.5021677391,stimulus,
055,38,28.7982080644,tap,rctrl
055,39,29.2522225180,stimulus,
055,39,29.4378329230,tap,rctrl
055,40,30.0022849359,stimulus,
055,40,30.1575369612,tap,lctrl
055,41,30.7523415554,stimulus,
055,41,30.9895568734,tap,rctrl
055,42,31.5023838442,stimulus,
055,42,31.6301881204,tap,rctrl
055,43,32.2524239465,stimulus,
055,43,32.3977317656,tap,rctrl
055,44,33.0024701150,stimulus,
055,44,33.2775567587,tap,lctrl
055,45,33.7525269179,stimulus,
055,45,33.8537384392,tap,lctrl
055,46,34.5025859645,stimulus,
055,46,34.6222882953,tap,lctrl
055,47,35.2526323886,stimulus,
055,47,35.3741906312,tap,lctrl
055,48,36.0026844758,stimulus,
055,48,36.2696890746,tap,rctrl
055,49,36.7527392637,stimulus,
055,49,36.8615003502,tap,lctrl
055,50,37.5027870472,stimulus,
055,50,37.6778688329,tap,lctrl
055,51,38.2528344517,stimulus,
055,51,38.4454129112,tap,lctrl
055,52,39.0028952907,stimulus,
055,52,39.1660869892,tap,lctrl
055,52,39.6143493027,tap,rctrl
055,53,39.7529538861,stimulus,
055,54,40.5030086349,stimulus,
055,54,40.6856019802,tap,rctrl
055,55,41.2530691281,stimulus,
055,55,41.3574454041,tap,lctrl
055,56,42.0031226378,stimulus,
055,56,42.1415974660,tap,rctrl
055,57,42.7531932783,stimulus,
055,57,42.8456836294,tap,rctrl
055,58,43.5032371490,stimulus,
055,58,43.6454786996,tap,rctrl
055,59,44.2532943399,stimulus,
055,59,44.3661148862,tap,lctrl
055,60,45.0033443910,stimulus,
055,60,45.0380028902,tap,rctrl
055,61,45.7534114134,stimulus,
055,61,45.8377997590,tap,rctrl
055,62,46.5034643848,stimulus,
055,62,46.6698066307,tap,lctrl
055,63,47.2535144450,stimulus,
055,63,47.4695887868,tap,lctrl
055,64,48.0035572390,stimulus,
055,64,48.2058506075,tap,lctrl
055,65,48.7535954557,stimulus,
055,65,48.9099820457,tap,rctrl
055,66,49.5036374828,stimulus,
055,66,49.6618793922,tap,lctrl
055,67,50.2537058556,stimulus,
055,67,50.3659884547,tap,rctrl
055,68,51.0037719367,stimulus,
055,68,51.1335411885,tap,lctrl
055,69,51.7538216720,stimulus,
055,69,51.8698664102,tap,lctrl
055,70,52.5038645412,stimulus,
055,70,52.5739277166,tap,rctrl
055,71,53.2539124781,stimulus,
055,71,53.3258673395,tap,rctrl
055,72,54.0039795606,stimulus,
055,72,54.0778052060,tap,rctrl
055,73,54.7540197562,stimulus,
055,73,54.8453604210,tap,rctrl
055,74,55.5040704028,stimulus,
055,74,55.6461185176,tap,rctrl
055,75,56.2541084059,stimulus,
055,75,56.3980588833,tap,rctrl
055,76,57.0041658495,stimulus,
055,76,57.1333650882,tap,rctrl
055,77,57.7542450793,stimulus,
055,77,57.8696737717,tap,rctrl
055,78,58.5042757832,stimulus,
055,78,58.7495564726,tap,lctrl
055,79,59.2543291155,stimulus,
055,79,59.4213855146,tap,lctrl
055,80,60.0043954793,stimulus,
055,80,60.1254885260,tap,rctrl
055,81,60.7544292238,stimulus,
055,81,60.8617875434,tap,lctrl
055,82,61.5044692059,stimulus,
055,82,61.7094288191,tap,lctrl
055,83,62.2545278163,stimulus,
055,83,62.4135110186,tap,lctrl
055,84,63.0045906102,stimulus,
055,84,63.0375019454,tap,rctrl
055,85,63.7546409139,stimulus,
055,85,63.8216824732,tap,lctrl
055,86,64.5046899485,stimulus,
055,86,64.5735926016,tap,rctrl
055,87,65.2547421139,stimulus,
055,87,65.3890192548,tap,lctrl
055,88,66.0048060085,stimulus,
055,88,66.1419228484,tap,rctrl
055,89,66.7549233644,stimulus,
055,89,67.0374431081,tap,lctrl
055,90,67.5049524563,stimulus,
055,90,67.6936234035,tap,lctrl
055,91,68.2550034758,stimulus,
055,91,68.4611987897,tap,lctrl
055,92,69.0050397767,stimulus,
055,92,69.2609915803,tap,lctrl
055,93,69.7550905977,stimulus,
055,93,69.9972904804,tap,rctrl
055,94,75.6218803744,probe1,0
055,95,76.3846475824,stimulus,
055,95,76.5410737781,tap,lctrl
055,96,77.1346465332,stimulus,
055,96,77.2929757321,tap,rctrl
055,97,77.8846826807,stimulus,
055,97,78.0615012967,tap,rctrl
055,98,78.6347412400,stimulus,
055,98,78.8612898407,tap,lctrl
055,99,79.3848141150,stimulus,
055,99,79.6454492529,tap,lctrl
055,100,80.1348657541,stimulus,
055,100,80.3329467648,tap,lctrl
055,101,80.8849120338,stimulus,
055,101,81.0370043630,tap,rctrl
055,102,81.6349793179,stimulus,
055,102,81.8212264724,tap,lctrl
055,103,82.3850348517,stimulus,
055,103,82.5252631475,tap,lctrl
055,104,83.1350683736,stimulus,
055,104,83.2771961689,tap,rctrl
055,105,83.8851195045,stimulus,
055,105,84.0447396727,tap,rctrl
055,106,84.6351742142,stimulus,
055,106,84.7976757652,tap,rctrl
055,107,85.3852321750,stimulus,
055,107,85.5496278932,tap,rctrl
055,108,86.1352984636,stimulus,
055,108,86.2370823078,tap,lctrl
055,109,86.8853338863,stimulus,
055,109,87.0055933010,tap,rctrl
055,110,87.6353861299,stimulus,
055,110,87.7888034883,tap,lctrl
055,111,88.3854204428,stimulus,
055,111,88.5896867838,tap,lctrl
055,112,89.1354646052,stimulus,
055,112,89.3414642156,tap,rctrl
055,113,89.8855245360,stimulus,
055,113,90.1090411386,tap,lctrl
055,114,90.6355638053,stimulus,
055,114,90.8453232960,tap,lctrl
055,115,91.3856072008,stimulus,
055,115,91.5494376156,tap,rctrl
055,116,92.1356646083,stimulus,
055,116,92.3326265880,tap,rctrl
055,117,92.8857222653,stimulus,
055,117,93.0532858390,tap,lctrl
055,118,93.6357553211,stimulus,
055,118,93.7573957165,tap,rctrl
055,119,94.3858158594,stimulus,
055,119,94.5405723972,tap,rctrl
055,120,95.1358654925,stimulus,
055,120,95.3091001001,tap,lctrl
055,121,95.8859036489,stimulus,
055,121,95.9809266881,tap,lctrl
055,122,96.6359647255,stimulus,
055,122,96.7973147947,tap,lctrl
055,123,97.3860416276,stimulus,
055,123,97.5971335310,tap,lctrl
055,124,98.1360863915,stimulus,
055,124,98.2533894347,tap,lctrl
055,125,98.8861200939,stimulus,
055,125,99.0687554870,tap,lctrl
055,126,99.6361812607,stimulus,
055,126,99.8529457831,tap,lctrl
055,127,100.3862341539,stimulus,
055,127,100.5413908628,tap,lctrl
055,128,101.1362978050,stimulus,
055,128,101.1653822738,tap,rctrl
055,129,101.8863484546,stimulus,
055,129,102.0452521809,tap,rctrl
055,130,102.6364035643,stimulus,
055,130,102.8450066710,tap,lctrl
055,131,103.3864461208,stimulus,
055,131,103.5647098641,tap,rctrl
055,132,104.1365081477,stimulus,
055,132,104.2844420314,tap,rctrl
055,133,104.8865626740,stimulus,
055,133,105.0373649421,tap,rctrl
055,134,105.6366197567,stimulus,
055,134,105.8205290636,tap,rctrl
055,135,106.3866569297,stimulus,
055,135,106.5412029882,tap,lctrl
055,136,107.1367038711,stimulus,
055,136,107.2765430664,tap,rctrl
055,137,107.8867482591,stimulus,
055,137,108.1085694778,tap,lctrl
055,138,108.6367930682,stimulus,
055,138,108.8292066809,tap,rctrl
055,139,109.3868444486,stimulus,
055,139,109.6124228230,tap,rctrl
055,140,110.1368783735,stimulus,
055,140,110.3165186495,tap,lctrl
055,141,110.8869355284,stimulus,
055,141,111.0372026702,tap,lctrl
055,142,111.6370008937,stimulus,
055,142,111.7412873810,tap,lctrl
055,143,112.3870671883,stimulus,
055,143,112.5244809187,tap,lctrl
055,144,113.1371200033,stimulus,
055,144,113.2929900143,tap,rctrl
055,145,113.8871523042,stimulus,
055,145,114.1250297579,tap,rctrl
055,146,114.6372047282,stimulus,
055,146,114.7968715968,tap,lctrl
055,147,115.3872373660,stimulus,
055,147,115.5966447756,tap,rctrl
055,148,116.1372963403,stimulus,
055,148,116.3163355958,tap,lctrl
055,149,116.8873551041,stimulus,
055,149,117.0526293982,tap,rctrl
055,150,117.6374142620,stimulus,
055,150,117.8367927893,tap,lctrl
055,151,118.3874724363,stimulus,
055,151,118.6043574749,tap,lctrl
055,152,119.1375136484,stimulus,
055,152,119.2762318219,tap,rctrl
055,153,119.8875650890,stimulus,
055,153,120.0603927287,tap,lctrl
055,154,120.6376303220,stimulus,
055,154,120.7966531209,tap,lctrl
055,155,121.3876875490,stimulus,
055,155,121.5808402231,tap,lctrl
055,156,122.1377449264,stimulus,
055,156,122.2683393561,tap,rctrl
055,157,122.8877842046,stimulus,
055,157,123.0046237661,tap,lctrl
055,158,123.6378422136,stimulus,
055,158,123.7887730971,tap,lctrl
055,159,127.2640446870,probe1,0
055,160,128.0258260810,stimulus,
055,160,128.2369603810,tap,lctrl
055,161,128.7758370918,stimulus,
055,161,128.9566287955,tap,rctrl
055,162,129.5259016511,stimulus,
055,162,129.7408272810,tap,lctrl
055,163,130.2759419550,stimulus,
055,163,130.4927319026,tap,lctrl
055,164,131.0259972151,stimulus,
055,164,131.1967987369,tap,rctrl
055,165,131.7760544601,stimulus,
055,165,131.9809909517,tap,lctrl
055,166,132.5261042225,stimulus,
055,166,132.7485236496,tap,lctrl
055,167,133.2761709923,stimulus,
055,167,133.4359801364,tap,lctrl
055,168,134.0262197322,stimulus,
055,168,134.2367353668,tap,lctrl
055,169,134.7762726133,stimulus,
055,169,134.9085796599,tap,lctrl
055,170,135.5263359486,stimulus,
055,170,135.7406096171,tap,lctrl
055,171,136.2763921290,stimulus,
055,171,136.4603491949,tap,rctrl
055,172,137.0264301591,stimulus,
055,172,137.1321593378,tap,rctrl
055,173,137.7764809712,stimulus,
055,173,137.8840940465,tap,lctrl
055,174,138.5265278584,stimulus,
055,174,138.6360439970,tap,rctrl
055,175,139.2765911545,stimulus,
055,175,139.4368156725,tap,rctrl
055,176,140.0266504567,stimulus,
055,176,140.2688316178,tap,rctrl
055,177,140.7766958402,stimulus,
055,177,140.9406503472,tap,lctrl
055,178,141.5267506191,stimulus,
055,178,141.6759696617,tap,rctrl
055,179,142.2768291332,stimulus,
055,179,142.4279724088,tap,rctrl
055,180,143.0268722280,stimulus,
055,180,143.1798666697,tap,lctrl
055,181,143.7769231001,stimulus,
055,181,143.9327843503,tap,rctrl
055,182,144.5269595514,stimulus,
055,182,144.6846991613,tap,rctrl
055,183,145.2770197949,stimulus,
055,183,145.3721752870,tap,lctrl
055,184,146.0270540747,stimulus,
055,184,146.1241398540,tap,rctrl
055,185,146.7771158250,stimulus,
055,185,146.9404948963,tap,lctrl
055,186,147.5271623965,stimulus,
055,186,147.7246545460,tap,rctrl
055,187,148.2772194671,stimulus,
055,187,148.3965202825,tap,rctrl
055,188,149.0272713618,stimulus,
055,188,149.2119134263,tap,lctrl
055,189,149.7773337827,stimulus,
055,189,149.9804473968,tap,lctrl
055,190,150.5273962879,stimulus,
055,190,150.7323886287,tap,lctrl
055,191,151.2774569314,stimulus,
055,191,151.5165542182,tap,rctrl
055,192,152.0274905917,stimulus,
055,192,152.2684972396,tap,rctrl
055,193,152.7775413556,stimulus,
055,193,152.8758819903,tap,rctrl
055,194,153.5275938639,stimulus,
055,194,153.6278223440,tap,lctrl
055,195,154.2776590216,stimulus,
055,195,154.3485045241,tap,rctrl
055,196,155.0276930759,stimulus,
055,196,155.1160765330,tap,rctrl
055,197,155.7777356534,stimulus,
055,197,155.8357465294,tap,lctrl
055,198,156.5278011721,stimulus,
055,198,156.6043191491,tap,rctrl
055,199,157.2778452653,stimulus,
055,199,157.3084198928,tap,rctrl
055,200,158.0278842549,stimulus,
055,200,158.1081750627,tap,lctrl
055,201,158.7779343782,stimulus,
055,201,158.8923376298,tap,lctrl
055,202,159.5279737046,stimulus,
055,202,159.6599096626,tap,lctrl
055,203,160.2780180024,stimulus,
055,203,160.4118503652,tap,lctrl
055,204,161.0280659543,stimulus,
055,204,161.1481029289,tap,rctrl
055,205,161.7781217287,stimulus,
055,205,161.8678384706,tap,lctrl
055,206,162.5281886007,stimulus,
055,206,162.6676121004,tap,rctrl
055,207,163.2782412744,stimulus,
055,207,163.3883024460,tap,lctrl
055,208,164.0282790459,stimulus,
055,208,164.1558627376,tap,rctrl
055,209,164.7783356925,stimulus,
055,209,164.8921751594,tap,rctrl
055,210,165.5283808775,stimulus,
055,210,165.6441754464,tap,lctrl
055,211,166.2784325166,stimulus,
055,211,166.4595043411,tap,rctrl
055,212,167.0284658280,stimulus,
055,212,167.1323274649,tap,rctrl
055,213,167.7785307542,stimulus,
055,213,167.8520373376,tap,rctrl
055,214,168.5285819211,stimulus,
055,214,168.6684221541,tap,lctrl
055,215,169.2786314279,stimulus,
055,215,169.4359952907,tap,lctrl
055,216,170.0286586251,stimulus,
055,216,170.2201450428,tap,lctrl
055,217,170.7787158731,stimulus,
055,217,171.0199325793,tap,lctrl
055,218,171.5287704656,stimulus,
055,218,171.7240355516,tap,lctrl
055,219,172.2788204926,stimulus,
055,219,172.3636601967,tap,rctrl
055,220,173.0288561679,stimulus,
055,220,173.1321848770,tap,rctrl
055,221,173.7788879395,stimulus,
055,221,173.9163630590,tap,lctrl
055,222,174.5289480988,stimulus,
055,222,174.7161226529,tap,rctrl
055,223,175.2789939335,stimulus,
055,223,175.4358540593,tap,lctrl
055,224,176.0290585830,stimulus,
055,224,176.1076859795,tap,rctrl
055,224,176.7639263976,tap,lctrl
055,225,176.7790984808,stimulus,
055,226,177.5291490161,stimulus,
055,226,177.5314768127,tap,rctrl
055,227,178.2792025319,stimulus,
055,227,178.3634868573,tap,rctrl
055,228,179.0292386042,stimulus,
055,228,179.2433687491,tap,lctrl
055,229,179.7792971455,stimulus,
055,229,180.0274721077,tap,lctrl
055,230,180.5293519394,stimulus,
055,230,180.7159406789,tap,lctrl
055,231,181.2794085469,stimulus,
055,231,181.4512938999,tap,rctrl
055,232,182.0294508507,stimulus,
055,232,182.1875900091,tap,rctrl
055,233,182.7795200746,stimulus,
055,233,182.8438493384,tap,rctrl
055,234,183.5295589439,stimulus,
055,234,183.6435899309,tap,rctrl
055,235,184.2796174791,stimulus,
055,235,184.3799196608,tap,rctrl
055,236,185.0296447304,stimulus,
055,236,185.1640767903,tap,rctrl
055,237,185.7796990612,stimulus,
055,237,185.8192954458,tap,lctrl
055,238,186.5297409350,stimulus,
055,238,186.5712687496,tap,lctrl
055,239,187.2797973349,stimulus,
055,239,187.3723316045,tap,rctrl
055,240,188.0298147939,stimulus,
055,240,188.0917529383,tap,lctrl
055,241,188.7798674314,stimulus,
055,241,188.8915251817,tap,rctrl
055,242,189.5299287005,stimulus,
055,242,189.6600557026,tap,lctrl
055,243,190.2799761742,stimulus,
055,243,190.4754844672,tap,lctrl
055,244,191.0300435726,stimulus,
055,244,191.2274186104,tap,lctrl
055,245,191.7800866132,stimulus,
055,245,191.9959245240,tap,rctrl
055,246,192.5301206013,stimulus,
055,246,192.6199227139,tap,rctrl
055,247,193.2801703186,stimulus,
055,247,193.4675769188,tap,rctrl
055,248,194.0302287125,stimulus,
055,248,194.2038853286,tap,rctrl
055,249,194.7803035574,stimulus,
055,249,194.9235779293,tap,rctrl
055,250,195.5303337290,stimulus,
055,250,195.5798035325,tap,rctrl
055,251,196.2803830824,stimulus,
055,251,196.3152031531,tap,lctrl
055,252,197.0304148961,stimulus,
055,252,197.1637367279,tap,lctrl
055,253,197.7804617443,stimulus,
055,253,197.9479124708,tap,rctrl
055,254,203.1877632287,probe1,0
055,255,203.9505230593,stimulus,
055,255,204.2837082715,tap,lctrl
055,256,204.7005873660,stimulus,
055,256,204.8598817686,tap,rctrl
055,257,205.4506326201,stimulus,
055,257,205.5951978711,tap,lctrl
055,258,206.2006863945,stimulus,
055,258,206.3158684243,tap,lctrl
055,259,206.9507171977,stimulus,
055,259,207.0990301849,tap,rctrl
055,260,207.7007651857,stimulus,
055,260,207.9153857535,tap,rctrl
055,261,208.4508163255,stimulus,
055,261,208.5550242150,tap,lctrl
055,262,209.2008803555,stimulus,
055,262,209.3235931146,tap,rctrl
055,263,209.9509319284,stimulus,
055,263,210.0589169945,tap,lctrl
055,264,210.7009796668,stimulus,
055,264,210.8753112815,tap,lctrl
055,265,211.4510298623,stimulus,
055,265,211.5637570680,tap,rctrl
055,266,212.2010933027,stimulus,
055,266,212.3792408336,tap,lctrl
055,267,212.9511602079,stimulus,
055,267,213.1310909174,tap,rctrl
055,268,213.7012013177,stimulus,
055,268,213.9630731787,tap,lctrl
055,269,214.4512373178,stimulus,
055,269,214.6037037882,tap,rctrl
055,270,215.2012821690,stimulus,
055,270,215.3556404065,tap,lctrl
055,271,215.9513572996,stimulus,
055,271,216.1231865329,tap,lctrl
055,272,216.7014028004,stimulus,
055,272,216.7793952671,tap,rctrl
055,273,217.4514758829,stimulus,
055,273,217.5484574014,tap,lctrl
055,274,218.2015257325,stimulus,
055,274,218.3311381526,tap,lctrl
055,275,218.9515654800,stimulus,
055,275,219.0508962535,tap,rctrl
055,276,219.7016184875,stimulus,
055,276,219.8828539286,tap,lctrl
055,277,220.4516721175,stimulus,
055,277,220.6191655294,tap,rctrl
055,278,221.2017275040,stimulus,
055,278,221.3711291521,tap,rctrl
055,279,221.9517874648,stimulus,
055,279,222.0429755835,tap,lctrl
055,280,222.7018274197,stimulus,
055,280,222.9228269463,tap,lctrl
055,281,223.4518959639,stimulus,
055,281,223.6268763250,tap,rctrl
055,282,224.2019606886,stimulus,
055,282,224.3476082852,tap,lctrl
055,283,224.9520124059,stimulus,
055,283,225.0507673979,tap,rctrl
055,284,225.7020654615,stimulus,
055,284,225.7713731517,tap,rctrl
055,285,226.4521186374,stimulus,
055,285,226.5066866347,tap,lctrl
055,286,227.2021812268,stimulus,
055,286,227.2586180020,tap,rctrl
055,286,227.8826297016,tap,lctrl
055,287,227.9522179036,stimulus,
055,287,228.6668006505,tap,lctrl
055,288,228.7022796178,stimulus,
055,288,229.4353412826,tap,rctrl
055,289,229.4523319005,stimulus,
055,290,230.2023928929,stimulus,
055,290,230.2351259169,tap,rctrl
055,290,230.8913207504,tap,lctrl
055,291,230.9524280268,stimulus,
055,292,231.7024828148,stimulus,
055,292,231.7389808891,tap,lctrl
055,292,232.4430926823,tap,lctrl
055,293,232.4525203607,stimulus,
055,294,233.2025865531,stimulus,
055,294,233.2428473018,tap,rctrl
055,295,233.9526257742,stimulus,
055,295,233.9791602379,tap,lctrl
055,296,234.7026602495,stimulus,
055,296,234.7633144080,tap,lctrl
055,297,235.4527101743,stimulus,
055,297,235.5308926995,tap,lctrl
055,297,236.1871154757,tap,rctrl
055,298,236.2027469534,stimulus,
055,299,236.9527918768,stimulus,
055,299,236.9868790365,tap,rctrl
055,300,237.7028367520,stimulus,
055,300,237.7866927322,tap,rctrl
055,301,238.4528777085,stimulus,
055,301,238.4907470101,tap,lctrl
055,302,239.2029300333,stimulus,
055,302,239.2749157636,tap,lctrl
055,303,239.9529925956,stimulus,
055,303,240.0590739457,tap,rctrl
055,304,240.7030491218,stimulus,
055,304,240.9066885299,tap,lctrl
055,305,241.4530988812,stimulus,
055,305,241.5951736574,tap,rctrl
055,306,242.2031598826,stimulus,
055,306,242.2670241008,tap,rctrl
055,306,242.9066418918,tap,lctrl
055,307,242.9531909926,stimulus,
055,308,243.7032570285,stimulus,
055,308,243.7230221128,tap,lctrl
055,308,244.4105284397,tap,lctrl
055,309,244.4532995098,stimulus,
055,310,245.2033587909,stimulus,
055,310,245.2591119148,tap,lctrl
055,311,245.9533953895,stimulus,
055,311,246.0110436190,tap,lctrl
055,312,246.7034675096,stimulus,
055,312,246.7307424602,tap,lctrl
055,313,247.4535163758,stimulus,
055,313,247.5471628433,tap,lctrl
055,314,248.2035785381,stimulus,
055,314,248.2824945216,tap,lctrl
055,315,248.9536098225,stimulus,
055,315,248.9709209820,tap,lctrl
055,316,249.7036547007,stimulus,
055,316,249.7550848994,tap,lctrl
055,317,250.4537045443,stimulus,
055,317,250.6027474681,tap,lctrl
055,318,251.2037517684,stimulus,
055,318,251.2912147341,tap,rctrl
055,319,251.9537991429,stimulus,
055,319,252.0108850704,tap,lctrl
055,320,252.7038530075,stimulus,
055,320,252.7950432435,tap,rctrl
055,321,253.4539058496,stimulus,
055,321,253.6270653451,tap,rctrl
055,322,254.2039612330,stimulus,
055,322,254.3946243225,tap,lctrl
055,323,254.9540213863,stimulus,
055,323,255.0830907133,tap,rctrl
055,324,255.7040672750,stimulus,
055,325,256.4541255336,stimulus,
055,325,256.5703434523,tap,rctrl
055,326,257.2041651668,stimulus,
055,326,257.2744440215,tap,lctrl
055,327,257.9542100571,stimulus,
055,327,258.0107488885,tap,rctrl
055,328,258.7042620691,stimulus,
055,328,258.7782769639,tap,rctrl
055,329,259.4543058015,stimulus,
055,329,259.7069847219,tap,rctrl
055,330,260.2043578255,stimulus,
055,330,260.4110620824,tap,rctrl
055,331,260.9544127728,stimulus,
055,331,261.0663143616,tap,lctrl
055,332,261.7044569353,stimulus,
055,332,261.7870030049,tap,lctrl
055,333,262.4545259366,stimulus,
055,333,262.6190373771,tap,lctrl
055,334,263.2045637202,stimulus,
055,334,263.4188096326,tap,lctrl
055,335,263.9546140149,stimulus,
055,335,264.1384709884,tap,lctrl
055,336,264.7046843365,stimulus,
055,336,264.8269346936,tap,lctrl
055,337,265.4547435274,stimulus,
055,337,265.5788872727,tap,rctrl
055,338,266.2047893591,stimulus,
055,338,266.2985984387,tap,rctrl
055,339,266.9548489199,stimulus,
055,339,267.0349100094,tap,rctrl
055,340,267.7048915605,stimulus,
055,340,267.8668934737,tap,lctrl
055,341,268.4549489981,stimulus,
055,341,268.5543686731,tap,lctrl
055,342,269.2049965259,stimulus,
055,342,269.2906914828,tap,lctrl
055,343,269.9550419666,stimulus,
055,343,270.1549499811,tap,rctrl
055,344,275.6652814072,probe1,0
055,345,276.4270693365,stimulus,
055,345,276.5385693317,tap,lctrl
055,346,277.1771036644,stimulus,
055,346,277.2426283074,tap,rctrl
055,347,277.9271480133,stimulus,
055,347,278.0268130787,tap,rctrl
055,348,278.6772052073,stimulus,
055,348,278.8099621748,tap,lctrl
055,349,279.4272720222,stimulus,
055,349,279.6107619522,tap,lctrl
055,350,280.1773374506,stimulus,
055,350,280.3460871344,tap,rctrl
055,351,280.9273947648,stimulus,
055,351,281.1302436383,tap,lctrl
055,352,281.6774394325,stimulus,
055,352,281.8821621275,tap,lctrl
055,353,282.4275027527,stimulus,
055,353,282.5862310459,tap,rctrl
055,354,283.1775558234,stimulus,
055,354,283.2903281506,tap,rctrl
055,355,283.9275978204,stimulus,
055,355,284.0100096596,tap,rctrl
055,356,284.6776458415,stimulus,
055,356,284.7141181958,tap,lctrl
055,357,285.4276901333,stimulus,
055,357,285.5461164540,tap,rctrl
055,358,286.1777386656,stimulus,
055,358,286.2501860220,tap,lctrl
055,359,286.9277783439,stimulus,
055,359,287.0177622233,tap,lctrl
055,360,287.6778426505,stimulus,
055,360,287.8341446669,tap,rctrl
055,361,288.4278978084,stimulus,
055,361,288.5226011270,tap,lctrl
055,362,289.1779486776,stimulus,
055,362,289.3223806244,tap,lctrl
055,363,289.9279890085,stimulus,
055,363,290.0420711049,tap,lctrl
055,364,290.6780419017,stimulus,
055,364,290.7940230073,tap,rctrl
055,365,291.4281079767,stimulus,
055,365,291.5781891863,tap,lctrl
055,366,292.1781716638,stimulus,
055,366,292.2979201085,tap,lctrl
055,367,292.9282276337,stimulus,
055,367,293.0342510595,tap,lctrl
055,368,293.6782622714,stimulus,
055,368,293.7060670250,tap,lctrl
055,369,294.4283099677,stimulus,
055,369,294.5224345063,tap,rctrl
055,370,295.1783551918,stimulus,
055,370,295.2421551518,tap,lctrl
055,371,295.9284227104,stimulus,
055,371,296.0741382613,tap,lctrl
055,372,296.6784765330,stimulus,
055,372,296.7938773729,tap,lctrl
055,373,297.4285175586,stimulus,
055,373,297.5301601318,tap,lctrl
055,374,298.1785654774,stimulus,
055,374,298.2977243873,tap,lctrl
055,375,298.9286019407,stimulus,
055,375,299.0662465354,tap,rctrl
055,376,299.6786491798,stimulus,
055,376,299.8016095368,tap,lctrl
055,377,300.4286901784,stimulus,
055,377,300.5378886476,tap,rctrl
055,378,301.1787337063,stimulus,
055,378,301.3377012546,tap,lctrl
055,379,301.9287867559,stimulus,
055,379,302.1384541482,tap,rctrl
055,380,302.6788390957,stimulus,
055,380,302.7780490041,tap,rctrl
055,381,303.4288874927,stimulus,
055,381,303.5456033198,tap,lctrl
055,382,304.1789307168,stimulus,
055,382,304.2975514599,tap,rctrl
055,383,304.9289693335,stimulus,
055,383,305.0182326356,tap,rctrl
055,384,305.6790267379,stimulus,
055,384,305.7535547140,tap,rctrl
055,385,306.4290701996,stimulus,
055,385,306.5377208600,tap,rctrl
055,386,307.1791140974,stimulus,
055,386,307.2740541448,tap,lctrl
055,387,307.9291689936,stimulus,
055,387,308.0103596253,tap,rctrl
055,388,308.6792096583,stimulus,
055,388,308.8101491648,tap,lctrl
055,389,309.4292616734,stimulus,
055,389,309.6733966763,tap,rctrl
055,390,310.1793210026,stimulus,
055,390,310.3462709575,tap,lctrl
055,391,310.9293746988,stimulus,
055,391,311.0815518122,tap,lctrl
055,392,311.6794332160,stimulus,
055,392,311.8178758189,tap,lctrl
055,393,312.4294747289,stimulus,
055,393,312.5697932404,tap,rctrl
055,394,313.1795341784,stimulus,
055,394,313.3861659698,tap,lctrl
055,395,313.9295977573,stimulus,
055,395,314.0414468924,tap,rctrl
055,396,314.6796560700,stimulus,
055,396,314.8256125211,tap,lctrl
055,397,315.4297036099,stimulus,
055,397,315.5453163307,tap,lctrl
055,398,316.1797513091,stimulus,
055,398,316.2815988700,tap,rctrl
055,399,316.9297949693,stimulus,
055,399,317.0814087041,tap,rctrl
055,400,317.6798584880,stimulus,
055,400,317.7854940765,tap,lctrl
055,401,318.4299229871,stimulus,
055,401,318.4417053280,tap,rctrl
055,402,319.1799757931,stimulus,
055,402,319.2736978780,tap,rctrl
055,403,319.9300458050,stimulus,
055,403,320.1701909565,tap,rctrl
055,404,320.6801080485,stimulus,
055,404,320.8254251126,tap,lctrl
055,405,321.4301624334,stimulus,
055,405,321.5939821956,tap,lctrl
055,406,322.1801971944,stimulus,
055,406,322.2980780612,tap,rctrl
055,407,322.9302658018,stimulus,
055,407,322.9856041293,tap,lctrl
055,408,323.6803261566,stimulus,
055,408,323.7853183852,tap,rctrl
055,409,324.4303875550,stimulus,
055,409,324.5216175350,tap,lctrl
055,410,325.1804339039,stimulus,
055,410,325.2735412572,tap,lctrl
055,411,325.9304821596,stimulus,
055,411,326.0733425620,tap,lctrl
055,412,326.6805383760,stimulus,
055,412,326.7940278339,tap,lctrl
055,413,327.4305846046,stimulus,
055,413,327.5137399954,tap,rctrl
055,414,328.1806255611,stimulus,
055,414,328.2657800565,tap,rctrl
055,415,328.9306847189,stimulus,
055,415,329.0654543428,tap,rctrl
055,416,329.6807348182,stimulus,
055,416,329.8495957732,tap,lctrl
055,417,330.4307813114,stimulus,
055,417,330.5693149842,tap,lctrl
055,418,331.1808300182,stimulus,
055,418,331.2899990200,tap,rctrl
055,419,331.9308931309,stimulus,
055,419,332.0419283843,tap,rctrl
055,420,332.6809559699,stimulus,
055,420,332.8094889225,tap,lctrl
055,421,333.4309966466,stimulus,
055,421,333.5936549301,tap,lctrl
055,422,334.1810441053,stimulus,
055,422,334.3133351400,tap,lctrl
055,423,334.9311117743,stimulus,
055,423,335.0174052073,tap,lctrl
055,424,344.5735669477,probe1,0
055,425,345.3363409315,stimulus,
055,425,345.4810439257,tap,lctrl
055,426,346.0863641949,stimulus,
055,426,346.2652478789,tap,rctrl
055,427,346.8364050672,stimulus,
055,427,347.0006195238,tap,rctrl
055,428,347.5864564206,stimulus,
055,428,347.8012991820,tap,rctrl
055,429,348.3364955876,stimulus,
055,429,348.4096466282,tap,lctrl
055,430,349.0865657468,stimulus,
055,430,349.2094346970,tap,rctrl
055,431,349.8366015755,stimulus,
055,431,349.9769915691,tap,lctrl
055,432,350.5866482823,stimulus,
055,432,350.8412432194,tap,lctrl
055,433,351.3367147634,stimulus,
055,433,351.4652411176,tap,rctrl
055,434,352.0867673257,stimulus,
055,434,352.2816398226,tap,lctrl
055,435,352.8368393767,stimulus,
055,435,353.0013417616,tap,lctrl
055,436,353.5868876835,stimulus,
055,436,353.7532765063,tap,lctrl
055,437,354.3369319632,stimulus,
055,437,354.5696294945,tap,lctrl
055,438,355.0869831452,stimulus,
055,438,355.1770462961,tap,lctrl
055,438,355.8333028103,tap,rctrl
055,439,355.8370270069,stimulus,
055,440,356.5870725558,stimulus,
055,440,356.6008374811,tap,rctrl
055,441,357.3371412503,stimulus,
055,441,357.4015920980,tap,rctrl
055,442,358.0871959390,stimulus,
055,442,358.1212897543,tap,rctrl
055,443,358.8372617705,stimulus,
055,443,359.1290859215,tap,lctrl
055,444,359.5873118036,stimulus,
055,444,359.7208488516,tap,rctrl
055,445,360.3373785072,stimulus,
055,445,360.5694737519,tap,lctrl
055,446,361.0874138697,stimulus,
055,446,361.3692508223,tap,rctrl
055,447,361.8374535269,stimulus,
055,447,361.9453825394,tap,lctrl
055,448,362.5875066066,stimulus,
055,448,362.6973448447,tap,lctrl
055,449,363.3375685193,stimulus,
055,449,363.4649203182,tap,lctrl
055,450,364.0876098066,stimulus,
055,450,364.2168448495,tap,lctrl
055,451,364.8376490398,stimulus,
055,451,365.0010040511,tap,lctrl
055,452,365.5877044593,stimulus,
055,452,365.7373007197,tap,rctrl
055,453,366.3377711147,stimulus,
055,453,366.4414233639,tap,rctrl
055,454,367.0878176742,stimulus,
055,454,367.2245434136,tap,lctrl
055,455,367.8378717042,stimulus,
055,455,367.9609129176,tap,rctrl
055,456,368.5879071630,stimulus,
055,456,368.8885842816,tap,lctrl
055,457,369.3379546487,stimulus,
055,457,369.5614242202,tap,lctrl
055,458,370.0880134968,stimulus,
055,458,370.4090898566,tap,lctrl
055,459,370.8380647960,stimulus,
055,459,371.0008489311,tap,rctrl
055,460,371.5881248922,stimulus,
055,460,371.7371462222,tap,lctrl
055,461,372.3381674727,stimulus,
055,461,372.5046743878,tap,rctrl
055,462,373.0882005134,stimulus,
055,462,373.2409892938,tap,lctrl
055,463,373.8382668501,stimulus,
055,463,374.0407909053,tap,lctrl
055,464,374.5883046848,stimulus,
055,464,374.7126170031,tap,rctrl
055,465,375.3383554457,stimulus,
055,465,375.4812032498,tap,lctrl
055,466,376.0884099118,stimulus,
055,466,376.2331322803,tap,rctrl
055,467,376.8384502698,stimulus,
055,467,376.9371857372,tap,lctrl
055,468,377.5884920082,stimulus,
055,468,377.7213224789,tap,lctrl
055,469,378.3385466277,stimulus,
055,469,378.4410536447,tap,rctrl
055,470,379.0885921195,stimulus,
055,470,379.3052808560,tap,lctrl
055,471,379.8386471180,stimulus,
055,471,380.0250111496,tap,lctrl
055,472,380.5886925345,stimulus,
055,472,380.8247673090,tap,lctrl
055,473,381.3387520954,stimulus,
055,473,381.5288622121,tap,rctrl
055,474,382.0887897135,stimulus,
055,474,382.2964297188,tap,rctrl
055,475,382.8388499631,stimulus,
055,475,383.0806221382,tap,lctrl
055,476,383.5893616674,stimulus,
055,476,383.7690520361,tap,rctrl
055,477,384.3389310219,stimulus,
055,477,384.4086652948,tap,lctrl
055,478,385.0889917015,stimulus,
055,478,385.0973554732,tap,rctrl
055,479,385.8390647479,stimulus,
055,479,385.8490912452,tap,lctrl
055,480,386.5891273523,stimulus,
055,480,386.6644747319,tap,rctrl
055,480,387.3363224565,tap,lctrl
055,481,387.3391679208,stimulus,
055,481,388.0882423562,tap,lctrl
055,482,388.0891982728,stimulus,
055,483,388.8392691990,stimulus,
055,483,389.1448986449,tap,rctrl
055,484,389.5893137464,stimulus,
055,484,389.7366278790,tap,lctrl
055,485,390.3393581103,stimulus,
055,485,390.5042092201,tap,lctrl
055,486,391.0894224862,stimulus,
055,486,391.1282368474,tap,rctrl
055,487,391.8394812380,stimulus,
055,487,391.9289741321,tap,lctrl
055,488,392.5895378334,stimulus,
055,488,392.7287372869,tap,rctrl
055,489,393.3396042844,stimulus,
055,489,393.4162470694,tap,lctrl
055,490,394.0896510303,stimulus,
055,490,394.2482629997,tap,rctrl
055,491,394.8397079776,stimulus,
055,491,395.0167572292,tap,lctrl
055,492,395.5897470002,stimulus,
055,492,395.7843438544,tap,lctrl
055,493,396.3397901251,stimulus,
055,493,396.4405771959,tap,rctrl
055,494,397.0898487566,stimulus,
055,494,397.2081340740,tap,rctrl
055,495,397.8398930484,stimulus,
055,495,397.8813043196,tap,lctrl
055,496,398.5899372890,stimulus,
055,496,398.8722353535,tap,rctrl
055,497,399.3399854966,stimulus,
055,497,399.5762516167,tap,lctrl
055,498,400.0900259237,stimulus,
055,498,400.2480627432,tap,rctrl
055,499,400.8400899747,stimulus,
055,499,401.0166364667,tap,lctrl
055,500,401.5901352289,stimulus,
055,500,401.8007657739,tap,lctrl
055,501,402.3401725764,stimulus,
055,501,402.5361038161,tap,rctrl
055,502,403.0902092833,stimulus,
055,502,403.1923410793,tap,rctrl
055,503,403.8402519209,stimulus,
055,503,403.8641737785,tap,lctrl
055,504,404.5903135208,stimulus,
055,504,404.6649537907,tap,rctrl
055,505,405.3403803748,stimulus,
055,505,405.5282111187,tap,lctrl
055,506,406.0904410153,stimulus,
055,506,406.3446226297,tap,rctrl
055,507,406.8404787778,stimulus,
055,507,406.8562679595,tap,lctrl
055,507,407.5447549065,tap,lctrl
055,508,407.5905210065,stimulus,
055,509,408.3405873582,stimulus,
055,509,408.4568450810,tap,rctrl
055,510,409.0906359387,stimulus,
055,510,409.3045084317,tap,rctrl
055,511,409.8406901101,stimulus,
055,511,410.0407981861,tap,lctrl
055,512,410.5907352921,stimulus,
055,512,410.7438925354,tap,rctrl
055,513,411.3407950965,stimulus,
055,513,411.5280623745,tap,rctrl
055,514,417.9524354442,probe1,1
055,515,418.7152009108,stimulus,
055,515,418.7925264088,tap,lctrl
055,516,419.4652353050,stimulus,
055,516,419.6401746107,tap,rctrl
055,517,420.2152957771,stimulus,
055,517,420.3920835030,tap,lctrl
055,518,420.9653397230,stimulus,
055,518,421.0961750950,tap,lctrl
055,519,421.7154023725,stimulus,
055,519,421.7845824246,tap,rctrl
055,520,422.4654752986,stimulus,
055,520,422.6166363245,tap,rctrl
055,521,423.2155238640,stimulus,
055,521,423.3197303551,tap,rctrl
055,522,423.9655677678,stimulus,
055,522,424.0404116510,tap,rctrl
055,523,424.7156005078,stimulus,
055,523,424.7923401131,tap,lctrl
055,524,425.4656618671,stimulus,
055,524,425.5921746266,tap,lctrl
055,525,426.2157235512,stimulus,
055,525,426.2317620390,tap,rctrl
055,526,426.9657803392,stimulus,
055,526,427.1125763409,tap,rctrl
055,527,427.7158275903,stimulus,
055,527,427.8479089456,tap,rctrl
055,528,428.4658807331,stimulus,
055,528,428.5686117812,tap,rctrl
055,529,429.2159122280,stimulus,
055,529,429.3518119475,tap,rctrl
055,530,429.9659549559,stimulus,
055,530,430.0724689429,tap,lctrl
055,531,430.7160202220,stimulus,
055,531,430.8400528795,tap,rctrl
055,531,431.4640395447,tap,lctrl
055,532,431.4660747242,stimulus,
055,533,432.2161208114,stimulus,
055,533,432.2804350197,tap,lctrl
055,534,432.9661657588,stimulus,
055,534,433.0157303585,tap,rctrl
055,535,433.7162178009,stimulus,
055,535,433.8165176097,tap,rctrl
055,536,434.4662829707,stimulus,
055,536,434.6319153911,tap,rctrl
055,537,435.2163348414,stimulus,
055,537,435.5117886845,tap,rctrl
055,538,435.9663797587,stimulus,
055,538,436.1523992670,tap,lctrl
055,539,436.7164272204,stimulus,
055,539,436.8564592622,tap,lctrl
055,540,437.4664802249,stimulus,
055,540,437.6718820539,tap,lctrl
055,541,438.2165243843,stimulus,
055,541,438.2959454823,tap,lctrl
055,542,438.9666163118,stimulus,
055,542,438.9999235564,tap,lctrl
055,543,439.7166656110,stimulus,
055,543,439.7675176432,tap,lctrl
055,544,440.4667059810,stimulus,
055,544,440.5038374875,tap,lctrl
055,544,441.1922786485,tap,rctrl
055,545,441.2167523299,stimulus,
055,546,441.9668082547,stimulus,
055,546,442.0242838240,tap,lctrl
055,547,442.7168608652,stimulus,
055,547,442.8562969543,tap,lctrl
055,548,443.4669083780,stimulus,
055,548,443.5760446132,tap,lctrl
055,549,444.2169612231,stimulus,
055,549,444.2635375266,tap,rctrl
055,549,444.9198441577,tap,rctrl
055,550,444.9669908744,stimulus,
055,551,445.7170363963,stimulus,
055,551,445.7195180652,tap,lctrl
055,552,446.4670945466,stimulus,
055,552,446.5202826369,tap,lctrl
055,553,447.2171344023,stimulus,
055,553,447.2721949457,tap,lctrl
055,554,447.9671834609,stimulus,
055,554,447.9762764475,tap,lctrl
055,554,448.6481499162,tap,rctrl
055,555,448.7172350218,stimulus,
055,555,449.4479293385,tap,lctrl
055,556,449.4672806549,stimulus,
055,556,450.1353910673,tap,rctrl
055,557,450.2173349316,stimulus,
055,557,450.8238732355,tap,lctrl
055,558,450.9673927481,stimulus,
055,559,451.7174570968,stimulus,
055,559,451.7193592339,tap,rctrl
055,560,452.4675174155,stimulus,
055,560,452.5513430892,tap,lctrl
055,561,453.2175709674,stimulus,
055,561,453.3521398922,tap,rctrl
055,562,453.9676108051,stimulus,
055,562,454.1519088635,tap,lctrl
055,563,454.7176539239,stimulus,
055,563,454.8882170598,tap,rctrl
055,564,455.4677068743,stimulus,
055,564,455.6235538840,tap,rctrl
055,565,456.2177566006,stimulus,
055,565,456.3754873264,tap,rctrl
055,566,456.9678047059,stimulus,
055,566,457.1117846837,tap,lctrl
055,567,457.7178571690,stimulus,
055,567,457.8480780230,tap,lctrl
055,568,458.4679254726,stimulus,
055,568,458.6312809862,tap,lctrl
055,569,459.2179680652,stimulus,
055,569,459.3041063475,tap,rctrl
055,570,459.9680213975,stimulus,
055,570,460.1195000687,tap,lctrl
055,571,460.7180666366,stimulus,
055,571,460.8558548210,tap,lctrl
055,572,461.4681233764,stimulus,
055,572,461.6233780363,tap,rctrl
055,573,462.2181635299,stimulus,
055,573,462.3752986999,tap,lctrl
055,574,462.9682255899,stimulus,
055,574,463.1272688969,tap,lctrl
055,575,463.7182734035,stimulus,
055,575,463.8313391326,tap,rctrl
055,576,464.4683170727,stimulus,
055,576,464.5676429560,tap,lctrl
055,577,465.2183706456,stimulus,
055,577,465.3195610934,tap,rctrl
055,578,465.9684173283,stimulus,
055,578,466.0715002952,tap,lctrl
055,579,466.7184662216,stimulus,
055,579,466.8712631943,tap,rctrl
055,580,467.4685398695,stimulus,
055,580,467.6398158925,tap,rctrl
055,581,468.2185767388,stimulus,
055,581,468.3438828740,tap,lctrl
055,582,468.9686279087,stimulus,
055,582,469.1114623294,tap,rctrl
055,583,469.7186702696,stimulus,
055,583,469.8956075733,tap,lctrl
055,584,470.4687250666,stimulus,
055,584,470.5674607144,tap,rctrl
055,585,471.2187737553,stimulus,
055,585,471.3672497517,tap,lctrl
055,586,471.9688201854,stimulus,
055,586,472.1670472580,tap,rctrl
055,587,472.7188615299,stimulus,
055,587,472.8711193584,tap,lctrl
055,588,473.4689239268,stimulus,
055,588,473.6074602220,tap,rctrl
055,589,474.2189645825,stimulus,
055,589,474.3916695857,tap,lctrl
055,590,474.9690140080,stimulus,
055,590,475.1434931133,tap,lctrl
055,591,475.7190745313,stimulus,
055,591,475.7997232217,tap,rctrl
055,592,476.4691417642,stimulus,
055,592,476.6317835516,tap,lctrl
055,593,477.2191822515,stimulus,
055,593,477.4472219371,tap,rctrl
055,594,477.9692194035,stimulus,
055,594,478.0389487472,tap,lctrl
055,595,478.7192797432,stimulus,
055,595,478.8875801166,tap,rctrl
055,596,479.4693444589,stimulus,
055,596,479.6238790017,tap,lctrl
055,597,480.2193792530,stimulus,
055,597,480.2791102435,tap,lctrl
055,597,480.9675660390,tap,rctrl
055,598,480.9694073585,stimulus,
055,599,481.7194629494,stimulus,
055,599,481.9275135947,tap,lctrl
055,600,482.4695107600,stimulus,
055,600,482.6628356942,tap,lctrl
055,601,483.2195630396,stimulus,
055,601,483.4157489508,tap,rctrl
055,602,483.9696152080,stimulus,
055,602,484.2155574255,tap,lctrl
055,603,484.7196737523,stimulus,
055,603,484.9352201468,tap,rctrl
055,604,485.4697161283,stimulus,
055,604,485.6549483051,tap,lctrl
055,605,486.2197818034,stimulus,
055,605,486.3912708862,tap,rctrl
055,606,486.9698173824,stimulus,
055,606,487.0796984864,tap,rctrl
055,607,487.7198545134,stimulus,
055,607,487.8472715328,tap,lctrl
055,608,488.4699293944,stimulus,
055,608,488.6470995051,tap,lctrl
055,609,489.2199825162,stimulus,
055,609,489.3189319757,tap,rctrl
055,610,489.9700430213,stimulus,
055,610,490.0396444082,tap,lctrl
055,611,490.7200968138,stimulus,
055,611,490.7436848577,tap,rctrl
055,612,494.7189161124,probe1,1
055,613,495.4807060717,stimulus,
055,613,495.7191859954,tap,lctrl
055,614,496.2307356087,stimulus,
055,614,496.3910400568,tap,rctrl
055,615,496.9807870974,stimulus,
055,615,497.1751489762,tap,lctrl
055,616,497.7308529198,stimulus,
055,616,497.9114480387,tap,lctrl
055,617,498.4809023695,stimulus,
055,617,498.6311310335,tap,lctrl
055,618,499.2309521920,stimulus,
055,618,499.3674960623,tap,lctrl
055,619,499.9809871155,stimulus,
055,619,500.1506275074,tap,lctrl
055,620,500.7310352749,stimulus,
055,620,500.9347870549,tap,lctrl
055,621,501.4810784719,stimulus,
055,621,501.6554625675,tap,rctrl
055,622,502.2311279727,stimulus,
055,622,502.4074431704,tap,lctrl
055,623,502.9811604450,stimulus,
055,623,503.1427456911,tap,rctrl
055,624,503.7312242735,stimulus,
055,624,503.8947289918,tap,rctrl
055,625,504.4812659578,stimulus,
055,625,504.6466240496,tap,lctrl
055,626,505.2313072481,stimulus,
055,626,505.3985908061,tap,rctrl
055,627,505.9813641533,stimulus,
055,627,506.1515048356,tap,lctrl
055,628,506.7314015398,stimulus,
055,628,506.9346248793,tap,lctrl
055,629,507.4814686284,stimulus,
055,629,507.6865713412,tap,lctrl
055,630,508.2315166044,stimulus,
055,630,508.3271851898,tap,lctrl
055,631,508.9815499489,stimulus,
055,631,509.1114831722,tap,rctrl
055,632,509.7315836483,stimulus,
055,632,509.8632819692,tap,lctrl
055,633,510.4816308332,stimulus,
055,633,510.5507901728,tap,lctrl
055,634,511.2316952452,stimulus,
055,634,511.3026996666,tap,rctrl
055,635,511.9817296784,stimulus,
055,635,512.0233621327,tap,rctrl
055,636,512.7317808964,stimulus,
055,636,512.7753098757,tap,lctrl
055,637,513.4818389625,stimulus,
055,637,513.6072962454,tap,lctrl
055,638,514.2319028000,stimulus,
055,638,514.4705958587,tap,rctrl
055,639,514.9819273566,stimulus,
055,639,515.1111872203,tap,lctrl
055,640,515.7319960873,stimulus,
055,640,515.9266430493,tap,lctrl
055,641,516.4820529473,stimulus,
055,641,516.6472755817,tap,rctrl
055,642,517.2320954316,stimulus,
055,642,517.3670175895,tap,lctrl
055,643,517.9821506226,stimulus,
055,643,518.1667809518,tap,lctrl
055,644,518.7321933474,stimulus,
055,644,518.8386415184,tap,rctrl
055,645,519.4822466376,stimulus,
055,645,519.5271074551,tap,lctrl
055,646,520.2322779100,stimulus,
055,646,520.3112592614,tap,lctrl
055,647,520.9823223672,stimulus,
055,647,521.0788189786,tap,rctrl
055,648,521.7323740393,stimulus,
055,648,521.8629711397,tap,rctrl
055,649,522.4824175161,stimulus,
055,649,522.6471266571,tap,rctrl
055,650,523.2324683973,stimulus,
055,650,523.4947432593,tap,lctrl
055,651,523.9825324994,stimulus,
055,651,524.1832096412,tap,rctrl
055,652,524.7325781115,stimulus,
055,652,524.8384445762,tap,lctrl
055,653,525.4826260122,stimulus,
055,653,525.6382292496,tap,rctrl
055,654,526.2326583763,stimulus,
055,654,526.3423321767,tap,lctrl
055,655,526.9827093658,stimulus,
055,655,527.1264883288,tap,lctrl
055,656,527.7327699160,stimulus,
055,656,527.9106438523,tap,lctrl
055,657,528.4828138229,stimulus,
055,657,528.6303514092,tap,lctrl
055,658,529.2328475824,stimulus,
055,658,529.3988999179,tap,lctrl
055,659,529.9829155311,stimulus,
055,659,530.0550871034,tap,rctrl
055,660,530.7329814408,stimulus,
055,660,530.7748255744,tap,lctrl
055,661,531.4830226799,stimulus,
055,661,531.5101541280,tap,rctrl
055,662,532.2336068829,stimulus,
055,662,532.2943441564,tap,lctrl
055,663,532.9831053838,stimulus,
055,663,533.1107212978,tap,rctrl
055,664,533.7331749446,stimulus,
055,664,533.9583702817,tap,rctrl
055,665,534.4832148093,stimulus,
055,665,534.6624332062,tap,rctrl
055,666,535.2332556335,stimulus,
055,666,535.4143499691,tap,rctrl
055,667,535.9832919043,stimulus,
055,667,536.1184684961,tap,rctrl
055,668,536.7333664213,stimulus,
055,668,536.8381184926,tap,rctrl
055,669,537.4835674065,stimulus,
055,669,537.5744401475,tap,rctrl
055,670,538.2336209283,stimulus,
055,670,538.3586209850,tap,rctrl
055,671,538.9836795057,stimulus,
055,671,539.1105347464,tap,rctrl
055,672,539.7337596317,stimulus,
055,672,539.9581654899,tap,lctrl
055,673,540.4838107204,stimulus,
055,673,540.5187003905,tap,rctrl
055,674,541.2338578934,stimulus,
055,674,541.3340993057,tap,lctrl
055,675,541.9839100588,stimulus,
055,675,542.0547854197,tap,rctrl
055,676,542.7339699534,stimulus,
055,676,542.8067212651,tap,rctrl
055,677,543.4840276616,stimulus,
055,677,543.6700014049,tap,lctrl
055,678,544.2340571445,stimulus,
055,678,544.3740702000,tap,rctrl
055,679,544.9840906063,stimulus,
055,679,545.0781258494,tap,lctrl
055,680,545.7341462424,stimulus,
055,680,545.8466925504,tap,rctrl
055,681,546.4841913311,stimulus,
055,681,546.5019243005,tap,lctrl
055,682,547.2342444048,stimulus,
055,682,547.3183153335,tap,lctrl
055,683,547.9842857071,stimulus,
055,683,548.1024535188,tap,lctrl
055,684,548.7343545190,stimulus,
055,684,548.8544615952,tap,lctrl
055,685,549.4844148106,stimulus,
055,685,549.5585077920,tap,rctrl
055,686,550.2344792676,stimulus,
055,686,550.3905047209,tap,lctrl
055,687,550.9845014634,stimulus,
055,687,551.0623536936,tap,rctrl
055,688,551.7345442965,stimulus,
055,688,551.8299204784,tap,lctrl
055,689,552.4845906514,stimulus,
055,689,552.5662431107,tap,lctrl
055,690,553.2346321402,stimulus,
055,690,553.4138690331,tap,lctrl
055,691,553.9846869221,stimulus,
055,691,554.1179548657,tap,rctrl
055,692,554.7347347086,stimulus,
055,692,554.8864545658,tap,rctrl
055,693,555.4847885732,stimulus,
055,693,555.6217978140,tap,lctrl
055,694,556.2348438364,stimulus,
055,694,556.3747154164,tap,lctrl
055,695,556.9848751388,stimulus,
055,695,557.0944510032,tap,rctrl
055,696,563.9279784548,probe1,1
055,697,564.6907223156,stimulus,
055,697,564.8540144824,tap,lctrl
055,698,565.4407595849,stimulus,
055,698,565.6059376753,tap,lctrl
055,699,566.1907925294,stimulus,
055,699,566.4857780006,tap,lctrl
055,700,566.9408256964,stimulus,
055,700,567.1420035076,tap,rctrl
055,701,567.6908820573,stimulus,
055,701,567.7816147874,tap,lctrl
055,702,568.4409465805,stimulus,
055,702,568.5345685880,tap,rctrl
055,703,569.1910021654,stimulus,
055,703,569.2864815194,tap,lctrl
055,704,569.9410456181,stimulus,
055,704,570.0540170924,tap,lctrl
055,705,570.6910777295,stimulus,
055,705,570.8215689601,tap,lctrl
055,706,571.4411247611,stimulus,
055,706,571.6379646667,tap,rctrl
055,707,572.1911775100,stimulus,
055,707,572.3742971575,tap,lctrl
055,708,572.9412354618,stimulus,
055,708,573.0295425105,tap,lctrl
055,709,573.6917476383,stimulus,
055,709,573.8937992163,tap,lctrl
055,710,574.4413212784,stimulus,
055,710,574.5343835705,tap,rctrl
055,711,575.1913791881,stimulus,
055,711,575.2374978475,tap,lctrl
055,712,575.9414380212,stimulus,
055,712,576.0695039132,tap,lctrl
055,713,576.6914966707,stimulus,
055,713,576.8858578246,tap,rctrl
055,714,577.4415426497,stimulus,
055,714,577.5899371370,tap,lctrl
055,715,578.1915733506,stimulus,
055,715,578.3096723147,tap,lctrl
055,716,578.9416443429,stimulus,
055,716,578.9815273115,tap,rctrl
055,717,579.6917005654,stimulus,
055,717,579.8135426914,tap,lctrl
055,718,580.4417480301,stimulus,
055,718,580.4863770902,tap,lctrl
055,719,581.1918116270,stimulus,
055,719,581.3174096575,tap,rctrl
055,720,581.9418619187,stimulus,
055,720,582.1015934815,tap,lctrl
055,721,582.6919206735,stimulus,
055,721,582.9179304607,tap,lctrl
055,722,583.4419816930,stimulus,
055,722,583.5898048227,tap,lctrl
055,723,584.1920535484,stimulus,
055,723,584.3261202941,tap,rctrl
055,724,584.9421164987,stimulus,
055,724,585.0936407154,tap,lctrl
055,725,585.6921703783,stimulus,
055,725,585.7977437118,tap,lctrl
055,726,586.4422232625,stimulus,
055,726,586.5662552343,tap,rctrl
055,727,587.1922819843,stimulus,
055,727,587.3338456791,tap,lctrl
055,728,587.9423418037,stimulus,
055,728,588.1336080369,tap,lctrl
055,729,588.6924030758,stimulus,
055,729,588.7576043050,tap,lctrl
055,730,589.4424486939,stimulus,
055,730,589.4773462767,tap,rctrl
055,731,590.1924896233,stimulus,
055,731,590.2292678727,tap,lctrl
055,732,590.9425389526,stimulus,
055,732,591.1413355361,tap,rctrl
055,733,591.6925876053,stimulus,
055,733,591.8455645855,tap,lctrl
055,734,592.4426355421,stimulus,
055,734,592.5661220840,tap,rctrl
055,735,593.1926640686,stimulus,
055,735,593.3014217566,tap,lctrl
055,736,593.9427363361,stimulus,
055,736,594.0699985749,tap,rctrl
055,737,594.6927909977,stimulus,
055,737,594.8697637146,tap,lctrl
055,738,595.4428293196,stimulus,
055,738,595.5738468344,tap,rctrl
055,739,596.1928795301,stimulus,
055,739,596.3414259499,tap,lctrl
055,740,596.9429261046,stimulus,
055,740,597.1099578001,tap,rctrl
055,741,597.6929724024,stimulus,
055,741,597.8140266704,tap,lctrl
055,742,598.4430107363,stimulus,
055,742,598.5815935966,tap,lctrl
055,743,599.1930739843,stimulus,
055,743,599.4135933496,tap,lctrl
055,744,599.9431217317,stimulus,
055,744,600.0698289136,tap,lctrl
055,744,600.6459658065,tap,lctrl
055,745,600.6931560897,stimulus,
055,746,601.4432263091,stimulus,
055,746,601.5892973878,tap,lctrl
055,747,602.1932732986,stimulus,
055,747,602.4056866072,tap,lctrl
055,748,602.9433217798,stimulus,
055,748,603.2699432860,tap,lctrl
055,749,603.6933808595,stimulus,
055,749,603.7972492722,tap,rctrl
055,750,604.4434357105,stimulus,
055,750,604.5980132665,tap,lctrl
055,751,605.1934829226,stimulus,
055,751,605.3811901608,tap,rctrl
055,752,605.9435483059,stimulus,
055,752,606.0218037598,tap,rctrl
055,753,606.6935944172,stimulus,
055,753,606.8059617163,tap,lctrl
055,754,607.4436630607,stimulus,
055,754,607.5578702357,tap,lctrl
055,755,608.1937197644,stimulus,
055,755,608.2932223470,tap,rctrl
055,756,608.9437763779,stimulus,
055,756,609.1252681747,tap,rctrl
055,757,609.6938140832,stimulus,
055,757,609.8137072004,tap,lctrl
055,758,610.4438664802,stimulus,
055,758,610.6290854781,tap,rctrl
055,759,611.1939083419,stimulus,
055,759,611.4132977169,tap,lctrl
055,760,611.9439529826,stimulus,
055,760,612.1329715899,tap,rctrl
055,761,612.6939904534,stimulus,
055,761,612.8692619458,tap,lctrl
055,762,613.4440462819,stimulus,
055,762,613.6378164394,tap,rctrl
055,763,614.1940795662,stimulus,
055,763,614.3575199573,tap,lctrl
055,764,614.9441369556,stimulus,
055,764,615.1094436705,tap,rctrl
055,765,615.6941961526,stimulus,
055,765,615.8291565056,tap,lctrl
055,766,616.4442646607,stimulus,
055,766,616.6289303250,tap,rctrl
055,767,617.1943322094,stimulus,
055,767,617.2373069920,tap,lctrl
055,768,621.7731142087,probe1,2
055,769,622.5358474411,stimulus,
055,769,622.5975541078,tap,lctrl
055,770,623.2858768457,stimulus,
055,770,623.3816827924,tap,rctrl
055,771,624.0359415554,stimulus,
055,771,624.2137285841,tap,rctrl
055,772,624.7859570083,stimulus,
055,772,624.9812499136,tap,lctrl
055,773,625.5360119977,stimulus,
055,773,625.7331876598,tap,lctrl
055,774,626.2860826773,stimulus,
055,774,626.5173714688,tap,lctrl
055,775,627.0361454832,stimulus,
055,775,627.2048193631,tap,rctrl
055,776,627.7862110680,stimulus,
055,776,627.9567375455,tap,rctrl
055,777,628.5362402291,stimulus,
055,777,628.6452142310,tap,lctrl
055,778,629.2863032515,stimulus,
055,778,629.3649382420,tap,rctrl
055,779,630.0363386712,stimulus,
055,779,630.1646973637,tap,lctrl
055,780,630.7864003974,stimulus,
055,780,630.9488576150,tap,lctrl
055,781,631.5364457960,stimulus,
055,781,631.6529556369,tap,lctrl
055,782,632.2864953358,stimulus,
055,782,632.3892649460,tap,lctrl
055,783,633.0365533598,stimulus,
055,783,633.2212649275,tap,lctrl
055,784,633.7866084395,stimulus,
055,784,633.8774882149,tap,lctrl
055,785,634.5366812784,stimulus,
055,785,634.6127970784,tap,rctrl
055,786,635.2867215010,stimulus,
055,786,635.3647450381,tap,rctrl
055,787,636.0367724694,stimulus,
055,787,636.1489121284,tap,lctrl
055,788,636.7873276109,stimulus,
055,788,636.9008684067,tap,lctrl
055,789,637.5368748122,stimulus,
055,789,637.6371463927,tap,rctrl
055,790,638.2869133988,stimulus,
055,790,638.4525799993,tap,rctrl
055,791,639.0369606861,stimulus,
055,791,639.2054934454,tap,lctrl
055,792,639.7870115733,stimulus,
055,792,639.8929257519,tap,rctrl
055,793,640.5370447133,stimulus,
055,793,640.6771188299,tap,lctrl
055,794,641.2871128154,stimulus,
055,794,641.6048470144,tap,lctrl
055,795,642.0371733897,stimulus,
055,795,642.2454578075,tap,lctrl
055,796,642.7872400963,stimulus,
055,796,642.9172631024,tap,lctrl
055,797,643.5372976752,stimulus,
055,797,643.6369969599,tap,lctrl
055,798,644.2873501774,stimulus,
055,798,644.4534086422,tap,lctrl
055,799,645.0373853776,stimulus,
055,799,645.2053231435,tap,lctrl
