# {'date': u'2018_jun_07_1609', 'frameRate': 99.783548731006519, 'expName': u'RNGT_HDtDCS', u'session': u'baseline', u'participant': u'059'}
subj,trial,time,stimulus,response
059,0,0.0001120277,stimulus,
059,0,0.3985779790,tap,rctrl
059,1,0.7501448777,stimulus,
059,1,0.8780054452,tap,rctrl
059,1,1.4542122850,tap,rctrl
059,2,1.5002005693,stimulus,
059,3,2.2502607811,stimulus,
059,3,2.3984726197,tap,rctrl
059,4,3.0003274920,stimulus,
059,4,3.1826443634,tap,rctrl
059,5,3.7503837009,stimulus,
059,5,3.8544627132,tap,lctrl
059,6,4.5004461773,stimulus,
059,6,4.5741728491,tap,lctrl
059,7,5.2504879895,stimulus,
059,7,5.3104627913,tap,lctrl
059,8,6.0005377023,stimulus,
059,8,6.0936307671,tap,rctrl
059,8,6.7342514863,tap,lctrl
059,9,6.7505964525,stimulus,
059,10,7.5006471337,stimulus,
059,10,7.5017806432,tap,rctrl
059,10,8.2058844858,tap,lctrl
059,11,8.2506931984,stimulus,
059,11,8.9900199987,tap,rctrl
059,12,9.0007574252,stimulus,
059,12,9.7096986346,tap,lctrl
059,13,9.7508163257,stimulus,
059,14,10.5008726158,stimulus,
059,14,10.5104500281,tap,rctrl
059,15,11.2509209753,stimulus,
059,15,11.2780199119,tap,rctrl
059,16,12.0009766939,stimulus,
059,16,12.1900801323,tap,rctrl
059,17,12.7510247045,stimulus,
059,17,12.8140517205,tap,rctrl
059,18,13.5010799570,stimulus,
059,18,13.5982347511,tap,rctrl
059,19,14.2511381057,stimulus,
059,19,14.3179756083,tap,rctrl
059,20,15.0011883869,stimulus,
059,20,15.0376261425,tap,rctrl
059,21,15.7512335735,stimulus,
059,21,15.7895229525,tap,rctrl
059,21,16.4614049881,tap,lctrl
059,22,16.5012836863,stimulus,
059,23,17.2513478168,stimulus,
059,23,17.3100261954,tap,lctrl
059,24,18.0013932259,stimulus,
059,24,18.0140696393,tap,lctrl
059,25,18.7514406561,stimulus,
059,25,18.7660019613,tap,rctrl
059,25,19.4700630771,tap,lctrl
059,26,19.5014823720,stimulus,
059,26,20.1897732852,tap,rctrl
059,27,20.2515169663,stimulus,
059,27,20.9416800047,tap,lctrl
059,28,21.0015649137,stimulus,
059,29,21.7516230594,stimulus,
059,29,21.8059479616,tap,rctrl
059,30,22.5016820653,stimulus,
059,30,22.6213195643,tap,rctrl
059,31,23.2517302833,stimulus,
059,31,23.3097580353,tap,rctrl
059,32,24.0017824382,stimulus,
059,32,24.0460923164,tap,lctrl
059,33,24.7518376396,stimulus,
059,33,24.7813705209,tap,rctrl
059,34,25.5019251230,stimulus,
059,34,25.5021390011,tap,lctrl
059,34,26.1895302825,tap,rctrl
059,35,26.2519178776,stimulus,
059,36,27.0019583064,stimulus,
059,36,27.0215313476,tap,lctrl
059,36,27.7412479375,tap,rctrl
059,37,27.7520076402,stimulus,
059,37,28.4296980353,tap,rctrl
059,38,28.5020469322,stimulus,
059,38,29.1816233920,tap,rctrl
059,39,29.2521143980,stimulus,
059,39,29.9013116066,tap,lctrl
059,40,30.0021464149,stimulus,
059,40,30.6698464471,tap,rctrl
059,41,30.7521877820,stimulus,
059,41,31.4374387816,tap,lctrl
059,42,31.5022476089,stimulus,
059,43,32.2523013877,stimulus,
059,43,32.2537520573,tap,lctrl
059,44,33.0023402256,stimulus,
059,44,33.0369310915,tap,lctrl
059,45,33.7523841851,stimulus,
059,45,33.8210603158,tap,lctrl
059,46,34.5024531095,stimulus,
059,46,34.5095303108,tap,lctrl
059,47,35.2524973427,stimulus,
059,47,35.3093079448,tap,rctrl
059,48,36.0025476540,stimulus,
059,48,36.0456460153,tap,lctrl
059,49,36.7525842543,stimulus,
059,49,36.8776239741,tap,rctrl
059,50,37.5026199914,stimulus,
059,50,37.5494385796,tap,lctrl
059,51,38.2526726635,stimulus,
059,51,38.2691148096,tap,lctrl
059,52,39.0027159133,stimulus,
059,52,39.0532900028,tap,lctrl
059,53,39.7527637735,stimulus,
059,53,39.7729587562,tap,lctrl
059,54,40.5027969543,stimulus,
059,54,40.5415219811,tap,lctrl
059,55,41.2528512023,stimulus,
059,55,41.3090301789,tap,rctrl
059,56,42.0028962054,stimulus,
059,56,42.1088054912,tap,lctrl
059,57,42.7529510640,stimulus,
059,57,42.8607376507,tap,rctrl
059,58,43.5030304423,stimulus,
059,58,43.5492603815,tap,lctrl
059,59,44.2530569436,stimulus,
059,59,44.3011434745,tap,lctrl
059,60,45.0031008850,stimulus,
059,60,45.0852658357,tap,lctrl
059,61,45.7531460897,stimulus,
059,61,45.8206119185,tap,lctrl
059,61,46.4934444931,tap,rctrl
059,62,46.5031868011,stimulus,
059,63,47.2532577105,stimulus,
059,63,47.2932079289,tap,lctrl
059,64,48.0033010505,stimulus,
059,64,48.0773398900,tap,rctrl
059,65,48.7533560594,stimulus,
059,65,48.7814061545,tap,lctrl
059,66,49.5034049902,stimulus,
059,66,49.5645997598,tap,lctrl
059,67,50.2534518820,stimulus,
059,67,50.2686994703,tap,lctrl
059,68,51.0034895048,stimulus,
059,68,51.0528252149,tap,rctrl
059,69,51.7535633404,stimulus,
059,69,51.7568917501,tap,lctrl
059,70,52.5036166201,stimulus,
059,70,52.5566713089,tap,lctrl
059,70,53.2451280772,tap,rctrl
059,71,53.2536574488,stimulus,
059,72,54.0037102021,stimulus,
059,72,54.0605175532,tap,lctrl
059,73,54.7537624352,stimulus,
059,73,54.7811668390,tap,rctrl
059,74,55.5038244785,stimulus,
059,74,55.5487536336,tap,rctrl
059,75,56.2538629885,stimulus,
059,75,56.3651061116,tap,rctrl
059,76,57.0039289115,stimulus,
059,76,57.0369627192,tap,lctrl
059,77,57.7539640351,stimulus,
059,77,57.7888803948,tap,rctrl
059,77,58.4929935937,tap,lctrl
059,78,58.5040029301,stimulus,
059,78,59.2126752100,tap,rctrl
059,79,59.2540712320,stimulus,
059,79,59.9802147846,tap,rctrl
059,80,60.0041076308,stimulus,
059,80,60.7330927164,tap,rctrl
059,81,60.7541602397,stimulus,
059,82,61.5042232906,stimulus,
059,82,61.5485378754,tap,rctrl
059,83,62.2542576202,stimulus,
059,83,62.3170201487,tap,rctrl
059,84,63.0043054143,stimulus,
059,84,63.1490122395,tap,rctrl
059,85,63.7543498370,stimulus,
059,85,63.8843699190,tap,rctrl
059,86,64.5044119254,stimulus,
059,86,64.6528991747,tap,rctrl
059,87,65.2544660231,stimulus,
059,87,65.3247159966,tap,rctrl
059,88,66.0045173448,stimulus,
059,88,66.0922652162,tap,lctrl
059,89,66.7545654998,stimulus,
059,89,66.8129272205,tap,rctrl
059,89,67.5003979047,tap,lctrl
059,90,67.5046342768,stimulus,
059,91,68.2546936495,stimulus,
059,91,68.2679719147,tap,rctrl
059,92,69.0047406195,stimulus,
059,92,69.0208742068,tap,lctrl
059,92,69.7405590290,tap,rctrl
059,93,69.7547686937,stimulus,
059,93,70.4924920968,tap,lctrl
059,94,70.5048289115,stimulus,
059,95,71.2548916586,stimulus,
059,95,71.3081790131,tap,rctrl
059,96,72.0049481412,stimulus,
059,96,72.1564716079,tap,lctrl
059,97,72.7550081876,stimulus,
059,97,72.8127017031,tap,rctrl
059,98,73.5050980619,stimulus,
059,98,73.5646609989,tap,lctrl
059,99,74.2551212279,stimulus,
059,99,74.3322364585,tap,rctrl
059,100,75.0051775962,stimulus,
059,100,75.1006989216,tap,rctrl
059,101,75.7552262353,stimulus,
059,101,75.8526096501,tap,rctrl
059,102,83.2075506928,probe1,0
059,103,83.9703103491,stimulus,
059,103,83.9958772404,tap,rctrl
059,104,84.7203280204,stimulus,
059,104,84.7477989130,tap,rctrl
059,105,85.4703773423,stimulus,
059,105,85.5641638719,tap,rctrl
059,106,86.2204175575,stimulus,
059,106,86.3317003759,tap,rctrl
059,107,86.9704772551,stimulus,
059,107,87.1002279955,tap,rctrl
059,108,87.7205423028,stimulus,
059,108,87.8355261966,tap,rctrl
059,109,88.4705897931,stimulus,
059,109,88.5239966368,tap,lctrl
059,110,89.2206551537,stimulus,
059,110,89.2280857038,tap,rctrl
059,111,89.9707004064,stimulus,
059,111,90.0434991223,tap,lctrl
059,111,90.6840846482,tap,rctrl
059,112,90.7207451028,stimulus,
059,113,91.4707995222,stimulus,
059,113,91.4838468089,tap,rctrl
059,113,92.1556764035,tap,lctrl
059,114,92.2208652858,stimulus,
059,115,92.9709303156,stimulus,
059,115,93.0355374028,tap,rctrl
059,116,93.7209689459,stimulus,
059,116,93.7396079410,tap,lctrl
059,117,94.4710293983,stimulus,
059,117,94.5081648502,tap,rctrl
059,118,95.2210619686,stimulus,
059,118,95.2278074297,tap,lctrl
059,119,95.9711121536,stimulus,
059,119,96.0598188194,tap,rctrl
059,120,96.7211713067,stimulus,
059,120,96.7951564151,tap,lctrl
059,121,97.4712125866,stimulus,
059,121,97.4836003085,tap,rctrl
059,122,98.2212628738,stimulus,
059,122,98.2833766553,tap,lctrl
059,123,98.9712944968,stimulus,
059,123,99.0196764289,tap,rctrl
059,124,99.7213561792,stimulus,
059,124,99.7237361943,tap,lctrl
059,124,100.4590635647,tap,lctrl
059,125,100.4714031161,stimulus,
059,126,101.2214785246,stimulus,
059,126,101.2275884415,tap,lctrl
059,127,101.9715245894,stimulus,
059,127,102.0117345857,tap,lctrl
059,127,102.6992117089,tap,lctrl
059,128,102.7215606694,stimulus,
059,128,103.4677309527,tap,rctrl
059,129,103.4716080063,stimulus,
059,130,104.2216644918,stimulus,
059,130,104.2353730816,tap,lctrl
059,130,104.9550007381,tap,rctrl
059,131,104.9717026350,stimulus,
059,131,105.6756828532,tap,lctrl
059,132,105.7217560259,stimulus,
059,132,106.4432256669,tap,rctrl
059,133,106.4718129746,stimulus,
059,134,107.2218507598,stimulus,
059,134,107.2918014225,tap,rctrl
059,134,107.8991674967,tap,lctrl
059,135,107.9718950802,stimulus,
059,136,108.7219676166,stimulus,
059,136,108.7468015553,tap,lctrl
059,137,109.4720289321,stimulus,
059,137,109.5475658748,tap,lctrl
059,138,110.2220831892,stimulus,
059,138,110.3317230534,tap,lctrl
059,139,110.9721284269,stimulus,
059,139,111.0035575502,tap,lctrl
059,140,111.7221724616,stimulus,
059,140,111.7711157320,tap,lctrl
059,141,112.4722100574,stimulus,
059,141,112.5396278963,tap,lctrl
059,142,113.2222805276,stimulus,
059,142,113.2749871577,tap,lctrl
059,143,113.9723402883,stimulus,
059,143,114.0435038272,tap,lctrl
059,143,114.7153566845,tap,rctrl
059,144,114.7223715443,stimulus,
059,145,115.4724340929,stimulus,
059,145,115.5151009117,tap,lctrl
059,146,116.2224876132,stimulus,
059,146,116.2826445314,tap,rctrl
059,147,116.9725394733,stimulus,
059,147,117.0511791072,tap,rctrl
059,148,117.7226082413,stimulus,
059,148,117.8030969333,tap,rctrl
059,149,118.4726671118,stimulus,
059,149,118.5550694168,tap,lctrl
059,150,119.2227157298,stimulus,
059,150,119.3225964112,tap,lctrl
059,151,119.9727683538,stimulus,
059,151,120.1067259603,tap,lctrl
059,152,120.7228284033,stimulus,
059,152,120.8430351683,tap,lctrl
059,153,121.4728779957,stimulus,
059,153,121.5793523280,tap,lctrl
059,154,122.2229196666,stimulus,
059,154,122.2824327220,tap,lctrl
059,155,122.9729583450,stimulus,
059,155,123.0666123903,tap,lctrl
059,156,123.7229948611,stimulus,
059,156,123.7384171193,tap,rctrl
059,157,124.4730399274,stimulus,
059,157,124.4747403420,tap,lctrl
059,158,125.2231124457,stimulus,
059,158,125.2266573680,tap,rctrl
059,159,125.9731467994,stimulus,
059,159,126.0430657515,tap,lctrl
059,160,126.7231905785,stimulus,
059,160,126.8271633073,tap,lctrl
059,161,127.4732222556,stimulus,
059,161,127.6103097437,tap,lctrl
059,162,128.2232646813,stimulus,
059,162,128.3632113471,tap,rctrl
059,163,128.9733119761,stimulus,
059,163,129.1151857584,tap,rctrl
059,164,129.7233639746,stimulus,
059,164,129.8827026839,tap,rctrl
059,165,130.4734137926,stimulus,
059,165,130.6023819875,tap,rctrl
059,166,131.2234812584,stimulus,
059,166,131.2586318116,tap,rctrl
059,167,131.9735381440,stimulus,
059,167,132.1228738833,tap,rctrl
059,168,132.7235703263,stimulus,
059,168,132.8103172808,tap,rctrl
059,168,133.4666338674,tap,rctrl
059,169,133.4736222045,stimulus,
059,169,134.2029362845,tap,rctrl
059,170,134.2236697248,stimulus,
059,171,134.9737232631,stimulus,
059,171,135.2106328203,tap,rctrl
059,172,135.7237714421,stimulus,
059,172,135.8668485639,tap,rctrl
059,173,136.4738138077,stimulus,
059,173,136.6021918678,tap,lctrl
059,174,137.2238458246,stimulus,
059,174,137.4029686834,tap,lctrl
059,175,137.9738950351,stimulus,
059,175,138.0903712728,tap,lctrl
059,176,142.4347021783,probe1,0
059,177,143.1974582467,stimulus,
059,177,143.1977984799,tap,rctrl
059,177,143.9300291800,tap,rctrl
059,178,143.9474641438,stimulus,
059,179,144.6975241120,stimulus,
059,179,144.7463950712,tap,rctrl
059,180,145.4475819720,stimulus,
059,180,145.5461466366,tap,lctrl
059,181,146.1976356877,stimulus,
059,181,146.2824556641,tap,lctrl
059,182,146.9476662280,stimulus,
059,182,147.0021542334,tap,lctrl
059,183,147.6977088703,stimulus,
059,183,147.8184970995,tap,rctrl
059,184,148.4477481442,stimulus,
059,184,148.5538675547,tap,lctrl
059,185,149.1977970750,stimulus,
059,185,149.2745534051,tap,rctrl
059,186,149.9478528509,stimulus,
059,186,150.0420608421,tap,lctrl
059,187,150.6978866362,stimulus,
059,187,150.8262072119,tap,lctrl
059,188,151.4479369144,stimulus,
059,188,151.5137284664,tap,rctrl
059,189,152.1979950901,stimulus,
059,189,152.2343625164,tap,rctrl
059,190,152.9480482164,stimulus,
059,190,152.9696834929,tap,rctrl
059,191,153.6981288638,stimulus,
059,191,153.7538158300,tap,rctrl
059,192,154.4481875208,stimulus,
059,192,154.6024183248,tap,rctrl
059,193,155.1982450048,stimulus,
059,193,155.2899186776,tap,rctrl
059,194,155.9482965040,stimulus,
059,194,156.0096269730,tap,rctrl
059,194,156.6980684454,tap,rctrl
059,195,156.6983532212,stimulus,
059,196,157.4483897222,stimulus,
059,196,157.4821968907,tap,lctrl
059,197,158.1984279676,stimulus,
059,197,158.3620268441,tap,lctrl
059,198,158.9484903809,stimulus,
059,198,159.1139707508,tap,lctrl
059,199,159.6985377749,stimulus,
059,199,159.8014261300,tap,lctrl
059,200,160.4486134721,stimulus,
059,200,160.5221221456,tap,lctrl
059,201,161.1986620781,stimulus,
059,201,161.3062837752,tap,rctrl
059,202,161.9487099414,stimulus,
059,202,162.0415664849,tap,lctrl
059,203,162.6987804236,stimulus,
059,203,162.7935049180,tap,rctrl
059,204,163.4488443887,stimulus,
059,204,163.5141972374,tap,lctrl
059,205,164.1988895482,stimulus,
059,205,164.2661396584,tap,lctrl
059,206,164.9489183502,stimulus,
059,206,164.9858152929,tap,rctrl
059,207,165.6989595519,stimulus,
059,207,165.7699574252,tap,rctrl
059,208,166.4489930244,stimulus,
059,208,166.4740311723,tap,rctrl
059,209,167.1990543791,stimulus,
059,209,167.3216990256,tap,rctrl
059,210,167.9490859599,stimulus,
059,210,168.0257737952,tap,rctrl
059,211,168.6991368516,stimulus,
059,211,168.7454319954,tap,rctrl
059,212,169.4491847419,stimulus,
059,212,169.5940206591,tap,rctrl
059,213,170.1992466860,stimulus,
059,213,170.3615779506,tap,rctrl
059,214,170.9492803540,stimulus,
059,214,171.1613605469,tap,rctrl
059,215,171.6993244218,stimulus,
059,215,171.8175484986,tap,rctrl
059,216,172.4493821765,stimulus,
059,216,172.5538576374,tap,rctrl
059,217,173.1994281571,stimulus,
059,217,173.3214462937,tap,rctrl
059,218,173.9494935778,stimulus,
059,218,174.0255094967,tap,rctrl
059,219,174.6995483010,stimulus,
059,219,174.7618016373,tap,rctrl
059,220,175.4495765436,stimulus,
059,220,175.4971591725,tap,lctrl
059,220,176.1533575992,tap,rctrl
059,221,176.1996135799,stimulus,
059,222,176.9496562463,stimulus,
059,222,177.0497891959,tap,rctrl
059,223,177.6997025306,stimulus,
059,223,177.7694836420,tap,rctrl
059,224,178.4497527997,stimulus,
059,224,178.4891708492,tap,lctrl
059,225,179.1998239166,stimulus,
059,225,179.2577143782,tap,rctrl
059,226,179.9498726549,stimulus,
059,226,180.0731278147,tap,rctrl
059,227,180.6999131589,stimulus,
059,227,180.8094116968,tap,rctrl
059,228,181.4499844321,stimulus,
059,228,181.5291119142,tap,rctrl
059,228,182.1853507340,tap,lctrl
059,229,182.2000393538,stimulus,
059,230,182.9500939537,stimulus,
059,230,182.9694975790,tap,lctrl
059,231,183.7001394862,stimulus,
059,231,183.7214067526,tap,lctrl
059,232,184.4501987115,stimulus,
059,232,184.4889658035,tap,rctrl
059,233,185.2002343615,stimulus,
059,233,185.2574986982,tap,rctrl
059,234,185.9502863058,stimulus,
059,234,186.0250128478,tap,rctrl
059,235,186.7003289540,stimulus,
059,235,186.8248192421,tap,rctrl
059,236,187.4503950214,stimulus,
059,236,187.6089217632,tap,rctrl
059,237,188.2004474800,stimulus,
059,237,188.2974005491,tap,rctrl
059,238,188.9505142360,stimulus,
059,238,189.0815583051,tap,rctrl
059,239,189.7005753260,stimulus,
059,239,189.8334483693,tap,rctrl
059,240,190.4506266027,stimulus,
059,240,190.6010265146,tap,rctrl
059,241,191.2006835213,stimulus,
059,241,191.2894897579,tap,rctrl
059,242,191.9507263260,stimulus,
059,242,192.0413950188,tap,rctrl
059,243,192.7007960594,stimulus,
059,243,192.7454302735,tap,lctrl
059,244,193.4508449120,stimulus,
059,244,193.4651494017,tap,lctrl
059,244,194.2005005882,tap,lctrl
059,245,194.2008905918,stimulus,
059,246,194.9509334115,stimulus,
059,246,195.0647042186,tap,lctrl
059,247,195.7009907121,stimulus,
059,247,195.7365639449,tap,lctrl
059,247,196.3771508062,tap,lctrl
059,248,196.4510379047,stimulus,
059,249,197.2011022457,stimulus,
059,249,197.2570197873,tap,lctrl
059,250,197.9511191772,stimulus,
059,250,198.0245447037,tap,lctrl
059,251,198.7011824176,stimulus,
059,251,198.8243544663,tap,lctrl
059,252,199.4512257967,stimulus,
059,252,199.6084770110,tap,rctrl
059,253,200.2012605594,stimulus,
059,253,200.3291363597,tap,rctrl
059,254,200.9512923658,stimulus,
059,254,201.0332215802,tap,rctrl
059,255,201.7013658886,stimulus,
059,255,201.8007468695,tap,rctrl
059,256,202.4514199682,stimulus,
059,256,202.5682993972,tap,rctrl
059,257,203.2014947391,stimulus,
059,257,203.3046133780,tap,rctrl
059,258,203.9515178870,stimulus,
059,258,204.0409152508,tap,lctrl
059,259,204.7015739215,stimulus,
059,259,204.8563092681,tap,lctrl
059,260,205.4516310657,stimulus,
059,260,205.5769686408,tap,lctrl
059,261,206.2016877317,stimulus,
059,261,206.3445340255,tap,lctrl
059,262,206.9517536908,stimulus,
059,262,207.0642144659,tap,lctrl
059,263,207.7018127748,stimulus,
059,263,207.8161324182,tap,lctrl
059,264,208.4518778617,stimulus,
059,264,208.5680597779,tap,lctrl
059,265,209.2019254602,stimulus,
059,265,209.3366399527,tap,lctrl
059,266,216.1437067079,probe1,1
059,267,216.9054844996,stimulus,
059,267,216.9057666649,tap,rctrl
059,268,217.6555111392,stimulus,
059,268,217.6722069459,tap,rctrl
059,269,218.4055503289,stimulus,
059,269,218.5042077493,tap,rctrl
059,270,219.1556137918,stimulus,
059,270,219.2239066645,tap,lctrl
059,271,219.9056665842,stimulus,
059,271,219.9924329849,tap,rctrl
059,272,220.6557293222,stimulus,
059,272,220.7121007098,tap,lctrl
059,273,221.4057762231,stimulus,
059,273,221.4498439290,tap,rctrl
059,274,222.1558145737,stimulus,
059,274,222.2325793818,tap,lctrl
059,275,222.9058630173,stimulus,
059,275,222.9679169595,tap,rctrl
059,276,223.6559258727,stimulus,
059,276,223.7198300337,tap,lctrl
059,277,224.4059796155,stimulus,
059,277,224.4561681283,tap,rctrl
059,278,225.1560154549,stimulus,
059,278,225.2080597023,tap,lctrl
059,279,225.9060540281,stimulus,
059,279,225.9921799493,tap,lctrl
059,280,226.6560912810,stimulus,
059,280,226.6962788958,tap,lctrl
059,281,227.4061497545,stimulus,
059,281,227.4960724332,tap,rctrl
059,282,228.1561934734,stimulus,
059,282,228.2323402887,tap,rctrl
059,283,228.9062504913,stimulus,
059,283,228.9676460806,tap,rctrl
059,284,229.6562910434,stimulus,
059,284,229.7039549518,tap,rctrl
059,285,230.4063367713,stimulus,
059,285,230.4402561449,tap,rctrl
059,286,231.1563970613,stimulus,
059,286,231.1755696178,tap,rctrl
059,287,231.9064517424,stimulus,
059,287,231.9441003411,tap,rctrl
059,287,232.6481790325,tap,rctrl
059,288,232.6564978101,stimulus,
059,288,233.3678662817,tap,lctrl
059,289,233.4065511409,stimulus,
059,289,234.1041964276,tap,lctrl
059,290,234.1566097648,stimulus,
059,291,234.9066607166,stimulus,
059,291,234.9996436304,tap,lctrl
059,292,235.6567130820,stimulus,
059,292,235.7359590518,tap,lctrl
059,293,236.4067766110,stimulus,
059,293,236.5835780731,tap,rctrl
059,294,237.1568360499,stimulus,
059,294,237.2397917506,tap,lctrl
059,295,237.9068793147,stimulus,
059,295,238.0395788761,tap,rctrl
059,296,238.6569277764,stimulus,
059,296,238.8237257872,tap,lctrl
059,297,239.4069945234,stimulus,
059,297,239.4956118468,tap,lctrl
059,298,240.1570555773,stimulus,
059,298,240.2797585745,tap,lctrl
059,299,240.9071173109,stimulus,
059,299,240.9837971824,tap,rctrl
059,300,241.6571785332,stimulus,
059,300,241.7992370725,tap,rctrl
059,300,242.3753297463,tap,lctrl
059,301,242.4072189590,stimulus,
059,302,243.1572707108,stimulus,
059,302,243.1594670065,tap,lctrl
059,302,243.8791868415,tap,lctrl
059,303,243.9073104780,stimulus,
059,303,244.6477330261,tap,lctrl
059,304,244.6573738145,stimulus,
059,305,245.4074162643,stimulus,
059,305,245.4474983175,tap,lctrl
059,306,246.1574695891,stimulus,
059,306,246.2794859363,tap,lctrl
059,307,246.9075185109,stimulus,
059,307,247.0470527886,tap,lctrl
059,308,247.6575622388,stimulus,
059,308,247.7677103628,tap,lctrl
059,309,248.4076178733,stimulus,
059,309,248.4717499212,tap,lctrl
059,310,249.1576742356,stimulus,
059,310,249.1758577126,tap,rctrl
059,310,249.8789399291,tap,rctrl
059,311,249.9077005895,stimulus,
059,311,250.5517608408,tap,lctrl
059,312,250.6577579261,stimulus,
059,312,251.3193036635,tap,lctrl
059,313,251.4078150794,stimulus,
059,313,252.0868531537,tap,rctrl
059,314,252.1578689605,stimulus,
059,314,252.8397678997,tap,rctrl
059,315,252.9079344293,stimulus,
059,315,253.6073141209,tap,lctrl
059,316,253.6579803467,stimulus,
059,316,254.2791911701,tap,lctrl
059,317,254.4080506846,stimulus,
059,318,255.1581114227,stimulus,
059,318,255.2068644807,tap,rctrl
059,319,255.9081677068,stimulus,
059,319,255.9753842869,tap,lctrl
059,320,256.6582278976,stimulus,
059,320,256.7429486851,tap,rctrl
059,321,257.4082712075,stimulus,
059,321,257.5114695770,tap,lctrl
059,322,258.1583261533,stimulus,
059,322,258.2955997426,tap,rctrl
059,323,258.9083740856,stimulus,
059,323,259.0475499921,tap,lctrl
059,324,259.6584430070,stimulus,
059,324,259.7672505583,tap,rctrl
059,325,260.4084852252,stimulus,
059,325,260.5035052471,tap,lctrl
059,326,261.1585296028,stimulus,
059,326,261.2066392610,tap,rctrl
059,327,261.9085583145,stimulus,
059,327,261.9272722343,tap,lctrl
059,328,262.6586256841,stimulus,
059,328,262.6948235711,tap,lctrl
059,329,263.4086739804,stimulus,
059,329,263.4467737875,tap,lctrl
059,330,264.1587257833,stimulus,
059,330,264.2465325527,tap,rctrl
059,331,264.9087652768,stimulus,
059,331,265.0473105532,tap,rctrl
059,332,265.6588287727,stimulus,
059,332,265.7025383420,tap,lctrl
059,333,266.4088785006,stimulus,
059,333,266.5032875762,tap,lctrl
059,334,267.1589450972,stimulus,
059,334,267.3509287684,tap,lctrl
059,335,267.9089917394,stimulus,
059,335,268.0393420760,tap,lctrl
059,336,268.6590507181,stimulus,
059,336,268.7746940865,tap,rctrl
059,337,269.4091040038,stimulus,
059,337,269.4787938631,tap,rctrl
059,338,270.1591553977,stimulus,
059,338,270.2307114485,tap,rctrl
059,339,270.9092095285,stimulus,
059,339,270.9992244910,tap,rctrl
059,340,271.6592692320,stimulus,
059,340,271.7667914996,tap,rctrl
059,341,272.4093340813,stimulus,
059,341,272.4864462052,tap,rctrl
059,342,273.1593898842,stimulus,
059,342,273.2071516522,tap,rctrl
059,343,273.9094528659,stimulus,
059,343,273.9746755069,tap,rctrl
059,344,274.6595012524,stimulus,
059,344,274.7744692127,tap,lctrl
059,345,275.4095643905,stimulus,
059,345,275.5107417869,tap,lctrl
059,346,276.1596152882,stimulus,
059,346,276.3105028498,tap,lctrl
059,347,276.9096733256,stimulus,
059,347,276.9989651879,tap,lctrl
059,348,277.6597084282,stimulus,
059,348,277.6864405547,tap,lctrl
059,349,278.4097517261,stimulus,
059,349,278.4227432334,tap,lctrl
059,350,279.1598159799,stimulus,
059,350,279.1902988499,tap,rctrl
059,351,283.8988450349,probe1,1
059,352,284.6616008386,stimulus,
059,352,284.7584489807,tap,rctrl
059,353,285.4116260136,stimulus,
059,353,285.5260065008,tap,rctrl
059,354,286.1616700423,stimulus,
059,354,286.2622630182,tap,rctrl
059,355,286.9117068231,stimulus,
059,355,286.9985927580,tap,rctrl
059,356,287.6617628004,stimulus,
059,356,287.7827303491,tap,rctrl
059,357,288.4118179687,stimulus,
059,357,288.5346584065,tap,rctrl
059,358,289.1618756242,stimulus,
059,358,289.2543765062,tap,rctrl
059,359,289.9119377457,stimulus,
059,359,290.0707194836,tap,lctrl
059,360,290.6619773895,stimulus,
059,360,290.7581823664,tap,lctrl
059,361,291.4120300406,stimulus,
059,361,291.4300406011,tap,lctrl
059,362,292.1620835247,stimulus,
059,362,292.1819716419,tap,lctrl
059,363,292.9121221942,stimulus,
059,363,293.0139807880,tap,lctrl
059,364,293.6621877592,stimulus,
059,364,293.7346604821,tap,rctrl
059,365,294.4122264046,stimulus,
059,365,294.5021970493,tap,rctrl
059,366,295.1622618711,stimulus,
059,366,295.2697414268,tap,rctrl
059,367,295.9123031720,stimulus,
059,367,296.0216425856,tap,rctrl
059,368,296.6623633958,stimulus,
059,368,296.6944573049,tap,lctrl
059,369,297.4124266181,stimulus,
059,369,297.4464014582,tap,lctrl
059,370,298.1624910043,stimulus,
059,370,298.2139378750,tap,rctrl
059,371,298.9125546927,stimulus,
059,371,299.0137284621,tap,rctrl
059,372,299.6626223089,stimulus,
059,372,299.7978842332,tap,lctrl
059,373,300.4126635527,stimulus,
059,373,300.5175995510,tap,rctrl
059,374,301.1627136534,stimulus,
059,374,301.1904130794,tap,lctrl
059,375,301.9127607497,stimulus,
059,375,302.0537178028,tap,rctrl
059,376,302.6628106490,stimulus,
059,376,302.7577557853,tap,lctrl
059,377,303.4128644338,stimulus,
059,377,303.5262631737,tap,rctrl
059,378,304.1629109257,stimulus,
059,378,304.2460062684,tap,lctrl
059,378,304.9021653846,tap,rctrl
059,379,304.9129681902,stimulus,
059,379,305.6374831703,tap,lctrl
059,380,305.6630336770,stimulus,
059,381,306.4130877747,stimulus,
059,381,306.4538576538,tap,rctrl
059,382,307.1631272832,stimulus,
059,382,307.1735254809,tap,lctrl
059,383,307.9131628459,stimulus,
059,383,307.9254542781,tap,rctrl
059,384,308.6632105587,stimulus,
059,384,308.7418542016,tap,rctrl
059,385,309.4132532311,stimulus,
059,385,309.4937924663,tap,rctrl
059,386,310.1633066460,stimulus,
059,386,310.1978300187,tap,rctrl
059,387,310.9133466448,stimulus,
059,387,310.9653898004,tap,rctrl
059,388,311.6634040687,stimulus,
059,388,311.7172975485,tap,rctrl
059,389,312.4134499981,stimulus,
059,389,312.4214055294,tap,rctrl
059,390,313.1634943335,stimulus,
059,390,313.2055522601,tap,rctrl
059,390,313.9096273575,tap,rctrl
059,391,313.9135286933,stimulus,
059,392,314.6636112204,stimulus,
059,392,314.6772067058,tap,rctrl
059,392,315.3978846255,tap,rctrl
059,393,315.4136626234,stimulus,
059,394,316.1637213495,stimulus,
059,394,316.1820114979,tap,rctrl
059,394,316.8850859071,tap,rctrl
059,395,316.9137641301,stimulus,
059,395,317.5891847153,tap,rctrl
059,396,317.6638098911,stimulus,
059,397,318.4138657421,stimulus,
059,397,318.4211688484,tap,rctrl
059,398,319.1639323899,stimulus,
059,398,319.2375615600,tap,rctrl
059,399,319.9139952212,stimulus,
059,399,319.9415982312,tap,rctrl
059,400,320.6640431415,stimulus,
059,400,320.6778892922,tap,rctrl
059,401,321.4140870950,stimulus,
059,401,321.4298236111,tap,rctrl
059,401,322.1172889631,tap,rctrl
059,402,322.1641221404,stimulus,
059,402,322.8858263689,tap,rctrl
059,403,322.9141693781,stimulus,
059,404,323.6642484587,stimulus,
059,404,323.6689774548,tap,rctrl
059,405,324.4142941054,stimulus,
059,405,324.4531765603,tap,rctrl
059,406,325.1643518030,stimulus,
059,406,325.2050858542,tap,lctrl
059,406,325.8456792357,tap,lctrl
059,407,325.9143748697,stimulus,
059,407,326.5810198359,tap,lctrl
059,408,326.6644249043,stimulus,
059,408,327.2694431432,tap,lctrl
059,409,327.4144668639,stimulus,
059,410,328.1645231991,stimulus,
059,410,328.1649214913,tap,lctrl
059,411,333.4154527641,probe1,1
059,412,334.1772243935,stimulus,
059,412,334.1775058400,tap,rctrl
059,412,334.9166159202,tap,rctrl
059,413,334.9272443655,stimulus,
059,414,335.6773144809,stimulus,
059,414,335.8286647453,tap,lctrl
059,415,336.4273757754,stimulus,
059,415,336.5649676256,tap,rctrl
059,416,337.1774112599,stimulus,
059,416,337.3012778681,tap,lctrl
059,417,337.9274455084,stimulus,
059,417,338.0365734077,tap,lctrl
059,418,338.6774970497,stimulus,
059,418,338.7406640717,tap,rctrl
059,419,339.4275518090,stimulus,
059,419,339.5570625907,tap,rctrl
059,420,340.1775877386,stimulus,
059,420,340.2611006844,tap,rctrl
059,421,340.9276225946,stimulus,
059,421,340.9329553853,tap,lctrl
059,422,341.6776914378,stimulus,
059,422,341.6848771962,tap,lctrl
059,423,342.4277373702,stimulus,
059,423,342.4368036957,tap,lctrl
059,423,343.1408989371,tap,lctrl
059,424,343.1777890920,stimulus,
059,424,343.9250307869,tap,rctrl
059,425,343.9278540375,stimulus,
059,425,344.6447760920,tap,rctrl
059,426,344.6779073683,stimulus,
059,427,345.4279619682,stimulus,
059,427,345.5089717948,tap,rctrl
059,428,346.1780320655,stimulus,
059,428,346.2608624816,tap,rctrl
059,429,346.9280899315,stimulus,
059,429,347.0928846078,tap,rctrl
059,430,347.6781550394,stimulus,
059,430,347.8291747816,tap,lctrl
059,431,348.4281943705,stimulus,
059,431,348.4688085296,tap,lctrl
059,432,349.1782612618,stimulus,
059,432,349.2363847350,tap,lctrl
059,433,349.9283192211,stimulus,
059,433,349.9404060441,tap,lctrl
059,434,350.6783820133,stimulus,
059,434,350.7089761921,tap,lctrl
059,435,351.4284344448,stimulus,
059,435,351.4442694309,tap,lctrl
059,436,352.1784770570,stimulus,
059,436,352.2127869666,tap,lctrl
059,437,352.9285170768,stimulus,
059,437,352.9969540697,tap,rctrl
059,438,353.6785775081,stimulus,
059,438,353.8445524809,tap,rctrl
059,439,354.4286444777,stimulus,
059,439,354.5007853099,tap,rctrl
059,440,355.1786836523,stimulus,
059,440,355.3484246104,tap,rctrl
059,441,355.9287114919,stimulus,
059,441,356.1647990217,tap,rctrl
059,442,356.6787802659,stimulus,
059,442,356.8043806896,tap,rctrl
059,443,357.4288221263,stimulus,
059,443,357.5084867427,tap,rctrl
059,444,358.1788624889,stimulus,
059,444,358.3082470508,tap,rctrl
059,445,358.9289157926,stimulus,
059,445,359.0924138081,tap,rctrl
059,446,359.6789732676,stimulus,
059,446,359.7486747537,tap,rctrl
059,447,360.4290176813,stimulus,
059,447,360.5005567971,tap,rctrl
059,448,361.1790646482,stimulus,
059,448,361.2681102511,tap,rctrl
059,449,361.9290995313,stimulus,
059,449,362.0844681725,tap,rctrl
059,450,362.6791463840,stimulus,
059,450,362.6918815239,tap,rctrl
059,450,363.4125616511,tap,rctrl
059,451,363.4291951494,stimulus,
059,451,364.1644738081,tap,rctrl
059,452,364.1792456171,stimulus,
059,452,364.8998229705,tap,rctrl
059,453,364.9293105055,stimulus,
059,454,365.6793655024,stimulus,
059,454,365.7317943309,tap,rctrl
059,455,366.4294336508,stimulus,
059,455,366.6605421718,tap,lctrl
059,456,367.1794842418,stimulus,
059,456,367.3000800992,tap,lctrl
059,457,367.9295427664,stimulus,
059,457,368.0687560826,tap,lctrl
059,458,368.6795978325,stimulus,
059,458,368.8205140354,tap,lctrl
059,459,369.4296688441,stimulus,
059,459,369.5402565586,tap,lctrl
059,460,370.1797116006,stimulus,
059,460,370.3077983317,tap,lctrl
059,461,370.9297455213,stimulus,
059,461,371.0287395360,tap,lctrl
059,462,371.6797975468,stimulus,
059,462,371.7481342592,tap,lctrl
059,463,372.4298497858,stimulus,
059,463,372.4356245159,tap,lctrl
059,463,373.1397112311,tap,lctrl
059,464,373.1798808795,stimulus,
059,464,373.8437823798,tap,lctrl
059,465,373.9299268299,stimulus,
059,465,374.5479149797,tap,lctrl
059,466,374.6800001572,stimulus,
059,466,375.4277197426,tap,lctrl
059,467,375.4300262766,stimulus,
059,467,376.1640065451,tap,rctrl
059,468,376.1800867320,stimulus,
059,468,376.9002829026,tap,rctrl
059,469,376.9301415544,stimulus,
059,470,377.6802009873,stimulus,
059,470,377.7157244347,tap,rctrl
059,471,378.4302598608,stimulus,
059,471,378.5643183884,tap,rctrl
059,472,379.1802976190,stimulus,
059,472,379.2839838066,tap,rctrl
059,473,379.9303571300,stimulus,
059,473,380.0359387807,tap,rctrl
059,474,380.6804192997,stimulus,
059,474,380.7556189654,tap,rctrl
059,474,381.3962004223,tap,rctrl
059,475,381.4304716290,stimulus,
059,476,382.1805178982,stimulus,
059,476,382.1959847870,tap,rctrl
059,477,382.9305721673,stimulus,
059,477,382.9479495564,tap,rctrl
059,478,383.6806058383,stimulus,
059,478,383.7633186299,tap,lctrl
059,479,384.4306603119,stimulus,
059,479,384.4361562029,tap,lctrl
059,479,385.1236155460,tap,lctrl
059,480,385.1806996791,stimulus,
059,481,385.9307546278,stimulus,
059,481,386.0200655062,tap,lctrl
059,482,386.6808077451,stimulus,
059,482,386.7553830453,tap,lctrl
059,483,387.4308442491,stimulus,
059,483,387.4916558029,tap,lctrl
059,484,388.1809093961,stimulus,
059,484,388.2592140809,tap,lctrl
059,485,388.9309581646,stimulus,
059,485,389.0277781689,tap,lctrl
059,486,389.6810016429,stimulus,
059,486,389.7152581551,tap,lctrl
059,487,390.4310494881,stimulus,
059,487,390.5159945746,tap,lctrl
059,488,391.1810889124,stimulus,
059,488,391.2512881923,tap,lctrl
059,489,391.9311474310,stimulus,
059,489,392.0198185727,tap,lctrl
059,489,392.6594643956,tap,lctrl
059,490,392.6811856463,stimulus,
059,490,393.3792132315,tap,lctrl
059,491,393.4312206255,stimulus,
059,492,394.1812871470,stimulus,
059,492,394.2111511370,tap,lctrl
059,493,394.9313336659,stimulus,
059,493,394.9796548985,tap,lctrl
059,494,395.6813693940,stimulus,
059,494,395.7471903469,tap,lctrl
059,495,396.4314355515,stimulus,
059,495,396.4991233606,tap,lctrl
059,496,397.1814875139,stimulus,
059,496,397.2832922833,tap,lctrl
059,497,397.9315471423,stimulus,
059,497,398.0996596211,tap,lctrl
059,498,398.6815898988,stimulus,
059,498,398.8349488419,tap,rctrl
059,499,399.4316357019,stimulus,
059,499,399.5390692707,tap,rctrl
059,500,400.1817086894,stimulus,
059,500,400.3232014363,tap,rctrl
059,501,400.9317560594,stimulus,
059,501,400.9950680737,tap,rctrl
059,502,401.6818188516,stimulus,
059,502,401.7636045683,tap,rctrl
059,503,402.4318761823,stimulus,
059,503,402.6111835363,tap,rctrl
059,504,403.1819255762,stimulus,
059,504,403.2986991399,tap,rctrl
059,505,403.9319556564,stimulus,
059,505,403.9715862577,tap,rctrl
059,506,410.9416798475,probe1,2
059,507,411.7044365414,stimulus,
059,507,411.7631925755,tap,lctrl
059,508,412.4544624622,stimulus,
059,508,412.5786012962,tap,lctrl
059,509,413.2045085180,stimulus,
059,509,413.2826872987,tap,rctrl
059,510,413.9545437017,stimulus,
059,510,414.0033674529,tap,lctrl
059,511,414.7045836584,stimulus,
059,511,414.7708514889,tap,rctrl
059,512,415.4546387575,stimulus,
059,512,415.4749251277,tap,lctrl
059,513,416.2047013061,stimulus,
059,513,416.2746911559,tap,rctrl
059,514,416.9547417168,stimulus,
059,514,416.9944211201,tap,lctrl
059,515,417.7048043226,stimulus,
059,515,417.7150962669,tap,rctrl
059,515,418.4191712139,tap,lctrl
059,516,418.4548318373,stimulus,
059,516,419.1066723997,tap,rctrl
059,517,419.2048839591,stimulus,
059,517,419.9064514412,tap,lctrl
059,518,419.9549387846,stimulus,
059,519,420.7049990295,stimulus,
059,519,420.7228085627,tap,lctrl
059,519,421.3946351980,tap,lctrl
059,520,421.4550465438,stimulus,
059,520,422.1465336349,tap,lctrl
059,521,422.2050823561,stimulus,
059,521,422.9150971154,tap,rctrl
059,522,422.9551359455,stimulus,
059,522,423.6347632132,tap,lctrl
059,523,423.7051742390,stimulus,
059,523,424.3701236236,tap,rctrl
059,524,424.4552257563,stimulus,
059,524,425.1064279594,tap,lctrl
059,525,425.2052835260,stimulus,
059,526,425.9553376898,stimulus,
059,526,425.9706376920,tap,rctrl
059,526,426.6903256149,tap,lctrl
059,527,426.7053864222,stimulus,
059,527,427.3943934163,tap,lctrl
059,528,427.4554341771,stimulus,
059,529,428.2054821817,stimulus,
059,529,428.2263790441,tap,lctrl
059,530,428.9555439093,stimulus,
059,530,429.0583833542,tap,rctrl
059,530,429.6980224343,tap,lctrl
059,531,429.7056374346,stimulus,
059,531,430.4499395566,tap,rctrl
059,532,430.4556465679,stimulus,
059,533,431.2057246048,stimulus,
059,533,431.2819499027,tap,rctrl
059,534,431.9557674426,stimulus,
059,534,432.0026164632,tap,rctrl
059,535,432.7058049211,stimulus,
059,535,432.7223016644,tap,rctrl
059,536,433.4558637073,stimulus,
059,536,433.4742543589,tap,rctrl
059,536,434.1939276265,tap,lctrl
059,537,434.2059128156,stimulus,
059,538,434.9559741582,stimulus,
059,538,434.9624820906,tap,lctrl
059,539,435.7060126803,stimulus,
059,539,435.7466057481,tap,lctrl
059,540,436.4561034328,stimulus,
059,540,436.6586866267,tap,lctrl
059,541,437.2061288213,stimulus,
059,541,437.3461687302,tap,lctrl
059,542,437.9561735928,stimulus,
059,542,438.1459328607,tap,lctrl
059,543,438.7062444570,stimulus,
059,543,438.8021310709,tap,lctrl
059,544,439.4563089304,stimulus,
059,544,439.5384595656,tap,rctrl
059,545,440.2063662641,stimulus,
059,545,440.2425446418,tap,rctrl
059,546,440.9564076282,stimulus,
059,546,441.1702498554,tap,rctrl
059,547,441.7064598612,stimulus,
059,547,441.7942279667,tap,rctrl
059,547,442.4504560048,tap,rctrl
059,548,442.4565135830,stimulus,
059,548,443.2023802969,tap,rctrl
059,549,443.2065634521,stimulus,
059,550,443.9566198114,stimulus,
059,550,444.0021974458,tap,lctrl
059,550,444.7062346914,tap,rctrl
059,551,444.7066781586,stimulus,
059,552,445.4567258083,stimulus,
059,552,445.5382236635,tap,lctrl
059,553,446.2067799751,stimulus,
059,553,446.2735212752,tap,rctrl
059,554,446.9568228369,stimulus,
059,554,447.0254770523,tap,lctrl
059,555,447.7068795661,stimulus,
059,555,447.8095990226,tap,rctrl
059,556,448.4569169814,stimulus,
059,556,448.4814551730,tap,lctrl
059,557,449.2069574402,stimulus,
059,557,449.2177651720,tap,rctrl
059,557,449.9374972774,tap,lctrl
059,558,449.9570080492,stimulus,
059,559,450.7070835720,stimulus,
059,559,450.7215980301,tap,rctrl
059,559,451.4100808008,tap,lctrl
059,560,451.4571307074,stimulus,
059,560,452.1776025533,tap,rctrl
059,561,452.2071836803,stimulus,
059,561,452.9295663724,tap,lctrl
059,562,452.9572350291,stimulus,
059,562,453.6814870886,tap,rctrl
059,563,453.7072909583,stimulus,
059,563,454.4499902185,tap,lctrl
059,564,454.4573473146,stimulus,
059,564,455.1853271526,tap,rctrl
059,565,455.2074052317,stimulus,
059,565,455.9538003884,tap,lctrl
059,566,455.9574733711,stimulus,
059,566,456.7057437387,tap,rctrl
059,567,456.7075237516,stimulus,
059,567,457.4254400644,tap,lctrl
059,568,457.4575721922,stimulus,
059,568,458.0494530292,tap,rctrl
059,569,458.2076407678,stimulus,
059,569,458.8980386643,tap,rctrl
059,570,458.9576733741,stimulus,
059,571,459.7077226930,stimulus,
059,571,459.7134354875,tap,rctrl
059,571,460.3374247264,tap,rctrl
059,572,460.4577724388,stimulus,
059,572,461.1215793276,tap,rctrl
059,573,461.2078237215,stimulus,
059,574,461.9578639187,stimulus,
059,574,461.9692578033,tap,rctrl
059,574,462.6097994114,tap,rctrl
059,575,462.7079091083,stimulus,
059,575,463.2494369036,tap,rctrl
059,576,463.4579614676,stimulus,
059,576,464.1292933256,tap,rctrl
059,577,464.2080141277,stimulus,
059,577,464.8490454517,tap,rctrl
059,578,464.9580612030,stimulus,
059,578,465.5853033314,tap,rctrl
059,579,465.7081211501,stimulus,
059,579,466.1458026259,tap,rctrl
059,580,466.4581774914,stimulus,
059,580,466.8332690365,tap,rctrl
059,581,467.2082320010,stimulus,
059,581,467.5051441039,tap,rctrl
059,582,467.9582980653,stimulus,
059,582,468.2892973277,tap,rctrl
059,583,468.7083393723,stimulus,
059,583,469.1369173053,tap,lctrl
059,584,469.4583876295,stimulus,
059,585,470.2084429361,stimulus,
059,585,470.3848890013,tap,rctrl
059,586,470.9584811995,stimulus,
059,586,471.0889616687,tap,rctrl
059,587,471.7085525510,stimulus,
059,587,471.7608082795,tap,rctrl
059,588,472.4586026006,stimulus,
059,588,472.4814726927,tap,rctrl
059,588,473.2011841520,tap,rctrl
059,589,473.2086584516,stimulus,
059,589,473.9208910971,tap,rctrl
059,590,473.9587232798,stimulus,
059,590,474.6249780168,tap,lctrl
059,591,474.7087872209,stimulus,
059,592,475.4588385156,stimulus,
059,592,475.5692534399,tap,lctrl
059,593,476.2088900028,stimulus,
059,593,476.3856346841,tap,lctrl
059,594,476.9589294902,stimulus,
059,594,476.9608085687,tap,lctrl
059,594,477.6493053722,tap,lctrl
059,595,477.7089606019,stimulus,
059,595,478.4011769165,tap,lctrl
059,596,478.4590065163,stimulus,
059,596,479.1853369913,tap,rctrl
059,597,479.2090582110,stimulus,
059,598,479.9591282572,stimulus,
059,598,480.0173545642,tap,rctrl
059,599,480.7091680183,stimulus,
059,599,480.7526640343,tap,rctrl
059,600,481.4592210543,stimulus,
059,600,481.5367853520,tap,rctrl
059,601,482.2092857593,stimulus,
059,601,482.2887082125,tap,rctrl
059,602,482.9593305609,stimulus,
059,602,483.0250493145,tap,rctrl
059,603,483.7093984447,stimulus,
059,603,483.7612976426,tap,lctrl
059,604,484.4594350059,stimulus,
059,604,484.5288982986,tap,lctrl
059,605,490.2627722889,probe1,2
059,606,491.0245488174,stimulus,
059,606,491.0248314971,tap,lctrl
059,607,491.7745672557,stimulus,
059,607,491.7922522232,tap,lctrl
059,608,492.5246166226,stimulus,
059,608,492.5607770308,tap,lctrl
059,609,493.2746616588,stimulus,
059,609,493.3127122971,tap,lctrl
059,610,494.0247121656,stimulus,
059,610,494.0490013521,tap,lctrl
059,611,494.7747554905,stimulus,
059,611,494.7843396576,tap,lctrl
059,612,495.5248260390,stimulus,
059,612,495.5685365075,tap,lctrl
059,613,496.2752915774,stimulus,
059,613,496.3526371940,tap,lctrl
059,614,497.0249229714,stimulus,
059,614,497.1045405633,tap,lctrl
059,615,497.7749690933,stimulus,
059,615,497.8408546914,tap,lctrl
059,616,498.5250239638,stimulus,
059,616,498.5282965281,tap,lctrl
059,616,499.2323705759,tap,lctrl
059,617,499.2750703323,stimulus,
059,618,500.0251510038,stimulus,
059,618,500.0487729505,tap,rctrl
059,619,500.7751859651,stimulus,
059,619,500.8328999132,tap,rctrl
059,620,501.5252408206,stimulus,
059,620,501.5848070357,tap,rctrl
059,621,502.2752990475,stimulus,
059,621,502.3201349956,tap,lctrl
059,622,503.0253477347,stimulus,
059,622,503.0720846315,tap,lctrl
059,622,503.7438916161,tap,lctrl
059,623,503.7753765517,stimulus,
059,624,504.5254314945,stimulus,
059,624,504.5280645146,tap,lctrl
059,625,505.2754766961,stimulus,
059,625,505.4245113170,tap,rctrl
059,626,506.0255299216,stimulus,
059,626,506.0485208142,tap,rctrl
059,626,506.7525701437,tap,rctrl
059,627,506.7755781457,stimulus,
059,628,507.5256471874,stimulus,
059,628,507.6002092548,tap,rctrl
059,629,508.2757043526,stimulus,
059,629,508.3199136255,tap,rctrl
059,630,509.0257465979,stimulus,
059,630,509.0884389775,tap,rctrl
059,631,509.7758043286,stimulus,
059,631,509.8237453528,tap,rctrl
059,632,510.5258575300,stimulus,
059,632,510.5444641739,tap,rctrl
059,632,511.2163065532,tap,rctrl
059,633,511.2758941423,stimulus,
059,633,512.0160461670,tap,rctrl
059,634,512.0259438792,stimulus,
059,634,512.7523944448,tap,lctrl
059,635,512.7760019707,stimulus,
059,636,513.5260432236,stimulus,
059,636,513.5365052575,tap,lctrl
059,637,514.2760909394,stimulus,
059,637,514.3040509583,tap,lctrl
059,638,515.0261436386,stimulus,
059,638,515.0881927928,tap,lctrl
059,639,515.7761840914,stimulus,
059,639,515.8723183841,tap,lctrl
059,640,516.5262496956,stimulus,
059,640,516.6877545269,tap,rctrl
059,641,517.2762889876,stimulus,
059,641,517.3761834461,tap,rctrl
059,642,518.0263618848,stimulus,
059,642,518.1115330236,tap,rctrl
059,643,518.7764105390,stimulus,
059,643,518.8643914550,tap,rctrl
059,644,519.5264720741,stimulus,
059,644,519.5841219785,tap,rctrl
059,645,520.2765368001,stimulus,
059,645,520.3360213658,tap,rctrl
059,646,521.0265964946,stimulus,
059,646,521.0879501901,tap,lctrl
059,647,521.7766494224,stimulus,
059,647,521.8076339176,tap,lctrl
059,648,522.5266887414,stimulus,
059,648,522.5762320891,tap,lctrl
059,648,523.2636718266,tap,lctrl
059,649,523.2767436240,stimulus,
059,650,524.0268152581,stimulus,
059,650,524.0321936749,tap,lctrl
059,650,524.7518612915,tap,lctrl
059,651,524.7768526554,stimulus,
059,652,525.5269183828,stimulus,
059,652,525.5516711113,tap,lctrl
059,653,526.2769677077,stimulus,
059,653,526.3035738278,tap,lctrl
059,654,527.0270331464,stimulus,
059,654,527.0555186879,tap,lctrl
059,655,527.7771003746,stimulus,
059,655,527.8240470112,tap,lctrl
059,656,528.5271376727,stimulus,
059,656,528.5915665081,tap,lctrl
059,657,529.2772041279,stimulus,
059,657,529.3112965354,tap,lctrl
059,658,530.0272468875,stimulus,
059,658,530.0797955301,tap,lctrl
059,659,530.7773077519,stimulus,
059,659,530.8473369663,tap,lctrl
059,660,531.5273558587,stimulus,
059,660,531.5680134695,tap,lctrl
059,660,532.2398584142,tap,lctrl
059,661,532.2773852080,stimulus,
059,661,533.0240402118,tap,rctrl
059,662,533.0274222234,stimulus,
059,663,533.7774786578,stimulus,
059,663,533.8394056613,tap,rctrl
059,664,534.5275284007,stimulus,
059,664,534.6079811536,tap,rctrl
059,665,539.3174781272,probe1,1
059,666,540.0802774308,stimulus,
059,666,540.3196545110,tap,lctrl
059,667,540.8302382643,stimulus,
059,667,540.9270382570,tap,lctrl
059,668,541.5802735142,stimulus,
059,668,541.6955598226,tap,lctrl
059,669,542.3303172843,stimulus,
059,669,542.4631253906,tap,lctrl
059,670,543.0803829997,stimulus,
059,670,543.2316326167,tap,lctrl
059,671,543.8304117054,stimulus,
059,671,543.9670694464,tap,lctrl
059,672,544.5804650422,stimulus,
059,672,544.7188655818,tap,lctrl
059,673,545.3305098769,stimulus,
059,673,545.5030337466,tap,lctrl
059,674,546.0805536740,stimulus,
059,674,546.2237165565,tap,lctrl
059,674,546.8154558355,tap,lctrl
059,675,546.8306053687,stimulus,
059,676,547.5806511658,stimulus,
059,676,547.6787155043,tap,lctrl
059,677,548.3307164091,stimulus,
059,677,548.4472249528,tap,lctrl
059,678,549.0807709519,stimulus,
059,678,549.1347213327,tap,lctrl
059,679,549.8308111491,stimulus,
059,679,549.8866061580,tap,lctrl
059,680,550.5808601761,stimulus,
059,680,550.7030056785,tap,lctrl
059,680,551.3270123757,tap,lctrl
059,681,551.3309188963,stimulus,
059,682,552.0809703534,stimulus,
059,682,552.1268226616,tap,lctrl
059,683,552.8310119821,stimulus,
059,683,552.9431614706,tap,lctrl
059,684,553.5810549281,stimulus,
059,684,553.7106815209,tap,lctrl
059,685,554.3311122408,stimulus,
059,685,554.4313853107,tap,lctrl
059,686,555.0811661941,stimulus,
059,686,555.2145875835,tap,lctrl
059,687,555.8312358012,stimulus,
059,687,555.9352236274,tap,rctrl
059,688,556.5812791021,stimulus,
059,688,556.6705366673,tap,rctrl
059,689,557.3313199639,stimulus,
059,689,557.4546869889,tap,rctrl
059,690,558.0813676948,stimulus,
059,690,558.1431523825,tap,rctrl
059,691,558.8314018350,stimulus,
059,691,558.8472215102,tap,rctrl
059,692,559.5814410788,stimulus,
059,692,559.6626399901,tap,rctrl
059,693,560.3314898533,stimulus,
059,693,560.3833069476,tap,rctrl
059,694,561.0815467238,stimulus,
059,694,561.1351976465,tap,rctrl
059,695,561.8315903164,stimulus,
059,695,561.9027585590,tap,rctrl
059,695,562.5746334519,tap,rctrl
059,696,562.5816193079,stimulus,
059,697,563.3316780009,stimulus,
059,697,563.4388316058,tap,rctrl
059,698,564.0817384563,stimulus,
059,698,564.1907948353,tap,rctrl
059,698,564.8303882262,tap,rctrl
059,699,564.8317733784,stimulus,
059,700,565.5818401285,stimulus,
059,700,565.5988999845,tap,rctrl
059,701,566.3318792189,stimulus,
059,701,566.3830667900,tap,lctrl
059,702,567.0819313106,stimulus,
059,702,567.1183797005,tap,lctrl
059,703,567.8319792941,stimulus,
059,703,567.9181593555,tap,lctrl
059,704,568.5820183244,stimulus,
059,704,568.6066249236,tap,lctrl
059,705,569.3320595261,stimulus,
059,705,569.3907451737,tap,lctrl
059,706,570.0821093652,stimulus,
059,706,570.2061511186,tap,rctrl
059,707,570.8321529157,stimulus,
059,707,570.9424468200,tap,rctrl
059,708,571.5821893115,stimulus,
059,708,571.6787606745,tap,rctrl
059,709,572.3322520015,stimulus,
059,709,572.5263687788,tap,rctrl
059,710,573.0823018466,stimulus,
059,710,573.2626974419,tap,rctrl
059,711,573.8323623862,stimulus,
059,711,573.9345330485,tap,rctrl
059,712,574.5824048841,stimulus,
059,712,574.7342959700,tap,rctrl
059,713,575.3324543022,stimulus,
059,713,575.4706034878,tap,rctrl
059,714,576.0825002286,stimulus,
059,714,576.1101911104,tap,rctrl
059,715,576.8325515022,stimulus,
059,715,576.8621206114,tap,rctrl
059,716,577.5825901175,stimulus,
059,716,577.6462723013,tap,lctrl
059,717,578.3326496105,stimulus,
059,717,578.3659807983,tap,lctrl
059,718,579.0827163666,stimulus,
059,718,579.1179209456,tap,lctrl
059,719,579.8327736491,stimulus,
059,719,579.8864782518,tap,lctrl
059,720,580.5828485072,stimulus,
059,720,580.6227368203,tap,lctrl
059,721,581.3328759859,stimulus,
059,721,581.4703720277,tap,lctrl
059,722,582.0829359481,stimulus,
059,722,582.1577930678,tap,rctrl
059,723,582.8329891104,stimulus,
059,723,582.8941127116,tap,lctrl
059,724,583.5830475358,stimulus,
059,724,583.6782814779,tap,rctrl
059,725,584.3330890533,stimulus,
059,725,584.5581120268,tap,lctrl
059,726,585.0831431359,stimulus,
059,726,585.2466112423,tap,rctrl
059,727,585.8331787858,stimulus,
059,727,585.9340438070,tap,rctrl
059,728,586.5832136388,stimulus,
059,728,586.6859468845,tap,rctrl
059,729,587.3332737514,stimulus,
059,729,587.4056741239,tap,rctrl
059,730,588.0833354880,stimulus,
059,730,588.1419915933,tap,rctrl
059,730,588.7816122919,tap,rctrl
059,731,588.8333661455,stimulus,
059,731,589.5501406874,tap,rctrl
059,732,589.5834234972,stimulus,
059,733,590.3334940517,stimulus,
059,733,590.3664892226,tap,rctrl
059,734,591.0835373827,stimulus,
059,734,591.1018233868,tap,rctrl
059,735,591.8335916277,stimulus,
059,735,591.8702997895,tap,rctrl
059,736,592.5836486335,stimulus,
059,736,592.6534763124,tap,rctrl
059,737,593.3337034379,stimulus,
059,737,593.4064353402,tap,rctrl
059,738,594.0837593641,stimulus,
059,738,594.1261386011,tap,rctrl
059,738,594.8136188279,tap,rctrl
059,739,594.8337909299,stimulus,
059,739,595.5342722128,tap,rctrl
059,740,595.5838594393,stimulus,
059,740,596.3174355361,tap,rctrl
059,741,596.3338869451,stimulus,
059,742,597.0839316745,stimulus,
059,742,597.1015722640,tap,rctrl
059,742,597.8056199695,tap,rctrl
059,743,597.8339862804,stimulus,
059,744,598.5840295422,stimulus,
059,744,598.6376447213,tap,rctrl
059,744,599.3095080956,tap,rctrl
059,745,599.3340892939,stimulus,
059,745,600.0457996920,tap,rctrl
059,746,600.0841402578,stimulus,
059,746,600.7655193465,tap,rctrl
059,747,600.8341917931,stimulus,
059,747,601.5340274748,tap,rctrl
059,748,601.5842514275,stimulus,
059,749,602.3343053477,stimulus,
059,749,602.3972576254,tap,rctrl
059,750,603.0843432081,stimulus,
059,750,603.1492226264,tap,rctrl
059,751,603.8343830504,stimulus,
059,751,603.9499260299,tap,lctrl
059,752,604.5844256115,stimulus,
059,752,604.6217619944,tap,lctrl
059,753,605.3344757062,stimulus,
059,753,605.3737085837,tap,lctrl
059,754,606.0845186552,stimulus,
059,754,606.1099784060,tap,lctrl
059,755,606.8345468106,stimulus,
059,755,606.8775333759,tap,rctrl
059,755,607.5650085111,tap,lctrl
059,756,607.5845764967,stimulus,
059,757,608.3346485128,stimulus,
059,757,608.3658007970,tap,rctrl
059,758,609.0846844003,stimulus,
059,758,609.1655411355,tap,lctrl
059,759,609.8347365401,stimulus,
059,759,609.9018250779,tap,rctrl
059,760,610.5848012962,stimulus,
059,760,610.6850123886,tap,lctrl
059,761,611.3348297944,stimulus,
059,761,611.4213033112,tap,rctrl
059,762,612.0848893235,stimulus,
059,762,612.1097352860,tap,lctrl
059,763,612.8349527894,stimulus,
059,763,612.8773194552,tap,rctrl
059,764,613.5850015518,stimulus,
059,764,613.6458314451,tap,lctrl
059,765,614.3350615862,stimulus,
059,765,614.4133869232,tap,rctrl
059,766,615.0850992361,stimulus,
059,766,615.1653021117,tap,lctrl
059,767,615.8351605817,stimulus,
059,767,615.9494781891,tap,rctrl
059,768,616.5852193921,stimulus,
059,768,616.6369348706,tap,lctrl
059,769,617.3357464450,stimulus,
059,769,617.4054936865,tap,rctrl
059,770,635.3341925252,probe1,2
059,771,636.0969563107,stimulus,
059,771,636.1410891972,tap,rctrl
059,771,636.8451453086,tap,rctrl
059,772,636.8469567674,stimulus,
059,773,637.5970118696,stimulus,
059,773,637.6126735000,tap,rctrl
059,774,638.3470676183,stimulus,
059,774,638.3645963996,tap,rctrl
059,775,639.0971108621,stimulus,
059,775,639.1165331245,tap,rctrl
059,775,639.8049811140,tap,rctrl
059,776,639.8471527525,stimulus,
059,776,640.5725435454,tap,lctrl
059,777,640.5972042637,stimulus,
059,778,641.3472776572,stimulus,
059,778,641.4044972069,tap,rctrl
059,779,642.0973150845,stimulus,
059,779,642.1407741209,tap,lctrl
059,780,642.8473762467,stimulus,
059,780,642.9249502283,tap,lctrl
059,781,643.5974209581,stimulus,
059,781,643.6768875698,tap,lctrl
059,782,644.3474790857,stimulus,
059,782,644.4444212107,tap,lctrl
059,783,645.0975047930,stimulus,
059,783,645.1641472351,tap,lctrl
059,784,645.8475634951,stimulus,
059,784,645.9004535589,tap,rctrl
059,785,646.5976015480,stimulus,
059,785,646.6201312986,tap,lctrl
059,786,647.3476482383,stimulus,
059,786,647.3720457773,tap,lctrl
059,787,648.0977013014,stimulus,
059,787,648.1562345703,tap,lctrl
059,788,648.8477645327,stimulus,
059,788,648.8924977161,tap,lctrl
059,789,649.5977984894,stimulus,
059,789,649.6600331765,tap,lctrl
059,790,650.3478459015,stimulus,
059,790,650.4441838530,tap,lctrl
059,791,651.0978867663,stimulus,
059,791,651.1804971571,tap,lctrl
059,792,651.8479255921,stimulus,
059,792,651.9323883852,tap,lctrl
059,793,652.5979825078,stimulus,
059,793,652.6843137509,tap,lctrl
059,794,653.3480285124,stimulus,
059,794,653.4362662890,tap,lctrl
059,795,654.0980851243,stimulus,
059,795,654.1725841645,tap,lctrl
059,796,654.8481189547,stimulus,
059,796,654.9400775055,tap,lctrl
059,797,655.5981865648,stimulus,
059,797,655.6285420240,tap,rctrl
059,797,656.3160241516,tap,lctrl
059,798,656.3482386836,stimulus,
059,799,657.0982805018,stimulus,
059,799,657.1157899873,tap,rctrl
