# {'date': u'2017_mar_24_1017', 'frameRate': 58.947370350960753, 'expName': 'pilot4', u'participant': u'4'}
subj,trial,time,stimulus,response
4,0,0.0013093638,stimulus,
4,0,0.6170285093,tap,lalt
4,1,0.7505179918,stimulus,
4,1,1.2409608802,tap,lalt
4,2,1.5005346310,stimulus,
4,2,1.9929739104,tap,rctrl
4,3,2.2505366525,stimulus,
4,3,2.9049765776,tap,rctrl
4,4,3.0005750626,stimulus,
4,5,3.7505512701,stimulus,
4,5,3.8009073487,tap,rctrl
4,6,4.5006108291,stimulus,
4,6,4.5529023401,tap,rctrl
4,7,5.2505941899,stimulus,
4,7,5.3208333152,tap,rctrl
4,8,6.0006086520,stimulus,
4,8,6.0888065880,tap,lalt
4,8,6.7447894475,tap,lalt
4,9,6.7506274683,stimulus,
4,10,7.5006475286,stimulus,
4,10,7.5768105142,tap,rctrl
4,11,8.2506672779,stimulus,
4,11,8.3448276398,tap,rctrl
4,12,9.0007084871,stimulus,
4,12,9.1767513596,tap,rctrl
4,13,9.7507148629,stimulus,
4,13,9.8327301759,tap,rctrl
4,14,10.5007479857,stimulus,
4,14,10.5208381670,tap,rctrl
4,14,11.1126718423,tap,lalt
4,15,11.2507574716,stimulus,
4,15,11.9766550700,tap,lalt
4,16,12.0007277699,stimulus,
4,16,12.7126353916,tap,rctrl
4,17,12.7507677350,stimulus,
4,18,13.5008017909,stimulus,
4,18,13.6246399250,tap,lalt
4,19,14.2508087887,stimulus,
4,19,14.3766000830,tap,rctrl
4,20,15.0008506199,stimulus,
4,20,15.1446349363,tap,rctrl
4,21,15.7508787666,stimulus,
4,21,15.8325668942,tap,rctrl
4,22,16.5008795441,stimulus,
4,22,16.6488650211,tap,rctrl
4,23,17.2508961833,stimulus,
4,23,17.3205123500,tap,lalt
4,24,18.0008941617,stimulus,
4,24,18.0244686191,tap,lalt
4,25,18.7509160881,stimulus,
4,25,18.7764657877,tap,rctrl
4,26,19.5009314833,stimulus,
4,26,19.5604733241,tap,rctrl
4,27,20.2509387921,stimulus,
4,27,20.2964265876,tap,lalt
4,28,21.0009706709,stimulus,
4,28,21.0164615952,tap,lalt
4,29,21.7509950854,stimulus,
4,29,21.8003910675,tap,lalt
4,30,22.5010020832,stimulus,
4,30,22.5363741882,tap,lalt
4,31,23.2510277417,stimulus,
4,31,23.2723150112,tap,lalt
4,31,23.9443147176,tap,rctrl
4,32,24.0010306963,stimulus,
4,33,24.7510787478,stimulus,
4,33,24.7603049418,tap,rctrl
4,34,25.5010201219,stimulus,
4,34,25.5283463264,tap,rctrl
4,35,26.2510868341,stimulus,
4,35,26.2802371286,tap,lalt
4,36,27.0010083034,stimulus,
4,36,27.0802674212,tap,rctrl
4,37,27.7511247777,stimulus,
4,37,27.7842224463,tap,rctrl
4,38,28.5011467041,stimulus,
4,38,28.5361947338,tap,lalt
4,38,29.2401628214,tap,lalt
4,39,29.2511313090,stimulus,
4,40,30.0011815375,stimulus,
4,40,30.0242064354,tap,rctrl
4,40,30.7441363206,tap,rctrl
4,41,30.7511499697,stimulus,
4,42,31.5011320865,stimulus,
4,42,31.5121515802,tap,lalt
4,43,32.2512062631,stimulus,
4,43,32.3761046396,tap,rctrl
4,44,33.0012157489,stimulus,
4,44,33.0640764071,tap,lalt
4,45,33.7512211917,stimulus,
4,45,33.8000548627,tap,lalt
4,46,34.5012477833,stimulus,
4,46,34.5520526532,tap,rctrl
4,47,35.2512526040,stimulus,
4,47,35.2560089223,tap,rctrl
4,48,36.0012739083,stimulus,
4,48,36.0720457985,tap,rctrl
4,49,36.7513123184,stimulus,
4,49,36.8400470625,tap,rctrl
4,50,37.5013323787,stimulus,
4,50,37.5919826505,tap,rctrl
4,51,41.0941675152,probe1,1
4,52,41.8603723694,stimulus,
4,52,42.4558318317,tap,rctrl
4,53,42.6102888624,stimulus,
4,53,42.9998311201,tap,rctrl
4,54,43.3603033245,stimulus,
4,54,43.7678143453,tap,rctrl
4,55,44.1103118774,stimulus,
4,55,44.7757694301,tap,rctrl
4,56,44.8603512205,stimulus,
4,57,45.6103457778,stimulus,
4,57,45.6397327529,tap,rctrl
4,58,46.3603670822,stimulus,
4,58,46.4077007385,tap,rctrl
4,58,47.0476795026,tap,lalt
4,59,47.1104117125,stimulus,
4,60,47.8605754607,stimulus,
4,60,47.8956800947,tap,lalt
4,61,48.6104729820,stimulus,
4,61,48.6316429996,tap,lalt
4,62,49.3604765587,stimulus,
4,62,49.3676323406,tap,rctrl
4,63,50.1104984851,stimulus,
4,63,50.1516069097,tap,rctrl
4,64,50.8605126361,stimulus,
4,64,50.9995994155,tap,rctrl
4,65,51.6105386057,stimulus,
4,65,51.7035749675,tap,rctrl
4,66,52.3605857241,stimulus,
4,66,52.4555727580,tap,rctrl
4,67,53.1105967651,stimulus,
4,67,53.2236256501,tap,rctrl
4,67,53.8154938479,tap,lalt
4,68,53.8606588121,stimulus,
4,69,54.6106241342,stimulus,
4,69,54.6634935070,tap,lalt
4,70,55.3606451276,stimulus,
4,70,55.4635085600,tap,lalt
4,71,56.1106664320,stimulus,
4,71,56.1514262113,tap,lalt
4,71,56.8554400178,tap,rctrl
4,72,56.8606787170,stimulus,
4,73,57.6107180601,stimulus,
4,73,57.7034042214,tap,lalt
4,74,58.3607717098,stimulus,
4,74,58.4553643795,tap,rctrl
4,75,59.1107553816,stimulus,
4,75,59.2073988695,tap,lalt
4,76,59.8607944137,stimulus,
4,76,59.9593447210,tap,rctrl
4,77,60.6108244264,stimulus,
4,77,60.7113272719,tap,lalt
4,78,61.3608239599,stimulus,
4,78,61.4953335643,tap,rctrl
4,79,62.1108318908,stimulus,
4,79,62.2792960039,tap,rctrl
4,80,62.8608765211,stimulus,
4,80,62.8872435622,tap,rctrl
4,80,63.5912060516,tap,lalt
4,81,63.6109855311,stimulus,
4,81,64.3592073155,tap,lalt
4,82,64.3609474320,stimulus,
4,83,65.1109920623,stimulus,
4,83,65.1272132447,tap,lalt
4,83,65.7351803967,tap,rctrl
4,84,65.8609953280,stimulus,
4,84,66.5511671998,tap,rctrl
4,85,66.6110101011,stimulus,
4,86,67.3610242522,stimulus,
4,86,67.4151563368,tap,lalt
4,86,68.0871090803,tap,rctrl
4,87,68.1110250297,stimulus,
4,88,68.8610444680,stimulus,
4,88,68.9190819400,tap,rctrl
4,89,69.6110828781,stimulus,
4,89,69.6550544863,tap,lalt
4,90,70.3611175560,stimulus,
4,90,70.4710801660,tap,lalt
4,91,71.1111584542,stimulus,
4,91,71.2870728784,tap,rctrl
4,92,71.8611648299,stimulus,
4,92,71.9750356265,tap,rctrl
4,93,72.6111463247,stimulus,
4,93,72.6150193668,tap,lalt
4,94,73.3611561216,stimulus,
4,94,73.3829988598,tap,rctrl
4,95,74.1111659185,stimulus,
4,95,74.1349490654,tap,lalt
4,96,74.8611962422,stimulus,
4,96,74.8709296981,tap,lalt
4,96,75.5909049912,tap,rctrl
4,97,75.6116315046,stimulus,
4,98,103.3664744400,probe1,0
4,99,104.1323692145,stimulus,
4,99,104.7261265038,tap,rctrl
4,100,104.8820956787,stimulus,
4,100,105.4940820489,tap,lalt
4,101,105.6321225813,stimulus,
4,102,106.3821466848,stimulus,
4,102,106.4540742985,tap,rctrl
4,103,107.1321042316,stimulus,
4,103,107.3020562299,tap,rctrl
4,104,107.8821889826,stimulus,
4,104,107.9580891624,tap,rctrl
4,105,108.6321835398,stimulus,
4,105,108.7420422716,tap,lalt
4,106,109.3822303473,stimulus,
4,106,109.4460588772,tap,lalt
4,107,110.1322379671,stimulus,
4,107,110.1340598799,tap,rctrl
4,108,110.8822542952,stimulus,
4,108,110.9499070383,tap,rctrl
4,109,111.6322849300,stimulus,
4,109,111.6699037913,tap,lalt
4,110,112.3823295603,stimulus,
4,110,112.4538848917,tap,lalt
4,110,113.1098643300,tap,rctrl
4,111,113.1323234956,stimulus,
4,111,113.8458449626,tap,lalt
4,112,113.8823220960,stimulus,
4,112,114.6298344603,tap,rctrl
4,113,114.6323253617,stimulus,
4,114,115.3823690590,stimulus,
4,114,115.3977977807,tap,lalt
4,115,116.1324171104,stimulus,
4,115,116.1977829765,tap,rctrl
4,116,116.8824275294,stimulus,
4,116,116.9817640769,tap,rctrl
4,117,117.6324335941,stimulus,
4,117,117.8137577745,tap,rctrl
4,118,118.3824604967,stimulus,
4,118,118.5177420348,tap,rctrl
4,119,119.1324976627,stimulus,
4,119,119.2697280069,tap,rctrl
4,120,119.8825326517,stimulus,
4,120,120.0216968733,tap,rctrl
4,121,120.6325552001,stimulus,
4,121,120.6936614352,tap,lalt
4,122,121.3825727723,stimulus,
4,122,121.3976267237,tap,lalt
4,123,122.1326071392,stimulus,
4,123,122.1343715147,tap,lalt
4,124,122.8826253335,stimulus,
4,124,122.9496143753,tap,rctrl
4,125,123.6326640546,stimulus,
4,125,123.7495961499,tap,rctrl
4,126,124.3826474154,stimulus,
4,126,124.4375775588,tap,lalt
4,127,125.1326824043,stimulus,
4,127,125.1415154782,tap,lalt
4,128,125.8826962444,stimulus,
4,128,126.0535573330,tap,rctrl
4,129,126.6327694879,stimulus,
4,129,126.8375480748,tap,rctrl
4,130,127.3828218936,stimulus,
4,130,127.5736328967,tap,rctrl
4,131,128.1328239151,stimulus,
4,131,128.3094832150,tap,rctrl
4,131,128.7893998760,tap,lalt
4,132,128.8828004337,stimulus,
4,133,129.6328064984,stimulus,
4,133,129.6854149315,tap,lalt
4,134,130.3828965366,stimulus,
4,134,130.4854069695,tap,rctrl
4,135,131.1328929600,stimulus,
4,135,131.2853893662,tap,rctrl
4,136,131.8829064890,stimulus,
4,136,132.0053755448,tap,lalt
4,137,132.6329489423,stimulus,
4,137,132.7733500617,tap,lalt
4,138,133.3829503418,stimulus,
4,138,133.4933312641,tap,rctrl
4,139,134.1329588947,stimulus,
4,139,134.2613141783,tap,rctrl
4,140,134.8829270159,stimulus,
4,140,135.0932820618,tap,rctrl
4,141,135.6329875079,stimulus,
4,141,135.7972545036,tap,lalt
4,142,136.3830200087,stimulus,
4,142,136.4852399557,tap,lalt
4,143,137.1330596628,stimulus,
4,143,137.3012087201,tap,lalt
4,144,137.8830470668,stimulus,
4,144,137.9892013254,tap,lalt
4,145,138.6330783236,stimulus,
4,145,138.8211872477,tap,lalt
4,146,139.3830927857,stimulus,
4,146,139.5412126139,tap,rctrl
4,147,140.1331016495,stimulus,
4,147,140.4211874965,tap,rctrl
4,148,140.8831714719,stimulus,
4,148,141.0931305986,tap,rctrl
4,149,141.6331514116,stimulus,
4,149,141.7171027791,tap,rctrl
4,150,142.3831879556,stimulus,
4,150,142.4211539072,tap,rctrl
4,150,143.0930292085,tap,lalt
4,151,148.8423619305,probe1,1
4,152,149.6074564691,stimulus,
4,153,150.3573897569,stimulus,
4,153,150.5968655510,tap,rctrl
4,154,151.1074639334,stimulus,
4,154,151.1888472685,tap,lalt
4,155,151.8574482273,stimulus,
4,155,151.9408186229,tap,lalt
4,156,152.6074689096,stimulus,
4,156,152.7728141867,tap,rctrl
4,157,153.3575014104,stimulus,
4,157,153.4127596723,tap,rctrl
4,158,154.1075354663,stimulus,
4,158,154.1967569454,tap,lalt
4,159,154.8575486844,stimulus,
4,159,154.9967415191,tap,rctrl
4,160,155.6075553712,stimulus,
4,160,156.1007193103,tap,lalt
4,161,156.3575651681,stimulus,
4,162,157.1075982909,stimulus,
4,163,157.8576230164,stimulus,
4,163,157.9566525944,tap,lalt
4,164,158.6076436988,stimulus,
4,164,158.7726250909,tap,rctrl
4,165,159.3576491415,stimulus,
4,165,159.5406185795,tap,rctrl
4,166,160.1076884846,stimulus,
4,166,160.1325850573,tap,lalt
4,167,160.8577104110,stimulus,
4,167,160.9006121353,tap,lalt
4,168,161.6077226960,stimulus,
4,168,161.7325793969,tap,lalt
4,169,162.3577489766,stimulus,
4,169,162.5805781230,tap,rctrl
4,170,163.1077939180,stimulus,
4,170,163.2685029276,tap,rctrl
4,171,163.8578494337,stimulus,
4,171,163.9725033605,tap,rctrl
4,172,164.6078184880,stimulus,
4,172,164.6924484854,tap,rctrl
4,173,165.3578581421,stimulus,
4,173,165.4284477788,tap,rctrl
4,174,166.1078582976,stimulus,
4,174,166.1163943542,tap,lalt
4,175,166.8578957746,stimulus,
4,175,167.0124137639,tap,lalt
4,176,167.6079180121,stimulus,
4,176,167.8123747007,tap,lalt
4,177,168.3579066601,stimulus,
4,177,168.4203564704,tap,lalt
4,178,169.1079198781,stimulus,
4,178,169.1563308828,tap,rctrl
4,179,169.8579956097,stimulus,
4,179,169.9083196540,tap,rctrl
4,180,170.6079783485,stimulus,
4,180,170.6762935488,tap,rctrl
4,181,171.3580195577,stimulus,
4,181,171.4762759455,tap,rctrl
4,182,172.1081211034,stimulus,
4,182,172.1802972162,tap,lalt
4,183,172.8581060193,stimulus,
4,183,172.8842298484,tap,rctrl
4,184,173.6081133281,stimulus,
4,184,173.7642205927,tap,rctrl
4,185,174.3581265461,stimulus,
4,185,174.5641905488,tap,lalt
4,186,175.1081568699,stimulus,
4,186,175.4761882399,tap,rctrl
4,187,175.8581825284,stimulus,
4,187,176.0841435735,tap,lalt
4,188,176.6082047658,stimulus,
4,188,176.7881471165,tap,rctrl
4,189,177.3582341565,stimulus,
4,189,177.5401685440,tap,rctrl
4,190,178.1082361781,stimulus,
4,190,178.1801102976,tap,lalt
4,191,178.8582553054,stimulus,
4,191,178.9160974615,tap,lalt
4,192,179.6082747437,stimulus,
4,192,179.7960745211,tap,rctrl
4,193,180.3583063115,stimulus,
4,193,180.5000578484,tap,rctrl
4,194,181.1083136203,stimulus,
4,194,181.3000393120,tap,rctrl
4,195,181.8583268383,stimulus,
4,195,181.9720057401,tap,lalt
4,196,182.6083640044,stimulus,
4,196,182.7239683862,tap,rctrl
4,197,183.3583766004,stimulus,
4,197,183.3799854570,tap,rctrl
4,197,184.0999296489,tap,rctrl
4,198,184.1083854643,stimulus,
4,199,184.8583912180,stimulus,
4,199,184.8999055143,tap,lalt
4,200,187.4177001103,probe1,2
4,201,188.1836113684,stimulus,
4,201,188.7078212249,tap,rctrl
4,202,188.9335465222,stimulus,
4,202,189.2517850578,tap,lalt
4,203,189.6835712477,stimulus,
4,203,189.8437789048,tap,lalt
4,204,190.4336140120,stimulus,
4,204,190.4837629560,tap,rctrl
4,205,191.1836126124,stimulus,
4,205,191.2837441086,tap,rctrl
4,206,191.9336146340,stimulus,
4,206,192.0036898556,tap,rctrl
4,207,192.6836151005,stimulus,
4,207,192.6916656662,tap,rctrl
4,208,193.4336665732,stimulus,
4,208,193.4436472841,tap,lalt
4,209,194.1836984520,stimulus,
4,209,194.2436480306,tap,lalt
4,210,194.9336917652,stimulus,
4,210,194.9956249833,tap,lalt
4,211,195.6837202229,stimulus,
4,211,195.7155875249,tap,lalt
4,212,196.4337461924,stimulus,
4,212,196.4836886240,tap,lalt
4,213,197.1837563003,stimulus,
4,213,197.1877963563,tap,lalt
4,214,197.9337178903,stimulus,
4,214,198.0195726560,tap,rctrl
4,215,198.6838209910,stimulus,
4,215,198.8675477451,tap,rctrl
4,216,199.4338547359,stimulus,
4,216,199.5875193061,tap,rctrl
4,216,200.1794434862,tap,lalt
4,217,200.1838334315,stimulus,
4,218,200.9338926794,stimulus,
4,218,200.9634513337,tap,lalt
4,219,201.6839018543,stimulus,
4,219,201.6994344544,tap,rctrl
4,220,202.4339085411,stimulus,
4,220,202.4834227080,tap,rctrl
4,221,203.1838978112,stimulus,
4,221,203.2834265646,tap,rctrl
4,222,203.9339791410,stimulus,
4,222,203.9713675418,tap,lalt
4,223,204.6839752533,stimulus,
4,223,204.7393607195,tap,rctrl
4,224,205.4340043330,stimulus,
4,224,205.4753519265,tap,rctrl
4,225,206.1840119528,stimulus,
4,225,206.2596263119,tap,lalt
4,226,206.9340581382,stimulus,
4,226,206.9793487517,tap,rctrl
4,227,207.6840750884,stimulus,
4,227,207.7472800378,tap,rctrl
4,228,208.4340917276,stimulus,
4,228,208.4672316939,tap,lalt
4,229,209.1841061897,stimulus,
4,229,209.2992480955,tap,rctrl
4,230,209.9341551742,stimulus,
4,230,210.0512331346,tap,rctrl
4,231,210.6842047808,stimulus,
4,231,210.7711748383,tap,lalt
4,232,211.4342030702,stimulus,
4,232,211.5871740819,tap,lalt
4,233,212.1841802108,stimulus,
4,233,212.2911564761,tap,lalt
4,234,212.9342665168,stimulus,
4,234,213.0431321848,tap,lalt
4,235,213.6842669833,stimulus,
4,235,213.8271251036,tap,rctrl
4,236,214.4342845555,stimulus,
4,236,214.6271401567,tap,rctrl
4,237,215.1843195445,stimulus,
4,237,215.2831090206,tap,lalt
4,238,215.9343408489,stimulus,
4,238,215.9390589127,tap,rctrl
4,239,216.6844523469,stimulus,
4,239,216.9950909743,tap,rctrl
4,240,217.4344394399,stimulus,
4,240,217.5390193518,tap,lalt
4,240,218.1789595503,tap,rctrl
4,241,218.1844511029,stimulus,
4,242,218.9344730293,stimulus,
4,242,218.9469437086,tap,lalt
4,243,221.8069938687,probe1,1
4,244,222.5736487583,stimulus,
4,244,222.9948726434,tap,rctrl
4,245,223.3235764479,stimulus,
4,245,223.6348417660,tap,lalt
4,246,224.0735538994,stimulus,
4,246,224.1948370635,tap,rctrl
4,247,224.8235668065,stimulus,
4,247,224.9468012647,tap,lalt
4,248,225.5735859338,stimulus,
4,248,225.6507954774,tap,rctrl
4,249,226.3236426936,stimulus,
4,249,226.3547595218,tap,rctrl
4,250,227.0736419161,stimulus,
4,250,227.1067178138,tap,lalt
4,251,227.8236560671,stimulus,
4,251,227.8747125464,tap,rctrl
4,252,228.5736907451,stimulus,
4,252,228.6427134994,tap,lalt
4,253,229.3237052072,stimulus,
4,253,229.4266871355,tap,lalt
4,254,230.0737302437,stimulus,
4,254,230.1306611323,tap,lalt
4,255,230.8236629094,stimulus,
4,255,230.9786455518,tap,lalt
4,256,231.5737684983,stimulus,
4,256,231.6986457260,tap,rctrl
4,257,232.3237888696,stimulus,
4,257,232.5306484430,tap,rctrl
4,258,233.0738045757,stimulus,
4,258,233.1545892112,tap,rctrl
4,259,233.8239098536,stimulus,
4,259,233.8425715532,tap,lalt
4,260,234.5738664673,stimulus,
4,260,234.5945286010,tap,lalt
4,261,235.3239515293,stimulus,
4,261,235.3945299695,tap,lalt
4,262,236.0738907263,stimulus,
4,262,236.1784864999,tap,lalt
4,262,236.8184590437,tap,rctrl
4,263,236.8238955470,stimulus,
4,264,237.5739299139,stimulus,
4,264,237.6504477651,tap,rctrl
4,265,238.3239580605,stimulus,
4,265,238.3864349290,tap,rctrl
4,266,239.0739927385,stimulus,
4,266,239.1703955025,tap,rctrl
4,266,239.7943860328,tap,lalt
4,267,239.8239904059,stimulus,
4,268,240.5740117103,stimulus,
4,268,240.5783534486,tap,rctrl
4,269,241.3240239953,stimulus,
4,269,241.3623345490,tap,rctrl
4,270,242.0740415675,stimulus,
4,270,242.0982968318,tap,rctrl
4,271,242.8240896190,stimulus,
4,271,242.9783224095,tap,rctrl
4,272,243.5741395365,stimulus,
4,272,243.6823138231,tap,lalt
4,273,249.0444941097,probe1,1
4,274,249.8103807978,stimulus,
4,274,250.1461607650,tap,rctrl
4,275,250.5603243490,stimulus,
4,275,250.7541838994,tap,rctrl
4,276,251.3103372560,stimulus,
4,276,251.3780777047,tap,rctrl
4,277,252.0603492300,stimulus,
4,277,252.0820753385,tap,lalt
4,278,252.8103916833,stimulus,
4,278,252.8981196790,tap,rctrl
4,279,253.5603896617,stimulus,
4,279,253.5699800516,tap,lalt
4,280,254.3103720895,stimulus,
4,280,254.3379474152,tap,lalt
4,281,255.0603912168,stimulus,
4,281,255.0739799869,tap,lalt
4,281,255.7619701042,tap,rctrl
4,282,255.8104657043,stimulus,
4,283,256.5604652378,stimulus,
4,283,256.5939227482,tap,rctrl
4,284,257.3105204426,stimulus,
4,284,257.3618876236,tap,rctrl
4,285,258.0605131338,stimulus,
4,285,258.1299084814,tap,rctrl
4,286,258.8105614962,stimulus,
4,286,258.9138805624,tap,lalt
4,287,259.5605852887,stimulus,
4,287,259.6498590179,tap,lalt
4,288,260.3106081482,stimulus,
4,288,260.4018387697,tap,lalt
4,289,261.0606005283,stimulus,
4,289,261.1538253638,tap,rctrl
4,290,261.8106187226,stimulus,
4,290,261.8257765522,tap,rctrl
4,291,262.5606745494,stimulus,
4,291,262.6097461452,tap,lalt
4,292,263.3106607093,stimulus,
4,292,263.3617246529,tap,lalt
4,293,264.0606807696,stimulus,
4,293,264.1777416243,tap,rctrl
4,293,264.7697021928,tap,rctrl
4,294,264.8106803031,stimulus,
4,295,265.5607330198,stimulus,
4,295,265.5856591387,tap,lalt
4,296,266.3107369075,stimulus,
4,296,266.4336706163,tap,lalt
4,297,267.0608238355,stimulus,
4,297,267.0896466335,tap,lalt
4,298,267.8107966219,stimulus,
4,298,267.8256477930,tap,rctrl
4,299,268.5608474725,stimulus,
4,299,268.6256479174,tap,rctrl
4,300,269.3108373646,stimulus,
4,300,269.4576002503,tap,rctrl
4,301,270.0608583579,stimulus,
4,301,270.0975923879,tap,rctrl
4,301,270.7535245523,tap,lalt
4,302,270.8108840165,stimulus,
4,303,271.5609018997,stimulus,
4,303,271.5694936277,tap,lalt
4,304,272.3109328455,stimulus,
4,304,272.3535086284,tap,lalt
4,305,273.0609466856,stimulus,
4,305,273.1374570725,tap,lalt
4,306,273.8109686120,stimulus,
4,306,273.8734429923,tap,lalt
4,307,274.5609942705,stimulus,
4,307,274.6414399021,tap,rctrl
4,308,275.3110267714,stimulus,
4,308,275.4094206392,tap,lalt
4,309,276.0610468317,stimulus,
4,309,276.1134151629,tap,rctrl
4,310,276.8110721792,stimulus,
4,310,276.9933838252,tap,lalt
4,310,277.5373507683,tap,lalt
4,311,277.5610651814,stimulus,
4,312,278.3111888090,stimulus,
4,312,278.3213337347,tap,rctrl
4,313,279.0611898976,stimulus,
4,313,279.2333174302,tap,lalt
4,314,279.8112108909,stimulus,
4,314,279.8252885732,tap,rctrl
4,315,280.5612381045,stimulus,
4,315,280.6412750653,tap,lalt
4,316,281.3112286186,stimulus,
4,316,281.3612764835,tap,rctrl
4,317,282.0612611195,stimulus,
4,317,282.1612367983,tap,lalt
4,318,282.8112796247,stimulus,
4,318,282.9132342778,tap,rctrl
4,319,283.5612869335,stimulus,
4,319,283.6492037140,tap,rctrl
4,320,284.3112982855,stimulus,
4,320,284.4331751730,tap,lalt
4,321,285.0613298533,stimulus,
4,321,285.1851698534,tap,lalt
4,322,287.2824266585,probe1,0
4,323,288.0474857416,stimulus,
4,323,288.4810786047,tap,rctrl
4,324,288.7974233836,stimulus,
4,324,289.1050330575,tap,lalt
4,325,289.5474406448,stimulus,
4,325,289.7130474836,tap,rctrl
4,326,290.2974790548,stimulus,
4,326,290.3369882518,tap,rctrl
4,327,291.0474736121,stimulus,
4,327,291.1530117544,tap,rctrl
4,328,291.7974215175,stimulus,
4,328,291.8410659403,tap,lalt
4,329,292.5475190200,stimulus,
4,329,292.6249422294,tap,lalt
4,330,293.2975515208,stimulus,
4,330,293.3929397612,tap,rctrl
4,331,294.0475768684,stimulus,
4,331,294.1609229864,tap,rctrl
4,332,294.7975888424,stimulus,
4,332,294.9288878619,tap,lalt
4,333,295.5476294295,stimulus,
4,333,295.7128863789,tap,lalt
4,334,296.2976162115,stimulus,
4,334,296.4648592885,tap,rctrl
4,335,297.0476449802,stimulus,
4,335,297.1368788997,tap,rctrl
4,336,297.7976799691,stimulus,
4,336,297.9368463678,tap,rctrl
4,337,298.5476819907,stimulus,
4,337,298.6728664990,tap,rctrl
4,338,299.2977508800,stimulus,
4,338,299.4087746656,tap,rctrl
4,339,300.0477532126,stimulus,
4,339,300.1607534844,tap,rctrl
4,340,300.7977595884,stimulus,
4,340,300.8006943049,tap,lalt
4,341,301.5478023526,stimulus,
4,341,301.6487048495,tap,lalt
4,342,302.2977885126,stimulus,
4,342,302.4167272623,tap,lalt
4,343,303.0478163482,stimulus,
4,343,303.1046657515,tap,lalt
4,343,303.7766791424,tap,rctrl
4,344,303.7978295662,stimulus,
4,345,304.5478642442,stimulus,
4,345,304.5927275261,tap,rctrl
4,345,305.2325896603,tap,lalt
4,346,305.2978752851,stimulus,
4,347,306.0478838380,stimulus,
4,347,306.1125238003,tap,lalt
4,347,306.7845418564,tap,rctrl
4,348,306.7979073194,stimulus,
4,348,307.5365421351,tap,lalt
4,349,307.5479709215,stimulus,
4,349,308.2885237530,tap,rctrl
4,350,308.2979720101,stimulus,
4,350,308.9284720378,tap,rctrl
4,351,309.0479986017,stimulus,
4,351,309.7444600849,tap,lalt
4,352,309.7979782304,stimulus,
4,353,310.5480446316,stimulus,
4,353,310.7204648273,tap,lalt
4,354,311.2980572276,stimulus,
4,354,311.3764256048,tap,lalt
4,355,312.0481099443,stimulus,
4,355,312.1604157246,tap,lalt
4,356,312.7981144539,stimulus,
4,356,312.9443993130,tap,lalt
4,357,313.5481226958,stimulus,
4,357,313.6003974121,tap,rctrl
4,358,314.2981408900,stimulus,
4,358,314.3523575701,tap,rctrl
4,359,315.0481908076,stimulus,
4,359,315.0563020208,tap,lalt
4,359,315.7442999134,tap,rctrl
4,360,315.7981614169,stimulus,
4,361,316.5482035591,stimulus,
4,361,316.6082887393,tap,lalt
4,362,317.2982170882,stimulus,
4,362,317.3602299255,tap,lalt
4,363,318.0482278181,stimulus,
4,363,318.1282448740,tap,rctrl
4,364,318.7982814678,stimulus,
4,364,318.8962377407,tap,rctrl
4,365,319.5483164567,stimulus,
4,365,319.6001815693,tap,lalt
4,366,320.2983253206,stimulus,
4,366,320.4322191197,tap,lalt
4,367,321.0483568884,stimulus,
4,367,321.0561776157,tap,lalt
4,368,321.7983455364,stimulus,
4,368,321.8081405728,tap,rctrl
4,369,324.6714902675,probe1,0
4,370,325.4375697835,stimulus,
4,370,325.7920294890,tap,rctrl
4,371,326.1874965400,stimulus,
4,371,326.3840264460,tap,lalt
4,372,326.9375221985,stimulus,
4,372,327.1360317009,tap,rctrl
4,373,327.6875484791,stimulus,
4,373,327.7599898859,tap,rctrl
4,374,328.4375651183,stimulus,
4,374,328.5119789681,tap,lalt
4,375,329.1876013513,stimulus,
4,375,329.3119311965,tap,lalt
4,376,329.9376095931,stimulus,
4,376,329.9999057631,tap,rctrl
4,377,330.6876445821,stimulus,
4,377,330.7678737487,tap,rctrl
4,378,331.4376727287,stimulus,
4,378,331.4719077710,tap,lalt
4,379,332.1877627669,stimulus,
4,379,332.3358546102,tap,lalt
4,380,332.9377495489,stimulus,
4,380,333.0878433814,tap,rctrl
4,381,333.6877717863,stimulus,
4,381,333.8878332424,tap,rctrl
4,382,334.4377946457,stimulus,
4,382,334.6238098319,tap,rctrl
4,383,335.1877966673,stimulus,
4,383,335.3117943509,tap,rctrl
4,384,335.9378117514,stimulus,
4,384,335.9677174959,tap,lalt
4,385,336.6878498505,stimulus,
4,385,336.7197519860,tap,rctrl
4,386,337.4378711549,stimulus,
4,386,337.4717248955,tap,lalt
4,387,338.1878613580,stimulus,
4,387,338.3197186454,tap,lalt
4,388,338.9379056773,stimulus,
4,388,339.0237091259,tap,lalt
4,389,339.6878996125,stimulus,
4,389,339.7276336717,tap,lalt
4,389,340.3356306810,tap,rctrl
4,390,340.4379417548,stimulus,
4,391,341.1879241825,stimulus,
4,391,341.2637459872,tap,lalt
4,392,341.9379591715,stimulus,
4,392,342.0315581553,tap,rctrl
4,393,342.6879761217,stimulus,
4,393,342.7995668836,tap,rctrl
4,394,343.4379943159,stimulus,
4,394,343.5035601632,tap,rctrl
4,395,344.1880196635,stimulus,
4,395,344.2395268003,tap,lalt
4,396,344.9380210630,stimulus,
4,396,345.0395235035,tap,lalt
4,397,345.6880607172,stimulus,
4,397,345.7754910736,tap,lalt
4,398,346.4380730022,stimulus,
4,398,346.4634482235,tap,lalt
4,399,347.1881322501,stimulus,
4,399,347.2636772533,tap,rctrl
4,400,347.9381370708,stimulus,
4,400,347.9674410055,tap,rctrl
4,401,348.6881428245,stimulus,
4,401,348.7834206554,tap,rctrl
4,402,349.4381743923,stimulus,
4,402,349.4714042413,tap,lalt
4,403,350.1881848113,stimulus,
4,403,350.2073391551,tap,rctrl
4,403,350.9113103528,tap,lalt
4,404,350.9381980293,stimulus,
4,405,351.6882152905,stimulus,
4,405,351.7753480077,tap,lalt
4,406,352.4382627200,stimulus,
4,406,352.5593014280,tap,lalt
4,407,353.1882784261,stimulus,
4,407,353.4072771391,tap,lalt
4,408,353.9383149701,stimulus,
4,408,353.9512795377,tap,rctrl
4,409,354.6883306762,stimulus,
4,409,354.8632495486,tap,rctrl
4,410,355.4383709524,stimulus,
4,410,355.4712039491,tap,lalt
4,411,356.1883260111,stimulus,
4,411,356.4152692344,tap,rctrl
4,412,356.9384107620,stimulus,
4,412,357.0552103659,tap,lalt
4,413,357.6884162048,stimulus,
4,413,357.7751884582,tap,rctrl
4,414,358.4384571029,stimulus,
4,414,358.5271473722,tap,rctrl
4,415,359.1884721871,stimulus,
4,415,359.3271378552,tap,rctrl
4,416,359.9385205495,stimulus,
4,416,360.0630820993,tap,lalt
4,417,360.6885032883,stimulus,
4,417,360.7990714403,tap,rctrl
4,418,361.4385382773,stimulus,
4,418,361.6151524802,tap,rctrl
4,419,362.1885707781,stimulus,
4,419,362.3350347806,tap,lalt
4,420,362.9386390454,stimulus,
4,420,363.0069816148,tap,lalt
4,421,363.6886099657,stimulus,
4,421,363.8070122184,tap,rctrl
4,422,365.8073095467,probe1,0
4,423,366.5727601948,stimulus,
4,423,366.8949202905,tap,rctrl
4,424,367.3227084112,stimulus,
4,424,367.4709087980,tap,rctrl
4,425,368.0727262945,stimulus,
4,425,368.1108539727,tap,rctrl
4,426,368.8227376464,stimulus,
4,426,368.9268609916,tap,rctrl
4,427,369.5728485225,stimulus,
4,427,369.6948435948,tap,lalt
4,428,370.3228751141,stimulus,
4,428,370.4468112171,tap,lalt
4,429,371.0728367040,stimulus,
4,429,371.1668204106,tap,rctrl
4,430,371.8228548982,stimulus,
4,430,371.9507728978,tap,lalt
4,431,372.5728821119,stimulus,
4,431,372.6547667995,tap,rctrl
4,432,373.3228776022,stimulus,
4,432,373.4707336978,tap,lalt
4,433,374.0729076149,stimulus,
4,433,374.1747524805,tap,lalt
4,434,374.8229376276,stimulus,
4,434,374.9587239395,tap,lalt
4,435,375.5729321849,stimulus,
4,435,375.7107764683,tap,rctrl
4,436,376.3229575324,stimulus,
4,436,376.4466690843,tap,rctrl
4,437,377.0729996747,stimulus,
4,437,377.1346461390,tap,rctrl
4,438,377.8229957870,stimulus,
4,438,378.0305877955,tap,lalt
4,439,378.5730130482,stimulus,
4,439,378.8145720060,tap,lalt
4,440,379.3230542574,stimulus,
4,440,379.3906329794,tap,rctrl
4,441,380.0730447715,stimulus,
4,441,380.1265299496,tap,rctrl
4,441,380.8145511681,tap,rctrl
4,442,380.8230769614,stimulus,
4,443,381.5731166155,stimulus,
4,443,381.6784737483,tap,lalt
4,444,382.3231923471,stimulus,
4,444,382.4464771894,tap,lalt
4,445,383.0731436736,stimulus,
4,445,383.1664776746,tap,rctrl
4,446,383.8232262475,stimulus,
4,446,383.9184465409,tap,rctrl
4,447,384.5731987229,stimulus,
4,447,384.6064195525,tap,lalt
4,448,385.3232501955,stimulus,
4,448,385.3583821986,tap,rctrl
4,449,386.0732366664,stimulus,
4,449,386.1583462455,tap,rctrl
4,450,386.8232816078,stimulus,
4,450,386.9903753986,tap,rctrl
4,451,387.5732988690,stimulus,
4,451,387.6623408936,tap,lalt
4,452,388.3233251496,stimulus,
4,452,388.4463223050,tap,lalt
4,453,389.0733212619,stimulus,
4,453,389.1983129423,tap,lalt
4,454,389.8234377362,stimulus,
4,454,389.8702526232,tap,rctrl
4,455,390.5734039913,stimulus,
4,455,390.7182743643,tap,rctrl
4,456,391.3234274728,stimulus,
4,456,391.4863135718,tap,rctrl
4,457,392.0734441119,stimulus,
4,457,392.2222506626,tap,lalt
4,458,392.8234430234,stimulus,
4,458,393.0222402126,tap,lalt
4,459,395.2988751912,probe1,0
4,460,396.0646045068,stimulus,
4,460,396.5580887892,tap,rctrl
4,461,396.8145440148,stimulus,
4,461,397.4540814518,tap,lalt
4,462,397.5646580010,stimulus,
4,463,398.3145150907,stimulus,
4,463,398.4140880079,tap,rctrl
4,464,399.0646598671,stimulus,
4,464,399.1820460411,tap,rctrl
4,465,399.8146740182,stimulus,
4,465,399.9660448692,tap,rctrl
4,466,400.5646853701,stimulus,
4,466,400.6540387186,tap,rctrl
4,467,401.3146817935,stimulus,
4,467,401.3419520157,tap,lalt
4,468,402.0646950115,stimulus,
4,468,402.1579602787,tap,lalt
4,469,402.8147331106,stimulus,
4,469,402.9739200237,tap,lalt
4,470,403.5647401084,stimulus,
4,470,403.6779136143,tap,rctrl
4,471,404.3147900259,stimulus,
4,471,404.4298896340,tap,rctrl
4,471,404.5418421038,tap,rctrl
4,472,405.0648054211,stimulus,
4,472,405.1498499985,tap,lalt
4,473,405.8148304576,stimulus,
4,473,405.9498389265,tap,lalt
4,474,406.5648442977,stimulus,
4,474,406.6538387374,tap,lalt
4,475,407.3148596928,stimulus,
4,475,407.3578062030,tap,rctrl
4,476,408.0648856624,stimulus,
4,476,408.2378212062,tap,rctrl
4,477,408.8148805307,stimulus,
4,477,408.9257646716,tap,rctrl
4,478,409.5649142755,stimulus,
4,478,409.6617596108,tap,rctrl
4,479,410.3149449103,stimulus,
4,479,410.4137549132,tap,lalt
4,480,411.0649419557,stimulus,
4,480,411.1656799268,tap,lalt
4,481,411.8149707244,stimulus,
4,481,411.9496999038,tap,rctrl
4,482,412.5649954499,stimulus,
4,482,412.6696804841,tap,rctrl
4,483,413.3150410133,stimulus,
4,483,413.4056278384,tap,rctrl
4,484,414.0650498771,stimulus,
4,484,414.2536197222,tap,rctrl
4,485,414.8150543868,stimulus,
4,485,414.9735903501,tap,lalt
4,486,415.5650949740,stimulus,
4,486,415.7415822837,tap,lalt
4,487,416.3151641743,stimulus,
4,487,416.3975191133,tap,rctrl
4,488,417.0651145678,stimulus,
4,488,417.1335215168,tap,rctrl
4,489,417.8151539109,stimulus,
4,489,417.9495425313,tap,lalt
4,490,418.5651901439,stimulus,
4,490,418.6694873452,tap,lalt
4,491,419.3152618323,stimulus,
4,491,419.4374761686,tap,rctrl
4,492,420.0652268434,stimulus,
4,492,420.2214569580,tap,rctrl
4,493,420.8152378843,stimulus,
4,493,420.9414375384,tap,rctrl
4,494,421.5652458152,stimulus,
4,494,421.7574050587,tap,lalt
4,495,422.3152752059,stimulus,
4,495,422.4933832032,tap,lalt
4,496,423.0652797156,stimulus,
4,496,423.2453725964,tap,rctrl
4,497,429.4853155318,probe1,1
4,498,430.2506053864,stimulus,
4,498,430.7171345025,tap,lalt
4,499,431.0006021207,stimulus,
4,499,431.3091342586,tap,rctrl
4,500,431.7505487820,stimulus,
4,500,431.9011156650,tap,lalt
4,501,432.5006497057,stimulus,
4,501,432.5570783087,tap,lalt
4,502,433.2506237361,stimulus,
4,502,433.3090742332,tap,rctrl
4,503,434.0006801849,stimulus,
4,503,434.0290237122,tap,lalt
4,504,434.7506952691,stimulus,
4,504,434.8290642683,tap,lalt
4,505,435.5007087981,stimulus,
4,505,435.6290323584,tap,rctrl
4,506,436.2507571606,stimulus,
4,506,436.3170240307,tap,rctrl
4,507,437.0007346122,stimulus,
4,507,437.0689829447,tap,lalt
4,508,437.7507636919,stimulus,
4,508,437.8209710939,tap,rctrl
4,509,438.5007846852,stimulus,
4,509,438.5409034672,tap,lalt
4,510,439.2507764434,stimulus,
4,510,439.3409101229,tap,rctrl
4,511,440.0008045901,stimulus,
4,511,440.0448887849,tap,rctrl
4,512,440.7508202962,stimulus,
4,512,440.7648771406,tap,lalt
4,513,441.5008531080,stimulus,
4,513,441.5488787678,tap,lalt
4,514,442.2508650820,stimulus,
4,514,442.3648500203,tap,rctrl
4,515,443.0008779891,stimulus,
4,515,443.0848206483,tap,rctrl
4,516,443.7508940062,stimulus,
4,516,443.8687921072,tap,lalt
4,517,444.5009330383,stimulus,
4,517,444.5727489984,tap,lalt
4,518,445.2509288397,stimulus,
4,518,445.4047793955,tap,rctrl
4,519,446.0009585414,stimulus,
4,519,446.1727918559,tap,rctrl
4,520,446.7509994396,stimulus,
4,520,446.9407268742,tap,rctrl
4,521,447.5010282082,stimulus,
4,521,447.5647705876,tap,rctrl
4,522,448.2510311629,stimulus,
4,522,448.3486711357,tap,lalt
4,523,449.0010701950,stimulus,
4,523,449.0686361654,tap,lalt
4,524,449.7510759487,stimulus,
4,524,449.8526362376,tap,rctrl
4,525,453.1806206695,probe1,2
4,526,453.9464358247,stimulus,
4,527,454.6962845170,stimulus,
4,527,454.7805011784,tap,lalt
4,528,455.4463089315,stimulus,
4,528,455.5164724807,tap,lalt
4,529,456.1963084650,stimulus,
4,529,456.3325062467,tap,rctrl
4,530,456.9463247931,stimulus,
4,530,457.1004381548,tap,rctrl
4,531,457.6963380112,stimulus,
4,531,457.8044208600,tap,rctrl
4,532,458.4463465640,stimulus,
4,532,458.5403697693,tap,lalt
4,533,459.1963759547,stimulus,
4,533,459.2603696325,tap,lalt
4,534,459.9463975701,stimulus,
4,534,460.1403529124,tap,rctrl
4,535,460.6964126542,stimulus,
4,535,460.9243337018,tap,rctrl
4,536,461.4464289824,stimulus,
4,536,461.6282955691,tap,rctrl
4,537,462.1964257168,stimulus,
4,537,462.3003198455,tap,rctrl
4,537,462.9403038968,tap,lalt
4,538,462.9463490521,stimulus,
4,539,463.6964617943,stimulus,
4,539,463.7882497507,tap,lalt
4,540,464.4464837207,stimulus,
4,540,464.6202459365,tap,lalt
4,541,465.1965162215,stimulus,
4,541,465.3882319608,tap,rctrl
4,542,465.9465496554,stimulus,
4,542,466.0761925318,tap,rctrl
4,543,466.6965420356,stimulus,
4,543,466.7321744583,tap,lalt
4,544,467.4465524545,stimulus,
4,544,467.5801358628,tap,lalt
4,545,468.1966073482,stimulus,
4,545,468.3641315808,tap,lalt
4,546,468.9466177672,stimulus,
4,546,469.0361011190,tap,lalt
4,547,469.6966449808,stimulus,
4,547,469.8040843442,tap,lalt
4,548,470.4467026737,stimulus,
4,548,470.4920554897,tap,lalt
4,549,471.1966760821,stimulus,
4,549,471.2600440021,tap,lalt
4,550,471.9467104490,stimulus,
4,550,471.9960355201,tap,rctrl
4,551,472.6967529022,stimulus,
4,551,472.8440047000,tap,rctrl
4,552,473.4467676753,stimulus,
4,552,473.5959878730,tap,rctrl
4,553,476.2143133056,probe1,1
4,554,476.9800018785,stimulus,
4,555,477.7298710976,stimulus,
4,555,477.8998772122,tap,rctrl
4,556,478.4799617579,stimulus,
4,556,478.6198556154,tap,rctrl
4,557,479.2299494729,stimulus,
4,557,479.3719022350,tap,rctrl
4,558,479.9800217833,stimulus,
4,558,480.0597878520,tap,lalt
4,559,480.7300219388,stimulus,
4,559,480.8117775562,tap,lalt
4,559,481.4677579276,tap,lalt
4,560,481.4800267595,stimulus,
4,561,482.2300116754,stimulus,
4,561,482.3317585720,tap,rctrl
4,562,482.9800889621,stimulus,
4,562,483.1157406054,tap,rctrl
4,563,483.7301158647,stimulus,
4,563,483.8356860413,tap,lalt
4,564,484.4801340589,stimulus,
4,564,484.6196671417,tap,lalt
4,565,485.2302209870,stimulus,
4,565,485.3236613544,tap,rctrl
4,566,485.9802226976,stimulus,
4,566,486.0596199051,tap,lalt
4,567,486.7302365377,stimulus,
4,567,486.8596271828,tap,lalt
4,568,487.4802740147,stimulus,
4,568,487.5635986915,tap,lalt
4,569,488.2303317076,stimulus,
4,569,488.3315912471,tap,lalt
4,570,488.9803623423,stimulus,
4,570,489.0675715687,tap,rctrl
4,571,489.7303506793,stimulus,
4,571,489.8035534454,tap,lalt
4,572,490.4804142815,stimulus,
4,572,490.5715158327,tap,lalt
4,573,491.2303628088,stimulus,
4,573,491.3074890010,tap,rctrl
4,574,491.9804668426,stimulus,
4,574,492.0434428865,tap,rctrl
4,575,492.7304688642,stimulus,
4,575,492.7954534286,tap,lalt
4,576,493.4804898576,stimulus,
4,576,493.6114856396,tap,rctrl
4,577,494.2304704193,stimulus,
4,577,494.3634209166,tap,rctrl
4,578,494.9805240690,stimulus,
4,578,495.0673936694,tap,rctrl
4,579,495.7305099179,stimulus,
4,579,495.8193799525,tap,rctrl
4,580,496.4805859605,stimulus,
4,580,496.5713621924,tap,lalt
4,581,497.2305603020,stimulus,
4,581,497.3393304890,tap,lalt
4,582,497.9805909367,stimulus,
4,582,498.1393474081,tap,rctrl
4,583,498.7305970015,stimulus,
4,583,498.8753149782,tap,lalt
4,584,499.4806546943,stimulus,
4,584,499.5952840511,tap,rctrl
4,585,500.2306542278,stimulus,
4,585,500.2512177705,tap,lalt
4,586,500.9806861066,stimulus,
4,586,501.0352946628,tap,rctrl
4,587,501.7306800419,stimulus,
4,587,501.8352885670,tap,rctrl
4,588,502.4807949611,stimulus,
4,588,502.6031769333,tap,rctrl
4,589,503.2307559290,stimulus,
4,589,503.3231419630,tap,lalt
4,590,503.9807632378,stimulus,
4,590,504.6831591558,tap,rctrl
4,591,504.7307182964,stimulus,
4,592,505.4808263734,stimulus,
4,592,505.5311367330,tap,rctrl
4,593,506.2308884204,stimulus,
4,593,506.3470855926,tap,lalt
4,594,506.9808627619,stimulus,
4,594,507.1790740030,tap,rctrl
4,595,507.7308974398,stimulus,
4,595,508.0270406948,tap,rctrl
4,596,508.4809171891,stimulus,
4,596,508.8590070233,tap,lalt
4,597,509.2309310292,stimulus,
4,597,509.7389909253,tap,rctrl
4,598,513.7738610557,probe1,1
4,599,514.5392003613,stimulus,
4,599,514.9388458689,tap,rctrl
4,600,515.2889992915,stimulus,
4,600,515.6908377502,tap,lalt
4,601,516.0390109545,stimulus,
4,601,516.6668145014,tap,rctrl
4,602,516.7890440774,stimulus,
4,603,517.5390401897,stimulus,
4,603,517.5787817132,tap,rctrl
4,604,518.2890807769,stimulus,
4,604,518.4267847935,tap,lalt
4,605,519.0390806214,stimulus,
4,605,519.1467299184,tap,rctrl
4,606,519.7891047248,stimulus,
4,606,519.8667098767,tap,lalt
4,607,520.5391226081,stimulus,
4,607,520.6346812834,tap,rctrl
4,608,521.2891843441,stimulus,
4,608,521.3706678253,tap,lalt
4,609,522.0391599296,stimulus,
4,609,522.1546843811,tap,rctrl
4,610,522.7892686286,stimulus,
4,610,522.9226277967,tap,lalt
4,611,523.5392355057,stimulus,
4,611,523.5625835458,tap,rctrl
4,612,524.2892978638,stimulus,
4,612,524.3465932594,tap,rctrl
4,613,525.0393036175,stimulus,
4,613,525.1465653926,tap,rctrl
4,614,525.7893466928,stimulus,
4,614,525.9145479958,tap,rctrl
4,615,526.5393745284,stimulus,
4,615,526.5864973181,tap,lalt
4,616,527.2893106153,stimulus,
4,616,527.3384584092,tap,lalt
4,617,528.0393879020,stimulus,
4,617,528.1224780752,tap,lalt
4,618,528.7894219579,stimulus,
4,618,528.8744242376,tap,lalt
4,619,529.5393972324,stimulus,
4,619,529.6584547890,tap,rctrl
4,620,530.2894735860,stimulus,
4,620,530.4104245884,tap,rctrl
4,621,531.0394933353,stimulus,
4,621,531.1147235936,tap,lalt
4,622,531.7894735860,stimulus,
4,622,531.8023442277,tap,lalt
4,623,532.5394892921,stimulus,
4,623,532.5703797031,tap,lalt
4,624,533.2894813613,stimulus,
4,624,533.3863528216,tap,rctrl
4,625,534.0395256806,stimulus,
4,625,534.1223312771,tap,rctrl
4,626,534.7895628467,stimulus,
4,626,534.8582848516,tap,lalt
4,627,535.5396289369,stimulus,
4,627,535.5782850258,tap,lalt
4,628,536.2895746651,stimulus,
4,628,536.3302781512,tap,lalt
4,629,537.0395969026,stimulus,
4,629,537.0661978253,tap,rctrl
4,630,537.7896098096,stimulus,
4,630,537.8343322027,tap,rctrl
4,631,538.5396270708,stimulus,
4,631,538.6182100468,tap,rctrl
4,632,539.2897205301,stimulus,
4,632,539.3061513351,tap,rctrl
4,633,540.0396861632,stimulus,
4,633,540.0741127894,tap,rctrl
4,634,540.7897099557,stimulus,
4,634,540.8260978284,tap,lalt
4,635,541.5397800891,stimulus,
4,635,541.6581108089,tap,lalt
4,636,542.2897653160,stimulus,
4,636,542.4420844449,tap,lalt
4,637,543.0398027930,stimulus,
4,637,543.0660311224,tap,lalt
4,638,543.7897802446,stimulus,
4,638,543.8660561279,tap,lalt
4,639,544.5398233199,stimulus,
4,639,544.6820280023,tap,lalt
4,640,545.2898352939,stimulus,
4,640,545.4020073387,tap,lalt
4,641,546.0398612634,stimulus,
4,641,546.1219639710,tap,rctrl
4,642,546.7898794577,stimulus,
4,642,546.8899481293,tap,rctrl
4,643,549.8589227388,probe1,2
4,644,550.6240863222,stimulus,
4,644,551.0498677885,tap,rctrl
4,645,551.3740345386,stimulus,
4,645,551.5778726229,tap,rctrl
4,646,552.1240623742,stimulus,
4,646,552.1858736753,tap,rctrl
4,647,552.8741648529,stimulus,
4,647,552.9378683558,tap,rctrl
4,648,553.6240956526,stimulus,
4,648,553.7537879801,tap,lalt
4,649,554.3742625110,stimulus,
4,649,554.4737688715,tap,lalt
4,650,555.1241544340,stimulus,
4,650,555.2097336424,tap,rctrl
4,651,555.8742152370,stimulus,
4,651,555.9616869582,tap,lalt
4,652,556.6241833582,stimulus,
4,652,556.6977089555,tap,lalt
4,653,557.3742566017,stimulus,
4,653,557.4816847686,tap,lalt
4,654,558.1242132154,stimulus,
4,654,558.2336502139,tap,lalt
4,655,558.8743175602,stimulus,
4,655,559.0336229692,tap,lalt
4,656,559.6242853704,stimulus,
4,656,559.7376143827,tap,lalt
4,657,560.3744205054,stimulus,
4,657,560.5215889518,tap,lalt
4,658,561.1243519271,stimulus,
4,658,561.3215791238,tap,rctrl
4,659,561.8744077539,stimulus,
4,659,561.9775887304,tap,rctrl
4,660,562.6243923588,stimulus,
4,660,562.6975105293,tap,lalt
4,661,563.3744659133,stimulus,
4,661,563.4815224200,tap,lalt
4,662,564.1244125746,stimulus,
4,662,564.2334900423,tap,lalt
4,663,564.8745321590,stimulus,
4,663,565.0014502526,tap,lalt
4,664,565.6244704230,stimulus,
4,664,565.6894503222,tap,lalt
4,665,566.3746211087,stimulus,
4,665,566.4254446394,tap,rctrl
4,666,567.1244781983,stimulus,
4,666,567.2093660253,tap,rctrl
4,667,567.8745794330,stimulus,
4,667,567.9293773960,tap,rctrl
4,667,567.9934077732,tap,right
4,668,568.6245298264,stimulus,
4,668,568.6813954024,tap,rctrl
4,669,569.3745436665,stimulus,
4,669,569.4813989479,tap,rctrl
4,670,570.1245736792,stimulus,
4,670,570.2653700959,tap,rctrl
4,671,570.8745928065,stimulus,
4,671,570.9853323265,tap,lalt
4,672,571.6246837778,stimulus,
4,672,571.6732680165,tap,rctrl
4,673,572.3746444346,stimulus,
4,673,572.4892737914,tap,rctrl
4,674,573.1246875099,stimulus,
4,674,573.2252466487,tap,rctrl
4,675,573.8747041491,stimulus,
4,675,574.0092187297,tap,rctrl
4,676,574.6247151901,stimulus,
4,676,574.7292139276,tap,rctrl
4,677,575.3747399156,stimulus,
4,677,575.4171903603,tap,lalt
4,678,576.1247556217,stimulus,
4,678,576.1691542505,tap,lalt
4,679,576.8747567103,stimulus,
4,679,576.9371682660,tap,rctrl
4,680,577.6247820578,stimulus,
4,680,577.7051144807,tap,lalt
4,681,578.3748242000,stimulus,
4,681,578.4410661891,tap,lalt
4,682,579.1248579449,stimulus,
4,682,579.1610396162,tap,rctrl
4,683,579.8748540573,stimulus,
4,683,579.9450384443,tap,lalt
4,684,580.6248327529,stimulus,
4,684,580.7130328660,tap,lalt
4,685,581.3748982211,stimulus,
4,685,581.5130124635,tap,lalt
4,686,582.1249232576,stimulus,
4,686,582.1689561354,tap,lalt
4,687,582.8749190589,stimulus,
4,687,582.9369897447,tap,rctrl
4,688,583.6249643113,stimulus,
4,688,583.7689647815,tap,rctrl
4,689,587.1126631340,probe1,2
4,690,587.8781868702,stimulus,
4,690,588.3448907754,tap,rctrl
4,691,588.6281341535,stimulus,
4,691,588.8408295706,tap,rctrl
4,692,589.3781464385,stimulus,
4,692,589.4328056898,tap,lalt
4,693,590.1281627667,stimulus,
4,693,590.2007998005,tap,rctrl
4,694,590.8782061530,stimulus,
4,694,591.1927520339,tap,rctrl
4,695,591.6281720971,stimulus,
4,695,591.7847300191,tap,rctrl
4,696,592.3781968226,stimulus,
4,696,592.4887248538,tap,rctrl
4,697,593.1282339886,stimulus,
4,697,593.1766453042,tap,lalt
4,698,593.8782179714,stimulus,
4,698,593.9766908365,tap,rctrl
4,699,594.6282591806,stimulus,
4,699,594.7126441000,tap,rctrl
4,700,595.3782786189,stimulus,
4,700,595.4166348915,tap,lalt
4,701,596.1283195171,stimulus,
4,701,596.1846178057,tap,lalt
4,702,596.8783370893,stimulus,
4,702,596.9686038823,tap,rctrl
4,703,597.6283627479,stimulus,
4,703,597.6565352182,tap,rctrl
4,704,598.3784036461,stimulus,
4,704,598.4245240416,tap,lalt
4,705,599.1283667911,stimulus,
4,705,599.2085486838,tap,rctrl
4,706,599.8784403456,stimulus,
4,706,599.9285389055,tap,lalt
4,707,600.6284377020,stimulus,
4,707,600.7605043010,tap,rctrl
4,708,601.3784450108,stimulus,
4,708,601.4485118350,tap,rctrl
4,709,602.1284952393,stimulus,
4,709,602.2804476842,tap,rctrl
4,710,602.8785009931,stimulus,
4,710,602.9524299739,tap,lalt
4,711,603.6285179433,stimulus,
4,711,603.7044778375,tap,lalt
4,712,604.3785554203,stimulus,
4,712,604.4403601901,tap,lalt
4,713,605.1285285177,stimulus,
4,713,605.2243873204,tap,lalt
4,714,605.8786639638,stimulus,
4,714,605.9443274691,tap,lalt
4,715,606.6286625642,stimulus,
4,715,606.7763385834,tap,lalt
4,716,607.3786910219,stimulus,
4,716,607.4963213409,tap,lalt
4,717,608.1286874452,stimulus,
4,717,608.2962679711,tap,lalt
4,718,608.8787071945,stimulus,
4,718,609.0002481882,tap,lalt
4,719,609.6287275659,stimulus,
4,719,609.7202471183,tap,lalt
4,720,610.3787684641,stimulus,
4,720,610.5202260938,tap,lalt
4,721,611.1287729737,stimulus,
4,721,611.2401988989,tap,lalt
4,722,611.8787958332,stimulus,
4,722,611.9921945124,tap,rctrl
4,723,612.6288174486,stimulus,
4,723,612.7601621869,tap,rctrl
4,724,613.3788092067,stimulus,
4,724,613.4321370123,tap,lalt
4,725,614.1288420186,stimulus,
4,725,614.2161209118,tap,rctrl
4,726,614.8788496384,stimulus,
4,726,615.0001048113,tap,rctrl
4,727,615.6289172837,stimulus,
4,727,615.7360708263,tap,lalt
4,728,616.3789137070,stimulus,
4,728,616.4400367368,tap,lalt
4,729,617.1289371885,stimulus,
4,729,617.1760080391,tap,rctrl
4,730,617.8789466744,stimulus,
4,730,617.9599922496,tap,rctrl
4,731,618.6289480739,stimulus,
4,731,618.7120059018,tap,rctrl
4,732,619.3789936373,stimulus,
4,732,619.3839430946,tap,lalt
4,733,620.1289524281,stimulus,
4,733,620.1839721432,tap,rctrl
4,734,620.8790132311,stimulus,
4,734,620.9679342718,tap,lalt
4,735,626.2313440542,probe1,2
4,736,626.9972459819,stimulus,
4,736,627.3037587138,tap,rctrl
4,737,627.7472358740,stimulus,
4,737,627.8477514709,tap,rctrl
4,738,628.4972422497,stimulus,
4,738,628.5997570368,tap,rctrl
4,739,629.2472927893,stimulus,
4,739,629.3196601750,tap,rctrl
4,740,629.9973122276,stimulus,
4,740,630.1036390983,tap,lalt
4,741,630.7473223355,stimulus,
4,741,630.8236663306,tap,lalt
4,742,631.4973657218,stimulus,
4,742,631.5916396034,tap,lalt
4,743,632.2473801839,stimulus,
4,743,632.4236292578,tap,rctrl
4,744,632.9974089526,stimulus,
4,744,633.1276352890,tap,lalt
4,745,633.7475055220,stimulus,
4,745,633.7675359888,tap,lalt
4,746,634.4975128308,stimulus,
4,746,634.5675283379,tap,rctrl
4,747,635.2474896604,stimulus,
4,747,635.3354922804,tap,lalt
4,748,635.9975240273,stimulus,
4,748,636.0875273925,tap,rctrl
4,749,636.7475204506,stimulus,
4,749,636.9035048652,tap,rctrl
4,750,637.4976213743,stimulus,
4,750,637.5434721217,tap,lalt
4,751,638.2476134435,stimulus,
4,751,638.3754508908,tap,lalt
4,752,638.9976179532,stimulus,
4,752,639.0954858984,tap,lalt
4,753,639.7477030151,stimulus,
4,753,639.8153952568,tap,lalt
4,754,640.4976552747,stimulus,
4,754,640.5834011860,tap,rctrl
4,755,641.2476610284,stimulus,
4,755,641.2713350099,tap,rctrl
4,756,641.9976767346,stimulus,
4,756,642.0554501568,tap,lalt
4,757,642.7477179438,stimulus,
4,757,642.7592897961,tap,lalt
4,758,643.4976835768,stimulus,
4,758,643.5593244429,tap,rctrl
4,759,644.2477422028,stimulus,
4,759,644.3592760493,tap,lalt
4,760,644.9977902542,stimulus,
4,760,645.1112673086,tap,rctrl
4,761,645.7477723710,stimulus,
4,761,645.8472880619,tap,rctrl
4,762,646.4977815459,stimulus,
4,762,646.5671877789,tap,lalt
4,763,647.2478190229,stimulus,
4,763,647.3032082212,tap,lalt
4,764,647.9978387722,stimulus,
4,764,648.0232102614,tap,rctrl
4,765,648.7478498132,stimulus,
4,765,648.8233826869,tap,rctrl
4,766,649.4978496577,stimulus,
4,766,649.5431362280,tap,lalt
4,767,650.2478563444,stimulus,
4,767,650.3111188311,tap,lalt
4,768,650.9978813810,stimulus,
4,768,651.0310813728,tap,rctrl
4,769,651.7479568016,stimulus,
4,769,651.7670526750,tap,rctrl
4,770,652.4979575791,stimulus,
4,770,652.5830282816,tap,lalt
4,771,653.2479636439,stimulus,
4,771,653.3030362311,tap,lalt
4,772,653.9980104513,stimulus,
4,772,654.0230737268,tap,rctrl
4,773,654.7479726632,stimulus,
4,773,654.8870115467,tap,rctrl
4,774,655.4980141834,stimulus,
4,774,655.6070263384,tap,rctrl
4,775,656.2480323777,stimulus,
4,775,656.4070158884,tap,rctrl
4,776,656.9980801181,stimulus,
4,776,657.0949571767,tap,rctrl
4,777,657.7480846278,stimulus,
4,777,657.8149181632,tap,lalt
4,778,658.4980903816,stimulus,
4,778,658.6149248189,tap,lalt
4,779,659.2481250595,stimulus,
4,779,659.3828791199,tap,lalt
4,780,659.9981379665,stimulus,
4,780,660.0868789308,tap,rctrl
4,781,660.7481785537,stimulus,
4,781,660.8548438063,tap,lalt
4,782,661.4982051453,stimulus,
4,782,661.6548215378,tap,rctrl
4,783,662.2482136981,stimulus,
4,783,662.3427945493,tap,rctrl
4,784,662.9982415338,stimulus,
4,784,663.1107833728,tap,lalt
4,785,666.2143612015,probe1,3
4,786,666.9804366744,stimulus,
4,786,667.3026595947,tap,rctrl
4,787,667.7304169251,stimulus,
4,787,667.9266295981,tap,lalt
4,788,668.4803150684,stimulus,
4,788,668.5986258834,tap,lalt
4,789,669.2304250114,stimulus,
4,789,669.3025634917,tap,lalt
4,790,669.9804422726,stimulus,
4,790,670.0865999524,tap,lalt
4,791,670.7304635770,stimulus,
4,791,670.8705639470,tap,lalt
4,792,671.4804939007,stimulus,
4,792,671.6065352493,tap,lalt
4,793,672.2305068078,stimulus,
4,793,672.3425217911,tap,lalt
4,794,672.9805340214,stimulus,
4,794,673.0945099403,tap,rctrl
4,795,673.7305391531,stimulus,
4,795,673.8144808792,tap,lalt
4,796,674.4805738310,stimulus,
4,796,674.5665215896,tap,lalt
4,797,675.2305842499,stimulus,
4,797,675.3824657839,tap,rctrl
4,798,675.9806270142,stimulus,
4,798,676.0704220008,tap,lalt
4,799,676.7306523617,stimulus,
4,799,676.8384077141,tap,lalt
4,800,677.4806671348,stimulus,
4,800,677.6063906283,tap,lalt
4,801,678.2307621492,stimulus,
4,801,678.3423715719,tap,lalt
4,802,678.9807371127,stimulus,
4,802,679.0943304859,tap,lalt
4,803,679.7307752118,stimulus,
4,803,679.8303020991,tap,lalt
4,804,680.4807738122,stimulus,
4,804,680.6142835105,tap,lalt
4,805,681.2307898294,stimulus,
4,805,681.3022537230,tap,rctrl
4,806,681.9808444121,stimulus,
4,806,682.1022874368,tap,rctrl
4,807,682.7308797121,stimulus,
4,807,682.8065180191,tap,lalt
4,808,683.4808515654,stimulus,
4,808,683.5422280706,tap,rctrl
4,809,684.2308868654,stimulus,
4,809,684.3101820607,tap,lalt
4,810,684.9809109689,stimulus,
4,810,685.0621730089,tap,rctrl
4,811,685.7309223208,stimulus,
4,811,685.8461957850,tap,rctrl
4,812,686.4809215433,stimulus,
4,812,686.6141280042,tap,lalt
4,813,687.2309512450,stimulus,
4,813,687.3501244984,tap,lalt
4,814,687.9809825018,stimulus,
4,814,688.0860902024,tap,rctrl
4,815,688.7310010071,stimulus,
4,815,688.8220770553,tap,rctrl
4,816,689.4810263546,stimulus,
4,816,689.5260476310,tap,lalt
4,817,690.2310280652,stimulus,
4,817,690.2782130574,tap,lalt
4,818,690.9810232445,stimulus,
4,818,691.0780054253,tap,lalt
4,819,691.7310952439,stimulus,
4,819,691.7659964756,tap,lalt
4,820,692.4811106391,stimulus,
4,820,692.5339405132,tap,rctrl
4,821,693.2311160818,stimulus,
4,821,693.2699279881,tap,rctrl
4,821,693.9739128704,tap,lalt
4,822,693.9811305439,stimulus,
4,823,694.7311711310,stimulus,
4,823,694.8063587806,tap,rctrl
4,824,697.4689021436,probe1,1
4,825,698.2353772678,stimulus,
4,825,698.5658578883,tap,rctrl
4,826,698.9853245512,stimulus,
4,826,699.1578029062,tap,rctrl
4,827,699.7353284388,stimulus,
4,827,699.8457858702,tap,rctrl
4,828,700.4853671599,stimulus,
4,828,700.5017090152,tap,rctrl
4,829,701.2353290608,stimulus,
4,829,701.2696913074,tap,lalt
4,830,701.9853357476,stimulus,
4,830,702.1017133072,tap,rctrl
4,831,702.7353738467,stimulus,
4,831,702.9176811385,tap,lalt
4,832,703.4854290515,stimulus,
4,832,703.5256666403,tap,lalt
4,833,704.2354198766,stimulus,
4,833,704.2776547895,tap,rctrl
4,834,704.9854564206,stimulus,
4,834,705.0616206503,tap,rctrl
4,835,705.7354624853,stimulus,
4,835,705.8456275647,tap,rctrl
4,836,706.4855024505,stimulus,
4,836,706.5497424503,tap,rctrl
4,837,707.2355221998,stimulus,
4,837,707.3175798105,tap,rctrl
4,837,707.9735119749,tap,lalt
4,838,707.9855124029,stimulus,
4,839,708.7355430376,stimulus,
4,839,708.7574741035,tap,lalt
4,840,709.4855789596,stimulus,
4,840,709.4934730859,tap,rctrl
4,841,710.2355676076,stimulus,
4,841,710.2774887087,tap,lalt
4,842,710.9856315208,stimulus,
4,842,711.0134506805,tap,lalt
4,843,711.7356257670,stimulus,
4,843,711.7974691024,tap,lalt
4,844,712.4856731965,stimulus,
4,844,712.6294313878,tap,lalt
4,845,713.2356957449,stimulus,
4,845,713.4454088605,tap,lalt
4,846,713.9856986995,stimulus,
4,846,714.1653745123,tap,lalt
4,847,714.7357486171,stimulus,
4,847,714.8533437917,tap,rctrl
4,848,715.4857556149,stimulus,
4,848,715.5573258748,tap,rctrl
4,849,716.2358045994,stimulus,
4,849,716.2612815219,tap,lalt
4,849,716.9812829401,tap,rctrl
4,850,716.9857646342,stimulus,
4,851,717.7357797184,stimulus,
4,851,717.8292947288,tap,rctrl
4,852,718.4858498517,stimulus,
4,852,718.5172086479,tap,lalt
4,853,719.2358248152,stimulus,
4,853,719.2691943090,tap,lalt
4,854,719.9858996138,stimulus,
4,854,720.0531800745,tap,rctrl
4,855,720.7359146979,stimulus,
4,855,720.8211981332,tap,rctrl
4,856,721.4859652375,stimulus,
4,856,721.5412514905,tap,rctrl
4,857,722.2359405120,stimulus,
4,857,722.3252055328,tap,rctrl
4,858,722.9859565291,stimulus,
4,858,723.0614010752,tap,rctrl
4,859,727.6913195090,probe1,0
4,860,728.4562177985,stimulus,
4,860,728.8050344882,tap,rctrl
4,861,729.2061703691,stimulus,
4,861,729.3809875402,tap,rctrl
4,862,729.9561767448,stimulus,
4,862,730.0529878686,tap,rctrl
4,863,730.7062154659,stimulus,
4,863,730.7728953610,tap,rctrl
4,864,731.4563173226,stimulus,
4,864,731.5088377390,tap,lalt
4,865,732.2063320957,stimulus,
4,865,732.3088540361,tap,lalt
4,866,732.9563608644,stimulus,
4,866,733.0768375723,tap,lalt
4,867,733.7063995855,stimulus,
4,867,733.7968346364,tap,lalt
4,868,734.4563984969,stimulus,
4,868,734.5328429491,tap,lalt
4,869,735.2063952313,stimulus,
4,869,735.2689084882,tap,lalt
4,870,735.9564299092,stimulus,
4,871,736.7064381511,stimulus,
4,871,736.7407677413,tap,rctrl
4,872,737.4564815373,stimulus,
4,872,737.4927120376,tap,rctrl
4,873,738.2064760946,stimulus,
4,873,738.2447048520,tap,lalt
4,874,738.9564678528,stimulus,
4,874,739.0606941432,tap,rctrl
4,875,739.7065078179,stimulus,
4,875,739.7806831209,tap,rctrl
4,876,740.4565210360,stimulus,
4,876,740.5006098961,tap,lalt
4,877,741.2065075069,stimulus,
4,877,741.2685841019,tap,lalt
4,878,741.9565166818,stimulus,
4,878,742.1486115457,tap,rctrl
4,879,742.7065706425,stimulus,
4,879,742.8046326597,tap,lalt
4,880,743.4565925689,stimulus,
4,880,743.5565405676,tap,rctrl
4,881,744.2065849491,stimulus,
4,881,744.3245524060,tap,rctrl
4,882,744.9566361107,stimulus,
4,882,745.0925371862,tap,rctrl
4,883,745.7066586591,stimulus,
4,883,745.7484774370,tap,lalt
4,884,746.4565658218,stimulus,
4,884,746.5165259749,tap,lalt
4,885,747.2067059331,stimulus,
4,885,747.3484972796,tap,rctrl
4,886,747.9567051555,stimulus,
4,886,748.0844754241,tap,lalt
4,887,748.7067081102,stimulus,
4,887,748.8044143287,tap,rctrl
4,888,749.4567241273,stimulus,
4,888,749.5244664420,tap,rctrl
4,889,750.2067578722,stimulus,
4,889,750.2123156705,tap,lalt
4,889,750.9003188503,tap,lalt
4,890,750.9567505634,stimulus,
4,891,753.6048825274,probe1,0
4,892,754.3711803743,stimulus,
4,892,754.3737804412,tap,rctrl
4,893,755.1209450932,stimulus,
4,893,755.2522434907,tap,rctrl
4,894,755.8709779050,stimulus,
4,894,755.9562579192,tap,lalt
4,895,756.6210007645,stimulus,
4,895,756.6601703355,tap,lalt
4,896,757.3709688857,stimulus,
4,896,757.3961500351,tap,lalt
4,897,758.1209936112,stimulus,
4,897,758.1801221161,tap,lalt
4,898,758.8710295332,stimulus,
4,898,758.9801592510,tap,lalt
4,899,759.6210502155,stimulus,
4,899,759.6520927117,tap,rctrl
4,899,760.2920643224,tap,lalt
4,900,760.3710817833,stimulus,
4,901,761.1210586128,stimulus,
4,901,761.2041379006,tap,rctrl
4,902,761.8711243920,stimulus,
4,902,761.9241110166,tap,rctrl
4,903,762.6211416533,stimulus,
4,903,762.6440057575,tap,rctrl
4,904,763.3711368326,stimulus,
4,904,763.3959777340,tap,lalt
4,905,764.1211484955,stimulus,
4,905,764.1479817448,tap,lalt
4,906,764.8711862836,stimulus,
4,906,764.9639464660,tap,lalt
4,907,765.6212007457,stimulus,
4,907,765.7319331123,tap,rctrl
4,908,766.3712260932,stimulus,
4,908,766.4999521040,tap,rctrl
4,909,767.1212918724,stimulus,
4,909,767.1719300395,tap,rctrl
4,909,767.8598420926,tap,lalt
4,910,767.8712727451,stimulus,
4,911,768.6212464646,stimulus,
4,911,768.7718553343,tap,lalt
4,912,769.3713221962,stimulus,
4,912,769.4758557672,tap,lalt
4,913,770.1214595083,stimulus,
4,913,770.2118544386,tap,lalt
4,913,770.3238771972,tap,rctrl
4,914,770.8713582737,stimulus,
4,914,770.9637747869,tap,rctrl
4,915,771.6214374264,stimulus,
4,915,771.7957961647,tap,rctrl
4,916,772.3714083467,stimulus,
4,916,772.4837732194,tap,rctrl
4,917,773.1214203207,stimulus,
4,917,773.1717552504,tap,lalt
4,918,773.8714434912,stimulus,
4,918,774.0197322056,tap,lalt
4,919,774.6214881215,stimulus,
4,919,774.7077179686,tap,rctrl
4,920,775.3715035166,stimulus,
4,920,775.4596927443,tap,lalt
4,921,776.1215276201,stimulus,
4,921,776.1956354333,tap,rctrl
4,922,776.8715181342,stimulus,
4,922,776.9476279367,tap,lalt
4,923,777.6215400606,stimulus,
4,923,777.7636299794,tap,rctrl
4,924,778.3715878011,stimulus,
4,924,778.5316135156,tap,rctrl
4,925,779.1215870236,stimulus,
4,925,779.2195890153,tap,rctrl
4,926,782.0118219066,probe1,4
4,927,782.7768169211,stimulus,
4,927,783.0915242176,tap,rctrl
4,928,783.5267502088,stimulus,
4,928,783.6994842164,tap,rctrl
4,929,784.2767656040,stimulus,
4,929,784.3874600271,tap,rctrl
4,930,785.0268687047,stimulus,
4,930,785.1074147934,tap,lalt
4,931,785.7768131889,stimulus,
4,931,785.9233754714,tap,lalt
4,932,786.5268102343,stimulus,
4,932,786.6113724310,tap,rctrl
4,933,787.2768551757,stimulus,
4,933,787.3473340918,tap,rctrl
4,934,788.0268715038,stimulus,
4,934,788.1313736626,tap,rctrl
4,935,788.7768943633,stimulus,
4,935,788.8512696475,tap,lalt
4,936,789.5269324623,stimulus,
4,936,789.6032860988,tap,lalt
4,937,790.2769674513,stimulus,
4,937,790.3552748700,tap,rctrl
4,938,791.0269427258,stimulus,
4,938,791.1072679954,tap,rctrl
4,939,791.7770106820,stimulus,
4,939,791.9712325623,tap,rctrl
4,940,792.5269862675,stimulus,
4,940,792.6272294173,tap,rctrl
4,941,793.2770483146,stimulus,
4,941,793.3471543264,tap,lalt
4,942,794.0270506472,stimulus,
4,942,794.0671370839,tap,lalt
4,943,794.7770682194,stimulus,
4,943,794.8351203091,tap,lalt
4,944,795.5270801934,stimulus,
4,944,795.6351474916,tap,rctrl
4,945,796.2771145603,stimulus,
4,945,796.3551206076,tap,rctrl
4,946,797.0271240462,stimulus,
4,946,797.1550924299,tap,rctrl
4,947,797.7771643224,stimulus,
4,947,797.8590748241,tap,rctrl
4,948,798.5271722532,stimulus,
4,948,798.5630615724,tap,lalt
4,949,799.2771783179,stimulus,
4,949,799.3310112083,tap,lalt
4,950,800.0272033545,stimulus,
4,950,800.1150109694,tap,lalt
4,951,800.7772498509,stimulus,
4,951,800.8830364924,tap,rctrl
4,952,801.5272779975,stimulus,
4,952,801.6509861282,tap,rctrl
4,953,802.2772750429,stimulus,
4,953,802.3390033036,tap,lalt
4,954,803.0273156301,stimulus,
4,954,803.0588625890,tap,lalt
4,955,803.7773568393,stimulus,
4,955,803.9068933494,tap,rctrl
4,956,804.5274117330,stimulus,
4,956,804.6748865270,tap,rctrl
4,957,805.2774212189,stimulus,
4,957,805.3948667963,tap,rctrl
4,958,806.0274325709,stimulus,
4,958,806.1308160167,tap,rctrl
4,959,806.7774697369,stimulus,
4,959,806.8348397755,tap,lalt
4,960,807.5274530977,stimulus,
4,960,807.5708014364,tap,lalt
4,961,810.1131221888,probe1,2
4,962,810.8787609997,stimulus,
4,962,811.2027476735,tap,rctrl
4,963,811.6285751696,stimulus,
4,963,811.8426956473,tap,rctrl
4,964,812.3785827894,stimulus,
4,964,812.4506351192,tap,rctrl
4,965,813.1286084480,stimulus,
4,965,813.1866051774,tap,rctrl
4,966,813.8786089145,stimulus,
4,966,813.9386328252,tap,lalt
4,967,814.6286373722,stimulus,
4,967,814.6425797639,tap,lalt
4,968,815.3786033163,stimulus,
4,968,815.5065937819,tap,rctrl
4,969,816.1286656743,stimulus,
4,969,816.3865658654,tap,rctrl
4,970,816.8787019073,stimulus,
4,970,817.0265682664,tap,lalt
4,971,817.6286233766,stimulus,
4,971,817.6346293443,tap,lalt
4,971,818.3225000327,tap,rctrl
4,972,818.3787843257,stimulus,
4,973,819.1287543130,stimulus,
4,973,819.1545030607,tap,rctrl
4,974,819.8788011204,stimulus,
4,974,819.9704774233,tap,lalt
4,975,820.6288074962,stimulus,
4,975,820.7064583669,tap,lalt
4,976,821.3788232023,stimulus,
4,976,821.4744117349,tap,rctrl
4,977,822.1289157286,stimulus,
4,977,822.2583934573,tap,rctrl
4,978,822.8789734215,stimulus,
4,978,822.9303381144,tap,lalt
4,979,823.6289542942,stimulus,
4,979,823.7303764934,tap,lalt
4,980,824.3789569378,stimulus,
4,980,824.4983398138,tap,lalt
4,981,825.1289720219,stimulus,
4,981,825.2023001261,tap,lalt
4,982,825.8789895941,stimulus,
4,982,825.9063086453,tap,rctrl
4,983,826.6290447989,stimulus,
4,983,826.6743005789,tap,rctrl
4,984,827.3790645482,stimulus,
4,984,827.4262131520,tap,lalt
4,985,828.1290074774,stimulus,
4,985,828.2422410088,tap,rctrl
4,986,828.8790673473,stimulus,
4,986,828.9141698043,tap,lalt
4,987,832.6053160792,probe1,1
4,988,833.3702529342,stimulus,
4,988,833.6500745498,tap,rctrl
4,989,834.1202176343,stimulus,
4,989,834.2740902721,tap,rctrl
4,990,834.8702162347,stimulus,
4,990,834.9620393357,tap,lalt
4,991,835.6202593100,stimulus,
4,991,835.6660413236,tap,rctrl
4,992,836.3702796813,stimulus,
4,992,836.4821295169,tap,lalt
4,993,837.1202891672,stimulus,
4,993,837.2499933132,tap,lalt
4,994,837.8703054954,stimulus,
4,994,837.9699826019,tap,lalt
4,995,838.6203812270,stimulus,
4,995,838.7220174030,tap,rctrl
4,996,839.3703975552,stimulus,
4,996,839.5059101758,tap,lalt
4,997,840.1203998878,stimulus,
4,997,840.2099115417,tap,lalt
4,998,840.8704236803,stimulus,
4,998,840.9298855908,tap,rctrl
4,999,841.6204353432,stimulus,
4,999,841.7618879968,tap,rctrl
4,1000,842.3704827727,stimulus,
4,1000,842.4818561367,tap,rctrl
4,1001,843.1205292691,stimulus,
4,1001,843.2178280609,tap,rctrl
4,1002,843.8705076537,stimulus,
4,1002,843.9378052202,tap,lalt
4,1003,844.6205687677,stimulus,
4,1003,844.6577596755,tap,lalt
4,1004,845.3704945912,stimulus,
4,1004,845.4097291639,tap,rctrl
4,1005,846.1205553942,stimulus,
4,1005,846.2897354588,tap,lalt
4,1006,846.8705627030,stimulus,
4,1006,846.9460570111,tap,lalt
4,1007,847.6206729570,stimulus,
4,1007,847.6497171961,tap,rctrl
4,1008,848.3706112210,stimulus,
4,1008,848.4176920240,tap,rctrl
4,1009,849.1206770002,stimulus,
4,1009,849.1856771152,tap,rctrl
4,1010,849.8706647152,stimulus,
4,1010,849.9056113547,tap,lalt
4,1011,850.6207177428,stimulus,
4,1011,850.7056282738,tap,lalt
4,1012,851.3707318939,stimulus,
4,1012,851.4896118623,tap,lalt
4,1013,852.1207587965,stimulus,
4,1013,852.2095367714,tap,lalt
4,1014,852.8708006277,stimulus,
4,1014,852.9136006509,tap,rctrl
4,1015,853.6208262863,stimulus,
4,1015,853.6816121783,tap,rctrl
4,1016,854.3707922304,stimulus,
4,1016,854.4495562159,tap,rctrl
4,1017,855.1208707611,stimulus,
4,1017,855.1534577467,tap,lalt
4,1018,855.8707996947,stimulus,
4,1018,855.9534721777,tap,lalt
4,1019,856.6208863118,stimulus,
4,1019,856.6574222266,tap,rctrl
4,1020,857.3708814911,stimulus,
4,1020,857.4414070591,tap,rctrl
4,1021,858.1209214562,stimulus,
4,1021,858.1933793466,tap,lalt
4,1022,858.8709150804,stimulus,
4,1022,858.9454555124,tap,lalt
4,1023,859.6209354518,stimulus,
4,1023,859.7133774681,tap,rctrl
4,1024,860.3709639095,stimulus,
4,1024,860.4493640100,tap,rctrl
4,1025,861.1209541126,stimulus,
4,1025,861.2173207991,tap,lalt
4,1026,861.8710161596,stimulus,
4,1026,861.9212677378,tap,lalt
4,1027,862.6210141380,stimulus,
4,1027,862.7533087094,tap,rctrl
4,1028,867.2828334632,probe1,4
4,1029,868.0482707379,stimulus,
4,1030,868.7981906521,stimulus,
4,1030,868.8491345447,tap,rctrl
4,1031,869.5482477229,stimulus,
4,1031,869.6171012863,tap,lalt
4,1032,870.2982547207,stimulus,
4,1032,870.4010979373,tap,lalt
4,1033,871.0482710489,stimulus,
4,1033,871.1690681000,tap,lalt
4,1034,871.7983051048,stimulus,
4,1034,871.8890863129,tap,rctrl
4,1035,872.5483018391,stimulus,
4,1035,872.6730437763,tap,rctrl
4,1036,873.2983673073,stimulus,
4,1036,873.4090169446,tap,rctrl
4,1037,874.0483886117,stimulus,
4,1037,874.1289570933,tap,lalt
4,1038,874.7984027628,stimulus,
4,1038,874.8969334762,tap,lalt
4,1039,875.5484085165,stimulus,
4,1039,875.6009354642,tap,lalt
4,1040,876.2984428834,stimulus,
4,1040,876.3849324263,tap,rctrl
4,1041,877.0484542354,stimulus,
4,1041,877.1048504930,tap,lalt
4,1042,877.7984372852,stimulus,
4,1042,877.8568383312,tap,rctrl
4,1043,878.5484788054,stimulus,
4,1043,878.6088171500,tap,rctrl
4,1044,879.2985053970,stimulus,
4,1044,879.3768097056,tap,rctrl
4,1045,880.0485176820,stimulus,
4,1045,880.0648766430,tap,lalt
4,1046,880.7985340102,stimulus,
4,1046,880.8327936225,tap,lalt
4,1047,881.5485842387,stimulus,
4,1047,881.5847348087,tap,lalt
4,1048,882.2985539150,stimulus,
4,1048,882.4007701298,tap,rctrl
4,1049,883.0486268475,stimulus,
4,1049,883.1207472891,tap,lalt
4,1050,883.7986354003,stimulus,
4,1050,883.9047041304,tap,lalt
4,1051,884.5486526616,stimulus,
4,1051,884.6406903613,tap,lalt
4,1052,885.2986842294,stimulus,
4,1052,885.3607029760,tap,rctrl
4,1053,886.0487664922,stimulus,
4,1053,886.0966640148,tap,rctrl
4,1054,889.6896070727,probe1,5
4,1055,890.4549000374,stimulus,
4,1055,890.8165326305,tap,rctrl
4,1056,891.2048625603,stimulus,
4,1056,891.3285274603,tap,rctrl
4,1057,891.9548888409,stimulus,
4,1057,892.0164796340,tap,rctrl
4,1058,892.7048905515,stimulus,
4,1058,892.7684528545,tap,lalt
4,1059,893.4549099898,stimulus,
4,1059,893.5204559323,tap,lalt
4,1060,894.2049412466,stimulus,
4,1060,894.3044460520,tap,rctrl
4,1061,894.9549653501,stimulus,
4,1061,895.0884237313,tap,rctrl
4,1062,895.7049900756,stimulus,
4,1062,895.8563960710,tap,rctrl
4,1063,896.4549896091,stimulus,
4,1063,896.6244222160,tap,lalt
4,1064,897.2050155786,stimulus,
4,1064,897.2806187413,tap,lalt
4,1065,897.9550605200,stimulus,
4,1065,898.0003237643,tap,rctrl
4,1065,898.6882827803,tap,rctrl
4,1066,898.7050721830,stimulus,
4,1067,899.4551280097,stimulus,
4,1067,899.4722343344,tap,lalt
4,1068,900.2050718719,stimulus,
4,1068,900.2882587701,tap,lalt
4,1069,900.9551311199,stimulus,
4,1069,900.9922159722,tap,rctrl
4,1070,901.7051437159,stimulus,
4,1070,901.8402433115,tap,rctrl
4,1071,902.4551836810,stimulus,
4,1071,902.5921935171,tap,lalt
4,1072,903.2052024973,stimulus,
4,1072,903.3601789194,tap,rctrl
4,1073,903.9552222466,stimulus,
4,1073,904.0801862469,tap,rctrl
4,1074,904.7052463501,stimulus,
4,1074,904.8161286249,tap,lalt
4,1075,905.4552536589,stimulus,
4,1075,905.5681332578,tap,rctrl
4,1076,906.2052740302,stimulus,
4,1076,906.2881253456,tap,rctrl
4,1077,906.9552950236,stimulus,
4,1077,907.0240580823,tap,lalt
4,1078,907.7053402760,stimulus,
4,1078,907.8560639094,tap,rctrl
4,1079,908.4553519389,stimulus,
4,1079,908.5279911498,tap,rctrl
4,1080,909.2054444652,stimulus,
4,1080,909.2960483961,tap,rctrl
4,1081,909.9554477309,stimulus,
4,1081,910.0319693142,tap,lalt
4,1082,910.7054665472,stimulus,
4,1082,910.7999879949,tap,lalt
4,1083,911.4554953158,stimulus,
4,1083,911.5039343116,tap,rctrl
4,1084,912.2054985815,stimulus,
4,1084,912.2879368719,tap,lalt
4,1085,912.9555261061,stimulus,
4,1085,913.0078692453,tap,lalt
4,1086,913.7055439893,stimulus,
4,1086,913.7598651697,tap,lalt
4,1087,914.4555491210,stimulus,
4,1087,914.5758650354,tap,rctrl
4,1088,915.2055654492,stimulus,
4,1088,915.2798884833,tap,rctrl
4,1089,915.9555712030,stimulus,
4,1089,916.0798348025,tap,rctrl
4,1090,916.7056018377,stimulus,
4,1090,916.8478223818,tap,rctrl
4,1091,917.4556281183,stimulus,
4,1091,917.5357782877,tap,lalt
4,1092,918.2056273408,stimulus,
4,1092,918.3677729184,tap,lalt
4,1093,918.9556716601,stimulus,
4,1093,919.0557596145,tap,lalt
4,1094,919.7056886103,stimulus,
4,1094,919.8077067100,tap,lalt
4,1095,921.8084550067,probe1,2
4,1096,922.5738453184,stimulus,
4,1096,922.8796458311,tap,rctrl
4,1097,923.3238034872,stimulus,
4,1097,923.4716580278,tap,rctrl
4,1098,924.0738288347,stimulus,
4,1098,924.1758764807,tap,rctrl
4,1099,924.8238209039,stimulus,
4,1099,924.8635969498,tap,lalt
4,1100,925.5738540268,stimulus,
4,1100,925.6635927201,tap,rctrl
4,1101,926.3238728430,stimulus,
4,1101,926.4475557817,tap,rctrl
4,1102,927.0738972576,stimulus,
4,1102,927.1835193086,tap,rctrl
4,1103,927.8239070545,stimulus,
4,1103,927.8874578500,tap,rctrl
4,1104,928.5739187174,stimulus,
4,1104,928.7194804718,tap,rctrl
4,1105,929.3240314596,stimulus,
4,1105,929.3594222253,tap,lalt
4,1106,930.0740219737,stimulus,
4,1106,930.1434804569,tap,lalt
4,1107,930.8240239953,stimulus,
4,1107,930.8634579271,tap,lalt
4,1108,931.5740916405,stimulus,
4,1108,931.6154078217,tap,rctrl
4,1109,932.3240594507,stimulus,
4,1109,932.4153668924,tap,lalt
4,1110,933.0740975498,stimulus,
4,1110,933.1353832393,tap,rctrl
4,1111,933.8240793555,stimulus,
4,1111,933.8872911471,tap,rctrl
4,1112,934.5741218088,stimulus,
4,1112,934.6072776368,tap,lalt
4,1113,935.3241524435,stimulus,
4,1113,935.3592648529,tap,lalt
4,1114,936.0741899206,stimulus,
4,1114,936.1112701078,tap,lalt
4,1115,936.8241850999,stimulus,
4,1115,936.8632321319,tap,lalt
4,1116,937.5742157346,stimulus,
4,1116,937.5991981469,tap,lalt
4,1117,938.3241683052,stimulus,
4,1117,938.3832193679,tap,rctrl
4,1118,939.0742315963,stimulus,
4,1118,939.1351521568,tap,rctrl
4,1119,939.8242457474,stimulus,
4,1119,939.8711303013,tap,rctrl
4,1120,940.5742676738,stimulus,
4,1120,940.6071501215,tap,lalt
4,1121,941.3243029737,stimulus,
4,1121,941.3591143227,tap,rctrl
4,1122,942.0743283213,stimulus,
4,1122,942.1591430603,tap,lalt
4,1123,942.8243542908,stimulus,
4,1123,942.8631043056,tap,lalt
4,1124,943.5743584895,stimulus,
4,1124,943.6791001281,tap,lalt
4,1125,944.3244214696,stimulus,
4,1125,944.4310630852,tap,rctrl
4,1126,945.0744166489,stimulus,
4,1126,945.2150115292,tap,rctrl
4,1127,945.8244861602,stimulus,
4,1127,945.9189929904,tap,lalt
4,1128,946.5744437070,stimulus,
4,1128,946.6549661587,tap,rctrl
4,1129,947.3245023329,stimulus,
4,1129,947.3909847349,tap,rctrl
4,1130,948.0745171060,stimulus,
4,1130,948.0788949218,tap,lalt
4,1130,948.8148920381,tap,lalt
4,1131,948.8244796290,stimulus,
4,1131,949.5668895177,tap,rctrl
4,1132,949.5745068426,stimulus,
4,1132,950.2868333985,tap,lalt
4,1133,950.3245178835,stimulus,
4,1134,951.0745516284,stimulus,
4,1134,951.0868133071,tap,lalt
4,1135,951.8245760429,stimulus,
4,1135,951.8388409549,tap,lalt
4,1135,952.5427829174,tap,lalt
4,1136,952.5746368459,stimulus,
4,1137,953.3246453988,stimulus,
4,1137,953.4068022226,tap,rctrl
4,1138,954.0746797657,stimulus,
4,1138,954.1747870029,tap,rctrl
4,1139,954.8246995150,stimulus,
4,1139,954.8787488702,tap,lalt
4,1140,955.5747236185,stimulus,
4,1140,955.5987117229,tap,lalt
4,1141,958.0117796089,probe1,0
4,1142,958.7768903201,stimulus,
4,1142,959.0706785863,tap,rctrl
4,1143,959.5268382255,stimulus,
4,1143,959.6786513366,tap,rctrl
4,1144,960.2768666831,stimulus,
4,1144,960.3506700148,tap,rctrl
4,1145,961.0268777241,stimulus,
4,1145,961.0865651189,tap,lalt
4,1146,961.7768648171,stimulus,
4,1146,961.8705969144,tap,lalt
4,1147,962.5269007390,stimulus,
4,1147,962.5744897369,tap,lalt
4,1148,963.2769124020,stimulus,
4,1148,963.4225077458,tap,lalt
4,1149,964.0269700949,stimulus,
4,1149,964.0465085395,tap,lalt
4,1150,964.7769693173,stimulus,
4,1150,964.8465015106,tap,rctrl
4,1151,965.5269816024,stimulus,
4,1151,965.5984986791,tap,rctrl
4,1152,966.2770141032,stimulus,
4,1152,966.3184500243,tap,lalt
4,1153,967.0270226560,stimulus,
4,1153,967.0703846793,tap,lalt
4,1154,967.7771145603,stimulus,
4,1154,967.8064054325,tap,lalt
4,1155,968.5271078735,stimulus,
4,1155,968.6383897998,tap,rctrl
4,1156,969.2771176704,stimulus,
4,1156,969.3423258531,tap,rctrl
4,1157,970.0271336876,stimulus,
4,1157,970.0943482136,tap,rctrl
4,1158,970.7771817391,stimulus,
4,1158,970.7823078516,tap,rctrl
4,1159,971.5271977562,stimulus,
4,1159,971.5983005640,tap,lalt
4,1160,972.2772056871,stimulus,
4,1160,972.3502787608,tap,lalt
4,1161,973.0272325897,stimulus,
4,1161,973.0702148663,tap,lalt
4,1162,973.7772694447,stimulus,
4,1162,973.8222033265,tap,rctrl
4,1163,974.5272979023,stimulus,
4,1163,974.5901862407,tap,rctrl
4,1164,975.2773294701,stimulus,
4,1164,975.3583255943,tap,lalt
4,1165,976.0273349129,stimulus,
4,1165,976.1261806823,tap,lalt
4,1166,976.7774255731,stimulus,
4,1166,976.8621728223,tap,rctrl
4,1167,977.5274723805,stimulus,
4,1167,977.6301619568,tap,rctrl
4,1168,978.2774215299,stimulus,
4,1168,978.3501201442,tap,lalt
4,1169,979.0274543418,stimulus,
4,1169,979.0860895804,tap,lalt
4,1170,979.7774258841,stimulus,
4,1170,979.8700840543,tap,rctrl
4,1171,980.5274888642,stimulus,
4,1171,980.5580066818,tap,rctrl
4,1172,981.2774855986,stimulus,
4,1172,981.2940420527,tap,rctrl
4,1173,982.0275137452,stimulus,
4,1173,982.1100167263,tap,rctrl
4,1174,982.7775008382,stimulus,
4,1174,982.8139714403,tap,lalt
4,1175,983.5275177884,stimulus,
4,1175,983.5979914173,tap,rctrl
4,1176,984.2777173031,stimulus,
4,1176,984.3659457183,tap,lalt
4,1177,985.0275700385,stimulus,
4,1177,985.1339283215,tap,lalt
4,1178,985.7776171570,stimulus,
4,1178,985.8538824658,tap,lalt
4,1179,986.5276079821,stimulus,
4,1179,986.6378455274,tap,lalt
4,1180,987.2776311525,stimulus,
4,1180,987.3578898654,tap,lalt
4,1181,988.0276207336,stimulus,
4,1181,988.1258460325,tap,lalt
4,1182,988.7776669190,stimulus,
4,1182,988.8298293597,tap,lalt
4,1183,989.5276888454,stimulus,
4,1183,989.6617966213,tap,lalt
4,1184,990.2777048626,stimulus,
4,1184,990.4457718124,tap,lalt
4,1185,991.0278319113,stimulus,
4,1185,991.1017229486,tap,rctrl
4,1186,991.7777493374,stimulus,
4,1186,991.8537546395,tap,rctrl
4,1186,992.5096815167,tap,lalt
4,1187,992.5277575792,stimulus,
4,1188,993.2777452942,stimulus,
4,1188,993.3736970897,tap,lalt
4,1189,994.0278452848,stimulus,
4,1189,994.0296799492,tap,lalt
4,1190,996.9100650577,probe1,1
4,1191,997.6760127042,stimulus,
4,1191,997.9815572534,tap,rctrl
4,1192,998.4259453700,stimulus,
4,1192,998.5895424442,tap,rctrl
4,1193,999.1758973185,stimulus,
4,1193,999.2935245274,tap,rctrl
4,1194,999.9259963761,stimulus,
4,1194,1000.0775068718,tap,lalt
4,1195,1000.6760033739,stimulus,
4,1195,1000.7815231664,tap,rctrl
4,1196,1001.4260215681,stimulus,
4,1196,1001.4374369810,tap,lalt
4,1197,1002.1760870363,stimulus,
4,1197,1002.2374255980,tap,lalt
4,1198,1002.9260906130,stimulus,
4,1198,1002.9893950864,tap,lalt
4,1199,1003.6761554591,stimulus,
4,1199,1003.7573773785,tap,lalt
4,1200,1004.4261761415,stimulus,
4,1200,1004.4774067879,tap,rctrl
4,1201,1005.1762605814,stimulus,
4,1201,1005.2453813048,tap,rctrl
4,1202,1005.9262019555,stimulus,
4,1202,1005.9813684687,tap,lalt
4,1203,1006.6762136185,stimulus,
4,1203,1006.7493330331,tap,lalt
4,1204,1007.4262106639,stimulus,
4,1204,1007.4852797653,tap,rctrl
4,1205,1008.1761918476,stimulus,
4,1205,1008.2853041487,tap,rctrl
4,1206,1008.9262725554,stimulus,
4,1206,1009.0372938530,tap,rctrl
4,1207,1009.6763215399,stimulus,
4,1207,1009.8212450961,tap,lalt
4,1208,1010.4263459544,stimulus,
4,1208,1010.5892208570,tap,lalt
4,1209,1011.1763616606,stimulus,
4,1209,1011.3411978097,tap,lalt
4,1210,1011.9263664813,stimulus,
4,1210,1012.0772017683,tap,lalt
4,1211,1012.6763968050,stimulus,
4,1211,1012.7171581394,tap,lalt
4,1212,1013.4263817209,stimulus,
4,1212,1013.4371356097,tap,rctrl
4,1213,1014.1764363037,stimulus,
4,1213,1014.2531320542,tap,rctrl
4,1214,1014.9264600961,stimulus,
4,1214,1015.0210869772,tap,lalt
4,1215,1015.6764960181,stimulus,
4,1215,1015.7730857008,tap,rctrl
4,1216,1016.4265325621,stimulus,
4,1216,1016.5090635343,tap,rctrl
4,1217,1017.1765128128,stimulus,
4,1217,1017.2450603396,tap,lalt
4,1218,1017.9265555770,stimulus,
4,1218,1018.0610275489,tap,lalt
4,1219,1018.6765520004,stimulus,
4,1219,1018.7650114981,tap,lalt
4,1220,1022.3339061152,probe1,1
4,1221,1023.0997386871,stimulus,
4,1221,1023.3408771556,tap,rctrl
4,1222,1023.8496788171,stimulus,
4,1222,1023.9648577334,tap,lalt
4,1223,1024.5996911021,stimulus,
4,1223,1024.7168337531,tap,lalt
4,1224,1025.3497124065,stimulus,
4,1224,1025.4528122086,tap,lalt
4,1225,1026.0997427302,stimulus,
4,1225,1026.2207879695,tap,lalt
4,1226,1026.8497363545,stimulus,
4,1226,1026.8927298276,tap,lalt
4,1227,1027.5997937363,stimulus,
4,1227,1027.6927402154,tap,rctrl
4,1228,1028.3498576495,stimulus,
4,1228,1028.5087746034,tap,rctrl
4,1229,1029.0998273257,stimulus,
4,1229,1029.1487179120,tap,rctrl
4,1230,1029.8498828415,stimulus,
4,1230,1029.9007194348,tap,rctrl
4,1231,1030.5998895283,stimulus,
4,1231,1030.6527125601,tap,lalt
4,1232,1031.3498924829,stimulus,
4,1232,1031.4366572720,tap,lalt
4,1233,1032.0999097441,stimulus,
4,1233,1032.2046314779,tap,lalt
4,1234,1032.8499385128,stimulus,
4,1234,1032.9566510393,tap,lalt
4,1235,1033.5999507978,stimulus,
4,1235,1033.6125458822,tap,rctrl
4,1236,1034.3499857867,stimulus,
4,1236,1034.4445548194,tap,lalt
4,1237,1035.1000114453,stimulus,
4,1237,1035.1645509504,tap,rctrl
4,1238,1035.8500464342,stimulus,
4,1238,1035.9645405004,tap,lalt
4,1239,1036.6000279289,stimulus,
4,1239,1036.7005338845,tap,rctrl
4,1240,1037.3500678941,stimulus,
4,1240,1037.4044596744,tap,rctrl
4,1241,1038.1001498460,stimulus,
4,1241,1038.1244337235,tap,rctrl
4,1242,1038.8501689732,stimulus,
4,1242,1038.8924144606,tap,lalt
4,1243,1039.6002092494,stimulus,
4,1243,1039.6603899105,tap,lalt
4,1244,1040.3502038067,stimulus,
4,1244,1040.4284079691,tap,lalt
4,1244,1041.1003641338,tap,rctrl
4,1245,1041.1010617354,stimulus,
4,1245,1041.8363233065,tap,lalt
4,1246,1041.8509197581,stimulus,
4,1247,1042.6009062290,stimulus,
4,1247,1042.6523069995,tap,rctrl
4,1248,1043.3509293995,stimulus,
4,1248,1043.4043007469,tap,rctrl
4,1249,1044.1009665655,stimulus,
4,1249,1044.1082520398,tap,lalt
4,1250,1044.8510171051,stimulus,
4,1250,1044.9242491063,tap,lalt
4,1251,1045.6010934587,stimulus,
4,1251,1045.6282787744,tap,rctrl
4,1252,1046.3510276795,stimulus,
4,1252,1046.3642211525,tap,lalt
4,1253,1047.1010533381,stimulus,
4,1253,1047.2282351704,tap,lalt
4,1254,1049.3170249638,probe1,0
4,1255,1050.0825207088,stimulus,
4,1255,1050.3641542847,tap,rctrl
4,1256,1050.8324639490,stimulus,
4,1256,1050.9561611942,tap,rctrl
4,1257,1051.5824846313,stimulus,
4,1257,1051.6600910272,tap,rctrl
4,1258,1052.3325065577,stimulus,
4,1258,1052.3960781911,tap,lalt
4,1259,1053.0825281731,stimulus,
4,1259,1053.1640617273,tap,rctrl
4,1260,1053.8325560087,stimulus,
4,1260,1053.9480530911,tap,rctrl
4,1261,1054.5825891316,stimulus,
4,1261,1054.6840178621,tap,lalt
4,1262,1055.3325768466,stimulus,
4,1262,1055.3879983902,tap,lalt
4,1263,1056.0826441809,stimulus,
4,1263,1056.0919754972,tap,lalt
4,1264,1056.8326175893,stimulus,
4,1264,1056.8759662389,tap,rctrl
4,1265,1057.5826846125,stimulus,
4,1265,1057.6759921774,tap,rctrl
4,1266,1058.3326611311,stimulus,
4,1266,1058.4439225304,tap,lalt
4,1267,1059.0827014072,stimulus,
4,1267,1059.2118995354,tap,rctrl
4,1268,1059.8327668754,stimulus,
4,1268,1059.9638767991,tap,rctrl
4,1269,1060.5827421499,stimulus,
4,1269,1060.6678321352,tap,rctrl
4,1270,1061.3327718516,stimulus,
4,1270,1061.4678282164,tap,lalt
4,1271,1062.0827835146,stimulus,
4,1271,1062.2038175574,tap,rctrl
4,1272,1062.8327933115,stimulus,
4,1272,1062.9237922285,tap,rctrl
4,1273,1063.5828345207,stimulus,
4,1273,1063.6438110635,tap,lalt
4,1274,1064.3328570691,stimulus,
4,1274,1064.4117373733,tap,lalt
4,1275,1065.0828581576,stimulus,
4,1275,1065.1477593707,tap,rctrl
4,1276,1065.8328744858,stimulus,
4,1276,1065.9957335267,tap,lalt
4,1277,1066.5829094748,stimulus,
4,1277,1066.6997283614,tap,rctrl
4,1278,1067.3329466408,stimulus,
4,1278,1067.4356722945,tap,lalt
4,1279,1068.0829464853,stimulus,
4,1279,1068.2516541214,tap,rctrl
4,1280,1068.8329715218,stimulus,
4,1280,1068.9556539324,tap,lalt
4,1281,1069.5829890940,stimulus,
4,1281,1069.6275811728,tap,rctrl
4,1281,1070.3155404998,tap,lalt
4,1282,1070.3329565932,stimulus,
4,1283,1071.0831103890,stimulus,
4,1283,1071.1475373075,tap,lalt
4,1284,1071.8331400907,stimulus,
4,1284,1071.9155024940,tap,lalt
4,1285,1072.5831592180,stimulus,
4,1285,1072.6995187388,tap,lalt
4,1286,1073.3331543973,stimulus,
4,1286,1073.4195108267,tap,rctrl
4,1287,1074.0831968506,stimulus,
4,1287,1074.1714806261,tap,rctrl
4,1288,1074.8332741372,stimulus,
4,1288,1074.9074432200,tap,lalt
4,1289,1075.5832848672,stimulus,
4,1289,1075.6274014074,tap,lalt
4,1290,1076.3332725822,stimulus,
4,1290,1076.3473782556,tap,rctrl
4,1291,1077.0832839341,stimulus,
4,1291,1077.1473581642,tap,rctrl
4,1292,1077.8333313636,stimulus,
4,1292,1077.9313899596,tap,rctrl
4,1293,1084.1306794821,probe1,1
4,1294,1084.8965493755,stimulus,
4,1294,1085.1791806804,tap,lalt
4,1295,1085.6464991469,stimulus,
4,1295,1085.7551750971,tap,lalt
4,1296,1086.3965789217,stimulus,
4,1296,1086.4431922725,tap,lalt
4,1297,1087.1465517081,stimulus,
4,1297,1087.1950889839,tap,rctrl
4,1298,1087.8966146881,stimulus,
4,1298,1087.9790868789,tap,lalt
4,1299,1088.6466179538,stimulus,
4,1299,1088.7150628464,tap,lalt
4,1300,1089.3967375382,stimulus,
4,1300,1089.4511072366,tap,lalt
4,1301,1090.1466661608,stimulus,
4,1301,1090.1550075234,tap,rctrl
4,1301,1090.8909754045,tap,rctrl
4,1302,1090.8966246405,stimulus,
4,1303,1091.6466568304,stimulus,
4,1303,1091.6589564526,tap,rctrl
4,1304,1092.3967089250,stimulus,
4,1304,1092.4429462613,tap,rctrl
4,1305,1093.1466869986,stimulus,
4,1305,1093.1789144534,tap,rctrl
4,1306,1093.8967366051,stimulus,
4,1306,1093.8989043642,tap,rctrl
4,1307,1094.6467703500,stimulus,
4,1307,1094.6828674258,tap,lalt
4,1308,1095.3967729936,stimulus,
4,1308,1095.4988560950,tap,lalt
4,1309,1096.1468033174,stimulus,
4,1309,1096.2028733226,tap,lalt
4,1310,1096.8968156024,stimulus,
4,1310,1096.9708658782,tap,rctrl
4,1311,1097.6468303755,stimulus,
4,1311,1097.7068374915,tap,lalt
4,1312,1098.3968339521,stimulus,
4,1312,1098.4588461675,tap,rctrl
4,1313,1099.1468605437,stimulus,
4,1313,1099.2747934720,tap,lalt
4,1314,1099.8969104613,stimulus,
4,1314,1099.9627453347,tap,rctrl
4,1315,1100.6469062626,stimulus,
4,1315,1100.7307459766,tap,rctrl
4,1316,1101.3969431176,stimulus,
4,1316,1101.4187668841,tap,rctrl
4,1317,1102.1469684652,stimulus,
4,1317,1102.1707802253,tap,lalt
4,1318,1102.8969518260,stimulus,
4,1318,1103.0027042561,tap,lalt
4,1319,1103.6469802837,stimulus,
4,1319,1103.8026763893,tap,lalt
4,1320,1104.3970006550,stimulus,
4,1320,1104.4425960610,tap,lalt
4,1321,1105.1470026766,stimulus,
4,1321,1105.1785866460,tap,lalt
4,1322,1105.8970656567,stimulus,
4,1322,1105.9625811199,tap,rctrl
4,1323,1106.6470854060,stimulus,
4,1323,1106.8105925975,tap,rctrl
4,1324,1107.3971154187,stimulus,
4,1324,1107.4025276630,tap,rctrl
4,1325,1108.1470984685,stimulus,
4,1325,1108.1705012469,tap,lalt
4,1326,1108.8971356345,stimulus,
4,1326,1108.9545202908,tap,lalt
4,1327,1109.6471650252,stimulus,
4,1327,1109.7065034637,tap,lalt
4,1328,1111.7916276605,probe1,1
4,1329,1112.5574882235,stimulus,
4,1329,1112.8424197789,tap,rctrl
4,1330,1113.3072883978,stimulus,
4,1330,1113.4344493923,tap,rctrl
4,1331,1114.0573078361,stimulus,
4,1331,1114.1543662151,tap,lalt
4,1332,1114.8073316286,stimulus,
4,1332,1114.8743667002,tap,rctrl
4,1333,1115.5573327171,stimulus,
4,1333,1115.6263340115,tap,lalt
4,1333,1116.2982864440,tap,lalt
4,1334,1116.3073350497,stimulus,
4,1334,1117.0502633967,tap,lalt
4,1335,1117.0573342722,stimulus,
4,1336,1117.8073935201,stimulus,
4,1336,1117.8982910470,tap,lalt
4,1337,1118.5574558782,stimulus,
4,1337,1118.7142887356,tap,rctrl
4,1338,1119.3074361289,stimulus,
4,1338,1119.4662743966,tap,rctrl
4,1339,1120.0574630315,stimulus,
4,1339,1120.1062991906,tap,rctrl
4,1340,1120.8074740724,stimulus,
4,1340,1120.9062206287,tap,rctrl
4,1341,1121.5575168367,stimulus,
4,1341,1121.7222005896,tap,rctrl
4,1342,1122.3075250785,stimulus,
4,1342,1122.3941334282,tap,lalt
4,1343,1123.0575560243,stimulus,
4,1343,1123.0980962286,tap,lalt
4,1344,1123.8075711084,stimulus,
4,1344,1123.8500887319,tap,rctrl
4,1344,1124.5380928448,tap,rctrl
4,1345,1124.5576225810,stimulus,
4,1346,1125.3076482396,stimulus,
4,1346,1125.3220431549,tap,lalt
4,1347,1126.0576294233,stimulus,
4,1347,1126.0900571704,tap,lalt
4,1348,1126.8076715655,stimulus,
4,1348,1126.8740317395,tap,lalt
4,1349,1127.5576885157,stimulus,
4,1349,1127.6260195776,tap,rctrl
4,1349,1128.2979549044,tap,rctrl
4,1350,1128.3076799629,stimulus,
4,1351,1129.0577006452,stimulus,
4,1351,1129.1139205586,tap,lalt
4,1352,1129.8077589601,stimulus,
4,1352,1129.8659158611,tap,lalt
4,1353,1130.5577855517,stimulus,
4,1353,1130.6178959239,tap,rctrl
4,1354,1131.3078168085,stimulus,
4,1354,1131.3539266296,tap,rctrl
4,1355,1132.0579345268,stimulus,
4,1355,1132.1058958070,tap,lalt
4,1356,1132.8079300171,stimulus,
4,1356,1132.8738796542,tap,rctrl
4,1357,1133.5579301727,stimulus,
4,1357,1133.6418485729,tap,rctrl
4,1358,1134.3079443237,stimulus,
4,1358,1134.3297973254,tap,rctrl
4,1359,1135.0579594079,stimulus,
4,1359,1135.0977786846,tap,lalt
4,1360,1135.8079956408,stimulus,
4,1360,1135.9457792767,tap,lalt
4,1361,1136.5579883320,stimulus,
4,1361,1136.6498745685,tap,lalt
4,1362,1137.3080320293,stimulus,
4,1362,1137.3537885399,tap,lalt
4,1363,1138.0580250316,stimulus,
4,1363,1138.1377226774,tap,lalt
4,1364,1138.8080562883,stimulus,
4,1364,1138.8577023247,tap,rctrl
4,1365,1139.5580701284,stimulus,
4,1365,1139.5616281146,tap,rctrl
4,1366,1140.3080478910,stimulus,
4,1366,1140.3455977075,tap,lalt
4,1366,1141.0336030643,tap,lalt
4,1367,1141.0581086940,stimulus,
4,1367,1141.7376081625,tap,rctrl
4,1368,1141.8081172468,stimulus,
4,1368,1142.5535604432,tap,lalt
4,1369,1142.5580704394,stimulus,
4,1369,1143.2895407648,tap,rctrl
4,1370,1143.3081104046,stimulus,
4,1370,1144.0575510481,tap,rctrl
4,1371,1144.0582054190,stimulus,
4,1372,1144.8081579895,stimulus,
4,1372,1144.8895375924,tap,rctrl
4,1373,1145.5582166154,stimulus,
4,1373,1145.6254896119,tap,rctrl
4,1374,1147.4188863130,probe1,0
4,1375,1148.1843686845,stimulus,
4,1375,1148.4734317336,tap,lalt
4,1376,1148.9343069485,stimulus,
4,1376,1149.0814253218,tap,lalt
4,1376,1149.6733709617,tap,rctrl
4,1377,1149.6842937304,stimulus,
4,1377,1150.3773524229,tap,lalt
4,1378,1150.4343791034,stimulus,
4,1378,1151.1453356481,tap,lalt
4,1379,1151.1844097382,stimulus,
4,1380,1151.9343971422,stimulus,
4,1380,1151.9773576479,tap,lalt
4,1381,1152.6844809601,stimulus,
4,1381,1152.7293964921,tap,lalt
4,1381,1153.4173197417,tap,rctrl
4,1382,1153.4344360188,stimulus,
4,1383,1154.1844495478,stimulus,
4,1383,1154.2172785014,tap,lalt
4,1384,1154.9344935561,stimulus,
4,1384,1154.9692598083,tap,rctrl
4,1385,1155.6845248129,stimulus,
4,1385,1155.7052146268,tap,rctrl
4,1386,1156.4345417631,stimulus,
4,1386,1156.4732441929,tap,rctrl
4,1386,1157.1771475899,tap,lalt
4,1387,1157.1845409856,stimulus,
4,1388,1157.9345283896,stimulus,
4,1388,1157.9931701594,tap,lalt
4,1388,1158.6811223331,tap,lalt
4,1389,1158.6845751970,stimulus,
4,1390,1159.4345930802,stimulus,
4,1390,1159.4490977830,tap,lalt
4,1391,1160.1846324233,stimulus,
4,1391,1160.2010678935,tap,lalt
4,1392,1160.9346708334,stimulus,
4,1392,1161.0010683289,tap,rctrl
4,1393,1161.6847076884,stimulus,
4,1393,1161.7530359512,tap,rctrl
4,1394,1162.4346866951,stimulus,
4,1394,1162.5050660871,tap,rctrl
4,1394,1163.0329881921,tap,lalt
4,1395,1163.1848149878,stimulus,
4,1396,1163.9347243276,stimulus,
4,1396,1164.0090271458,tap,rctrl
4,1397,1164.6847633597,stimulus,
4,1397,1164.8089831064,tap,lalt
4,1398,1165.4348020808,stimulus,
4,1398,1165.4809349168,tap,rctrl
4,1399,1166.1848131218,stimulus,
4,1399,1166.2969459789,tap,lalt
4,1400,1166.9348334931,stimulus,
4,1400,1166.9529552745,tap,rctrl
4,1401,1167.6848395578,stimulus,
4,1401,1167.7369006084,tap,lalt
4,1401,1168.4248596244,tap,lalt
4,1402,1168.4348453116,stimulus,
4,1403,1169.1848501323,stimulus,
4,1403,1169.2889000784,tap,lalt
4,1404,1171.6221773258,probe1,4
4,1405,1172.3887980040,stimulus,
4,1405,1172.6967914678,tap,lalt
4,1406,1173.1380001008,stimulus,
4,1406,1173.2568352833,tap,lalt
4,1407,1173.8880313576,stimulus,
4,1407,1173.9607626282,tap,rctrl
4,1408,1174.6380343122,stimulus,
4,1408,1174.7287340349,tap,lalt
4,1409,1175.3880612148,stimulus,
4,1409,1175.4967300117,tap,rctrl
4,1410,1176.1380943376,stimulus,
4,1410,1176.1686379693,tap,rctrl
4,1411,1176.8880892059,stimulus,
4,1411,1176.9046198460,tap,lalt
4,1412,1177.6381260609,stimulus,
4,1412,1177.7526593147,tap,rctrl
4,1413,1178.3881414561,stimulus,
4,1413,1178.4406317043,tap,rctrl
4,1414,1179.1381546741,stimulus,
4,1414,1179.2405864208,tap,lalt
4,1415,1179.8882058357,stimulus,
4,1415,1179.9605781976,tap,lalt
4,1416,1180.6382019481,stimulus,
4,1416,1180.7605509529,tap,rctrl
4,1417,1181.3882403581,stimulus,
4,1417,1181.5765318468,tap,rctrl
4,1418,1182.1382420687,stimulus,
4,1418,1182.1684622471,tap,lalt
4,1419,1182.8882795457,stimulus,
4,1419,1182.9044400806,tap,lalt
4,1420,1183.6382961849,stimulus,
4,1420,1183.6564263637,tap,lalt
4,1421,1184.3883336620,stimulus,
4,1421,1184.4084564996,tap,lalt
4,1422,1185.1383391047,stimulus,
4,1422,1185.2084211685,tap,lalt
4,1423,1185.8884627323,stimulus,
4,1423,1185.9288440091,tap,rctrl
4,1424,1186.6384053504,stimulus,
4,1424,1186.7283922319,tap,rctrl
4,1425,1187.3884596221,stimulus,
4,1425,1187.4803800701,tap,lalt
4,1426,1188.1384199680,stimulus,
4,1426,1188.1842887542,tap,lalt
4,1427,1188.8884621102,stimulus,
4,1427,1188.9043169195,tap,rctrl
4,1427,1189.5603038222,tap,rctrl
4,1428,1189.6385978673,stimulus,
4,1429,1190.3884680195,stimulus,
4,1429,1190.4883451072,tap,lalt
4,1430,1191.1385213582,stimulus,
4,1430,1191.2082619300,tap,lalt
4,1431,1191.8885516819,stimulus,
4,1431,1191.9121998493,tap,lalt
4,1432,1192.6385198031,stimulus,
4,1432,1192.7442485962,tap,rctrl
4,1433,1193.3885687876,stimulus,
4,1433,1193.4961829402,tap,rctrl
4,1434,1194.1385816947,stimulus,
4,1434,1194.2641776729,tap,rctrl
4,1435,1194.8886163726,stimulus,
4,1435,1194.9681435834,tap,lalt
4,1436,1195.6386622470,stimulus,
4,1436,1195.7041587384,tap,lalt
4,1437,1196.3886642686,stimulus,
4,1437,1196.4721702658,tap,lalt
4,1438,1197.1386712663,stimulus,
4,1438,1197.2400999968,tap,lalt
4,1439,1197.8886966139,stimulus,
4,1439,1197.9600855534,tap,rctrl
4,1440,1198.6387204064,stimulus,
4,1440,1198.6960291755,tap,rctrl
4,1441,1199.3887236720,stimulus,
4,1441,1199.5120237539,tap,lalt
4,1442,1200.1387073438,stimulus,
4,1442,1200.2960238261,tap,lalt
4,1443,1200.8888011142,stimulus,
4,1443,1200.9519510142,tap,rctrl
4,1444,1201.6388074899,stimulus,
4,1444,1201.7039827052,tap,rctrl
4,1445,1202.3888300384,stimulus,
4,1445,1202.4879634946,tap,rctrl
4,1446,1205.6075849174,probe1,2
4,1447,1206.3730508052,stimulus,
4,1447,1206.6638676554,tap,rctrl
4,1448,1207.1229763176,stimulus,
4,1448,1207.2078034972,tap,rctrl
4,1449,1207.8730032202,stimulus,
4,1449,1207.9278546774,tap,rctrl
4,1450,1208.6230469175,stimulus,
4,1450,1208.6957875186,tap,lalt
4,1451,1209.3730467620,stimulus,
4,1451,1209.4157671659,tap,lalt
4,1452,1210.1230689994,stimulus,
4,1452,1210.2477555763,tap,rctrl
4,1453,1210.8731170509,stimulus,
4,1453,1210.9837430512,tap,rctrl
4,1454,1211.6231557720,stimulus,
4,1454,1211.7356845485,tap,lalt
4,1455,1212.3731326015,stimulus,
4,1455,1212.4717295607,tap,rctrl
4,1456,1213.1231790980,stimulus,
4,1456,1213.1596409917,tap,rctrl
4,1457,1213.8732199961,stimulus,
4,1457,1213.9116530889,tap,lalt
4,1458,1214.6232179745,stimulus,
4,1458,1214.6796164093,tap,lalt
4,1459,1215.3732682031,stimulus,
4,1459,1215.4316191761,tap,lalt
4,1460,1216.1232652485,stimulus,
4,1460,1216.1515415970,tap,rctrl
4,1461,1216.8732386569,stimulus,
4,1461,1216.9675629226,tap,rctrl
4,1462,1217.6232916846,stimulus,
4,1462,1217.7675446972,tap,rctrl
4,1463,1218.3733565307,stimulus,
4,1463,1218.4554769661,tap,rctrl
4,1464,1219.1233355374,stimulus,
4,1464,1219.1594469198,tap,lalt
4,1465,1219.8733786126,stimulus,
4,1465,1219.9114751896,tap,rctrl
4,1466,1220.6233918307,stimulus,
4,1466,1220.6314063189,tap,lalt
4,1467,1221.3733838999,stimulus,
4,1467,1221.4474223572,tap,lalt
4,1468,1222.1234232430,stimulus,
4,1468,1222.2314109219,tap,lalt
4,1469,1222.8734386381,stimulus,
4,1469,1223.0313936296,tap,lalt
4,1470,1223.6234891777,stimulus,
4,1470,1223.7354040149,tap,rctrl
4,1471,1224.3735627322,stimulus,
4,1471,1224.3753367491,tap,lalt
4,1472,1225.1235482701,stimulus,
4,1472,1225.1593669895,tap,rctrl
4,1473,1225.8735695745,stimulus,
4,1473,1225.9433574202,tap,rctrl
4,1474,1226.6235678639,stimulus,
4,1474,1226.6633047222,tap,lalt
4,1475,1227.3736031639,stimulus,
4,1475,1227.4952887785,tap,lalt
4,1476,1228.1236067405,stimulus,
4,1476,1228.1836427807,tap,lalt
4,1477,1228.8736342651,stimulus,
4,1477,1228.9351812054,tap,lalt
4,1478,1229.6236571246,stimulus,
4,1478,1229.6712075569,tap,rctrl
4,1479,1230.3736547920,stimulus,
4,1479,1230.4231506092,tap,lalt
4,1480,1231.1236748523,stimulus,
4,1480,1231.2391890404,tap,rctrl
4,1481,1231.8737393875,stimulus,
4,1481,1231.9111467601,tap,lalt
4,1482,1232.6237488734,stimulus,
4,1482,1232.6792319975,tap,rctrl
4,1483,1233.3737807522,stimulus,
4,1483,1233.4951099461,tap,rctrl
4,1484,1234.1238148081,stimulus,
4,1484,1234.1993016519,tap,rctrl
4,1485,1234.8738006570,stimulus,
4,1485,1234.9190188045,tap,lalt
4,1486,1235.6238322248,stimulus,
4,1486,1235.6870850701,tap,rctrl
4,1487,1236.3738432657,stimulus,
4,1487,1236.4549787236,tap,lalt
4,1488,1237.1238679912,stimulus,
4,1488,1237.1909920126,tap,lalt
4,1489,1240.3362418211,probe1,1
4,1490,1241.1021014511,stimulus,
4,1490,1241.1039298952,tap,rctrl
4,1491,1241.8520956974,stimulus,
4,1491,1241.9908764402,tap,lalt
4,1492,1242.6020775031,stimulus,
4,1492,1242.7108663510,tap,lalt
4,1493,1243.3521152912,stimulus,
4,1493,1243.4788418009,tap,lalt
4,1494,1244.1021213559,stimulus,
4,1494,1244.3108081294,tap,rctrl
4,1495,1244.8521535458,stimulus,
4,1495,1244.9668115157,tap,rctrl
4,1496,1245.6021792043,stimulus,
4,1496,1245.6867653489,tap,lalt
4,1497,1246.3523034539,stimulus,
4,1497,1246.4228063180,tap,rctrl
4,1498,1247.1023244473,stimulus,
4,1498,1247.2067099762,tap,lalt
4,1499,1247.8523557041,stimulus,
4,1499,1247.9426753692,tap,rctrl
4,1500,1248.6023549265,stimulus,
4,1500,1248.7266841497,tap,rctrl
4,1501,1249.3523886714,stimulus,
4,1501,1249.4466693953,tap,lalt
4,1502,1250.1024137080,stimulus,
4,1502,1250.2146336487,tap,lalt
4,1503,1250.8524119974,stimulus,
4,1503,1250.9826084766,tap,lalt
4,1504,1251.6024367229,stimulus,
4,1504,1251.6865995791,tap,lalt
4,1505,1252.3524471418,stimulus,
4,1505,1252.4385790199,tap,lalt
4,1506,1253.1025004805,stimulus,
4,1506,1253.2065619342,tap,lalt
4,1507,1253.8524810422,stimulus,
4,1507,1253.8945038444,tap,rctrl
4,1508,1254.6024920832,stimulus,
4,1508,1254.6625222141,tap,lalt
4,1509,1255.3525130765,stimulus,
4,1509,1255.4944932078,tap,rctrl
4,1510,1256.1025480655,stimulus,
4,1510,1256.1824864352,tap,rctrl
4,1511,1256.8525603505,stimulus,
4,1511,1256.9344630769,tap,rctrl
4,1512,1257.6025664152,stimulus,
4,1512,1257.6704486857,tap,rctrl
4,1513,1258.3526004711,stimulus,
4,1513,1258.4544248099,tap,rctrl
4,1514,1259.1026121341,stimulus,
4,1514,1259.1903687430,tap,rctrl
4,1515,1259.8526449459,stimulus,
4,1515,1259.9423416525,tap,lalt
4,1516,1260.6026737146,stimulus,
4,1516,1260.6623747940,tap,lalt
4,1517,1261.3526807124,stimulus,
4,1517,1261.4143707185,tap,lalt
4,1518,1262.1026964186,stimulus,
4,1518,1262.1343285950,tap,rctrl
4,1519,1262.8526950190,stimulus,
4,1519,1263.0143106309,tap,rctrl
4,1520,1263.6027446255,stimulus,
4,1520,1263.7503012159,tap,rctrl
4,1521,1266.3177732605,probe1,5
4,1522,1267.0827956441,stimulus,
4,1522,1267.3501888781,tap,rctrl
4,1523,1267.8327379512,stimulus,
4,1523,1267.8941144564,tap,rctrl
4,1524,1268.5827698300,stimulus,
4,1524,1268.6621412234,tap,rctrl
4,1525,1269.3327874022,stimulus,
4,1525,1269.4781006574,tap,lalt
4,1526,1270.0828108837,stimulus,
4,1526,1270.1980896351,tap,lalt
4,1527,1270.8328085511,stimulus,
4,1527,1270.9501129287,tap,rctrl
4,1528,1271.5828236352,stimulus,
4,1528,1271.7020650004,tap,rctrl
4,1529,1272.3328511599,stimulus,
4,1529,1272.4700416944,tap,rctrl
4,1530,1273.0828914360,stimulus,
4,1530,1273.2060195279,tap,rctrl
4,1531,1273.8328993668,stimulus,
4,1531,1273.9099642895,tap,lalt
4,1532,1274.5829383989,stimulus,
4,1532,1274.6779587112,tap,lalt
4,1533,1275.3329562822,stimulus,
4,1533,1275.3499089666,tap,lalt
4,1534,1276.0829346668,stimulus,
4,1534,1276.1178931248,tap,lalt
4,1535,1276.8329901826,stimulus,
4,1535,1276.9179912182,tap,rctrl
4,1536,1277.5830167742,stimulus,
4,1536,1277.6859271695,tap,rctrl
4,1537,1278.3330408777,stimulus,
4,1537,1278.5178903879,tap,rctrl
4,1538,1279.0830671582,stimulus,
4,1538,1279.1581388000,tap,rctrl
4,1539,1279.8330844194,stimulus,
4,1539,1279.8458881934,tap,lalt
4,1540,1280.5831225185,stimulus,
4,1540,1280.6138244557,tap,rctrl
4,1541,1281.3331192529,stimulus,
4,1541,1281.3978089772,tap,rctrl
4,1542,1282.0831567299,stimulus,
4,1542,1282.1657474166,tap,lalt
4,1543,1282.8331472440,stimulus,
4,1543,1282.8537154519,tap,lalt
4,1544,1283.5831421123,stimulus,
4,1544,1283.7017403031,tap,rctrl
4,1545,1284.3332153558,stimulus,
4,1545,1284.4217740666,tap,rctrl
4,1546,1285.0832179994,stimulus,
4,1546,1285.1256519605,tap,rctrl
4,1547,1285.8332545434,stimulus,
4,1547,1285.8776628136,tap,lalt
4,1548,1286.5832518998,stimulus,
4,1548,1286.6136617960,tap,lalt
4,1548,1287.3015729160,tap,lalt
4,1549,1287.3332797355,stimulus,
4,1550,1288.0833103702,stimulus,
4,1550,1288.2136041964,tap,rctrl
4,1551,1288.8333475363,stimulus,
4,1551,1288.9815696939,tap,lalt
4,1552,1289.5833679076,stimulus,
4,1552,1289.6375133658,tap,lalt
4,1553,1290.3333851688,stimulus,
4,1553,1290.4055090315,tap,rctrl
4,1554,1291.0834904466,stimulus,
4,1554,1291.1414961954,tap,rctrl
4,1555,1291.8334787836,stimulus,
4,1555,1291.9574780223,tap,lalt
4,1556,1294.3343141640,probe1,2
4,1557,1295.0995856688,stimulus,
4,1557,1295.7494254039,tap,lalt
4,1558,1295.8495559671,stimulus,
4,1558,1296.3093979975,tap,lalt
4,1559,1296.5995698071,stimulus,
4,1559,1297.2693784285,tap,lalt
4,1560,1297.3495985758,stimulus,
4,1561,1298.0996506705,stimulus,
4,1561,1298.1652989362,tap,lalt
4,1562,1298.8496281220,stimulus,
4,1562,1298.9653360711,tap,rctrl
4,1563,1299.5996708863,stimulus,
4,1563,1299.6692568847,tap,rctrl
4,1563,1300.3252254376,tap,lalt
4,1564,1300.3496511370,stimulus,
4,1565,1301.0996509815,stimulus,
4,1565,1301.1251997480,tap,lalt
4,1566,1301.8496775731,stimulus,
4,1566,1301.8611965532,tap,rctrl
4,1566,1302.5971613242,tap,lalt
4,1567,1302.5996739964,stimulus,
4,1568,1303.3497192488,stimulus,
4,1568,1303.4451911516,tap,rctrl
4,1569,1304.0997809848,stimulus,
4,1569,1304.1015481594,tap,lalt
4,1570,1304.8498256151,stimulus,
4,1570,1304.9010935831,tap,lalt
4,1571,1305.5998341680,stimulus,
4,1571,1305.6691433651,tap,rctrl
4,1572,1306.3498358786,stimulus,
4,1572,1306.4691515758,tap,rctrl
4,1573,1307.0998478526,stimulus,
4,1573,1307.1090765346,tap,lalt
4,1574,1307.8498520512,stimulus,
4,1574,1307.9410540596,tap,lalt
4,1575,1308.5998957485,stimulus,
4,1575,1308.7410261929,tap,lalt
4,1576,1309.3499786334,stimulus,
4,1576,1309.4129864007,tap,rctrl
4,1577,1310.0999560850,stimulus,
4,1577,1310.2129939894,tap,lalt
4,1578,1310.8500171990,stimulus,
4,1578,1310.9169228894,tap,lalt
4,1579,1311.6000042920,stimulus,
4,1579,1311.6370269418,tap,lalt
4,1580,1312.3500165770,stimulus,
4,1580,1312.3569247928,tap,rctrl
4,1581,1313.1000089572,stimulus,
4,1581,1313.1729243474,tap,lalt
4,1582,1313.8500790905,stimulus,
4,1582,1313.9252427921,tap,rctrl
4,1583,1314.6000724038,stimulus,
4,1583,1314.6929146935,tap,rctrl
4,1584,1315.3501030385,stimulus,
4,1584,1315.3648217181,tap,lalt
4,1585,1316.1001856124,stimulus,
4,1585,1316.1167734788,tap,lalt
4,1586,1316.8501922992,stimulus,
4,1586,1316.8847679005,tap,rctrl
4,1587,1317.6001862345,stimulus,
4,1587,1317.6527893803,tap,rctrl
4,1588,1318.3502159362,stimulus,
4,1588,1318.4207539447,tap,lalt
4,1589,1319.1002170247,stimulus,
4,1589,1319.1087173149,tap,rctrl
4,1590,1319.8503042638,stimulus,
4,1590,1319.8927040135,tap,rctrl
4,1591,1320.6002953999,stimulus,
4,1591,1320.6286610091,tap,lalt
4,1592,1321.3503291448,stimulus,
4,1592,1321.4126542390,tap,rctrl
4,1593,1322.1003647558,stimulus,
4,1593,1322.1166173504,tap,lalt
4,1594,1322.8503807729,stimulus,
4,1594,1322.9166538633,tap,rctrl
4,1594,1323.5885767496,tap,lalt
4,1595,1323.6003871487,stimulus,
4,1596,1324.3503132832,stimulus,
4,1596,1324.3887050112,tap,rctrl
4,1597,1325.1004322456,stimulus,
4,1597,1325.1405407641,tap,lalt
4,1598,1325.8504009888,stimulus,
4,1598,1325.9885618831,tap,lalt
4,1599,1326.6004509063,stimulus,
4,1599,1326.6765199661,tap,lalt
