# {'date': u'2017_apr_06_1140', 'frameRate': 59.144727644664769, 'expName': 'pilot4', u'participant': u'9'}
subj,trial,time,stimulus,response
9,0,0.0014689266,stimulus,
9,0,0.4450163330,tap,rctrl
9,1,0.7505754566,stimulus,
9,1,0.8129745126,tap,lalt
9,2,1.5006731932,stimulus,
9,2,1.5330309433,tap,lalt
9,3,2.2506297288,stimulus,
9,3,2.3329648835,tap,lalt
9,4,3.0005915516,stimulus,
9,4,3.0850126879,tap,rctrl
9,5,3.7506662731,stimulus,
9,5,3.8209763215,tap,lalt
9,6,4.5006029037,stimulus,
9,6,4.6369331624,tap,lalt
9,7,5.2506238195,stimulus,
9,7,5.2929023445,tap,rctrl
9,7,5.9968581206,tap,rctrl
9,8,6.0006304286,stimulus,
9,9,6.7507104373,stimulus,
9,9,6.8289473398,tap,lalt
9,9,7.5008526492,tap,rctrl
9,10,7.5014976955,stimulus,
9,10,8.2368707105,tap,lalt
9,11,8.2513836306,stimulus,
9,12,9.0014179200,stimulus,
9,12,9.0208604370,tap,lalt
9,13,9.7514130215,stimulus,
9,13,9.7727909885,tap,lalt
9,14,10.5014199416,stimulus,
9,14,10.5727977064,tap,lalt
9,15,11.2514476998,stimulus,
9,15,11.3408211371,tap,lalt
9,16,12.0014511987,stimulus,
9,16,12.0927790580,tap,lalt
9,17,12.7514854882,stimulus,
9,17,12.8288241776,tap,lalt
9,18,13.5015008057,stimulus,
9,18,13.5647408478,tap,lalt
9,19,14.2515546891,stimulus,
9,19,14.3327232244,tap,lalt
9,19,14.9726987413,tap,rctrl
9,20,15.0015479245,stimulus,
9,21,15.7515554667,stimulus,
9,21,15.8047294895,tap,lalt
9,22,16.5016174365,stimulus,
9,22,16.5406999654,tap,rctrl
9,23,17.2516094279,stimulus,
9,23,17.2926737481,tap,lalt
9,24,18.0016197691,stimulus,
9,24,18.0770037257,tap,lalt
9,25,18.7517218600,stimulus,
9,25,18.8126787368,tap,rctrl
9,26,19.5017098082,stimulus,
9,26,19.6286623251,tap,lalt
9,27,20.2517888839,stimulus,
9,27,20.3646377773,tap,lalt
9,28,21.0017917608,stimulus,
9,28,21.0846994952,tap,rctrl
9,29,21.7518568408,stimulus,
9,29,21.8526467270,tap,rctrl
9,30,22.5018124433,stimulus,
9,30,22.5726173174,tap,rctrl
9,31,23.2519254197,stimulus,
9,31,23.2765712274,tap,rctrl
9,32,24.0018704477,stimulus,
9,32,24.0125317508,tap,rctrl
9,33,24.7520415840,stimulus,
9,33,24.8125154536,tap,rctrl
9,34,25.5019632859,stimulus,
9,34,25.5485288496,tap,rctrl
9,35,26.2520302320,stimulus,
9,35,26.3485598268,tap,rctrl
9,36,27.0020197352,stimulus,
9,36,27.0685450349,tap,rctrl
9,37,27.7520854372,stimulus,
9,37,27.7884879449,tap,lalt
9,38,28.5021984136,stimulus,
9,38,28.5245053841,tap,rctrl
9,39,29.2521621026,stimulus,
9,39,29.3244710480,tap,lalt
9,40,30.0021556490,stimulus,
9,40,30.0924403620,tap,rctrl
9,41,30.7521952257,stimulus,
9,41,30.8284326090,tap,rctrl
9,42,31.5022662150,stimulus,
9,42,31.5324188646,tap,lalt
9,42,32.2364023210,tap,rctrl
9,43,32.2522973943,stimulus,
9,43,32.9563800648,tap,lalt
9,44,36.2300261906,probe1,1
9,45,36.9960429488,stimulus,
9,45,37.3883474280,tap,rctrl
9,46,37.7454455656,stimulus,
9,46,37.9163259232,tap,lalt
9,47,38.4954503086,stimulus,
9,47,38.6363556065,tap,lalt
9,48,39.2454917514,stimulus,
9,48,39.3883247239,tap,lalt
9,49,39.9954955613,stimulus,
9,49,40.0122804502,tap,rctrl
9,49,40.7162660838,tap,lalt
9,50,40.7455220754,stimulus,
9,51,41.4956210561,stimulus,
9,51,41.5642503763,tap,lalt
9,52,42.2456170907,stimulus,
9,52,42.3482254851,tap,rctrl
9,53,42.9956181015,stimulus,
9,53,43.1162153260,tap,rctrl
9,54,43.7456408834,stimulus,
9,54,43.7881912360,tap,rctrl
9,55,44.4957028532,stimulus,
9,55,44.5242189388,tap,rctrl
9,55,45.2282017732,tap,rctrl
9,56,45.2456864472,stimulus,
9,56,45.9961449619,tap,rctrl
9,57,45.9967349584,stimulus,
9,58,46.7466974033,stimulus,
9,58,46.7641285825,tap,rctrl
9,59,47.4967351139,stimulus,
9,59,47.5001217626,tap,rctrl
9,60,48.2467756237,stimulus,
9,60,48.2521145172,tap,rctrl
9,60,48.8920822586,tap,lalt
9,61,48.9967949844,stimulus,
9,61,49.6280888124,tap,rctrl
9,62,49.7468233646,stimulus,
9,62,50.3641062516,tap,lalt
9,63,50.4968153560,stimulus,
9,63,51.0680732243,tap,rctrl
9,64,51.2467861982,stimulus,
9,64,51.7880755382,tap,lalt
9,65,51.9968621638,stimulus,
9,65,52.5080433294,tap,lalt
9,66,52.7468687729,stimulus,
9,66,53.1960455613,tap,rctrl
9,67,53.4968187771,stimulus,
9,67,54.1400273009,tap,lalt
9,68,54.2469177578,stimulus,
9,68,54.9080109216,tap,rctrl
9,69,54.9969296542,stimulus,
9,70,55.7469306650,stimulus,
9,70,55.7560172962,tap,lalt
9,71,60.1298200806,probe1,2
9,72,60.8956412099,stimulus,
9,72,61.1318811809,tap,rctrl
9,73,61.6453819007,stimulus,
9,73,61.6918703326,tap,lalt
9,74,62.3953704709,stimulus,
9,74,62.4438705516,tap,lalt
9,75,63.1453879655,stimulus,
9,75,63.1958788569,tap,lalt
9,76,63.8954113694,stimulus,
9,76,63.9317914840,tap,lalt
9,77,64.6454042938,stimulus,
9,77,64.7318321026,tap,lalt
9,78,65.3954379613,stimulus,
9,78,65.4197898592,tap,rctrl
9,79,66.1454772270,stimulus,
9,79,66.2357905534,tap,lalt
9,80,66.8955289333,stimulus,
9,80,66.9557695412,tap,rctrl
9,81,67.6455398966,stimulus,
9,81,67.7077361705,tap,lalt
9,82,68.3955766742,stimulus,
9,82,68.4437691605,tap,rctrl
9,83,69.1456103416,stimulus,
9,83,69.1637269992,tap,rctrl
9,84,69.8956514735,stimulus,
9,84,69.9477388079,tap,rctrl
9,85,70.6456447089,stimulus,
9,85,70.7157193184,tap,rctrl
9,86,71.3957097889,stimulus,
9,86,71.4356880427,tap,rctrl
9,87,72.1456943158,stimulus,
9,87,72.1556636093,tap,lalt
9,87,72.8756715215,tap,rctrl
9,88,72.8957286053,stimulus,
9,89,73.6457414347,stimulus,
9,89,73.6916799911,tap,lalt
9,90,74.3957999834,stimulus,
9,90,74.4116558687,tap,rctrl
9,90,75.1156287507,tap,rctrl
9,91,75.1458264975,stimulus,
9,91,75.8676121748,tap,rctrl
9,92,75.8958455472,stimulus,
9,92,76.4915871840,tap,lalt
9,93,76.6458742384,stimulus,
9,94,77.3958979533,stimulus,
9,94,77.4995644227,tap,lalt
9,95,78.1459263335,stimulus,
9,95,78.2515497129,tap,lalt
9,96,78.8959652882,stimulus,
9,96,78.9717181092,tap,rctrl
9,97,79.6460325453,stimulus,
9,97,79.7235102587,tap,lalt
9,98,80.3960550162,stimulus,
9,98,80.4755599291,tap,rctrl
9,99,81.1460569600,stimulus,
9,99,81.2275831632,tap,rctrl
9,100,81.8961005800,stimulus,
9,100,82.0435278746,tap,rctrl
9,101,82.6465028009,stimulus,
9,101,82.7154841906,tap,rctrl
9,102,83.3961318370,stimulus,
9,102,83.4674666817,tap,rctrl
9,103,84.1461686146,stimulus,
9,103,84.1554474535,tap,lalt
9,104,84.8961929516,stimulus,
9,104,84.9717218413,tap,lalt
9,105,85.6462179106,stimulus,
9,105,85.6594450922,tap,rctrl
9,105,86.3954336070,tap,rctrl
9,106,86.3962683729,stimulus,
9,106,87.1314162126,tap,lalt
9,107,87.1462528998,stimulus,
9,108,87.8963525026,stimulus,
9,108,87.9313669477,tap,lalt
9,109,88.6463348524,stimulus,
9,109,88.7313811300,tap,lalt
9,110,89.3963868698,stimulus,
9,110,89.4833462042,tap,lalt
9,111,90.1464071636,stimulus,
9,111,90.2353293173,tap,lalt
9,112,90.8963602780,stimulus,
9,112,90.9073397500,tap,rctrl
9,113,91.6464965805,stimulus,
9,113,91.7553678957,tap,lalt
9,114,92.3964739542,stimulus,
9,114,92.4273338531,tap,rctrl
9,115,93.1464954920,stimulus,
9,115,93.2753103702,tap,lalt
9,116,93.8965419111,stimulus,
9,116,93.9792925826,tap,lalt
9,117,94.6465886412,stimulus,
9,117,94.6832228554,tap,rctrl
9,118,95.3965955612,stimulus,
9,118,95.4032161499,tap,lalt
9,119,96.1466254965,stimulus,
9,119,96.1712262069,tap,rctrl
9,119,96.8752354777,tap,rctrl
9,120,96.8966591639,stimulus,
9,121,97.6466922093,stimulus,
9,121,97.6592214720,tap,rctrl
9,122,101.5691351870,probe1,1
9,123,102.3350505540,stimulus,
9,123,102.3368587986,tap,rctrl
9,124,103.0849168951,stimulus,
9,124,103.1310756505,tap,lalt
9,124,103.8350846102,tap,rctrl
9,125,103.8357340108,stimulus,
9,126,104.5856243000,stimulus,
9,126,104.6670687061,tap,rctrl
9,127,105.3356928012,stimulus,
9,127,105.4030631303,tap,rctrl
9,128,106.0856956781,stimulus,
9,128,106.1070587163,tap,lalt
9,129,106.8356285765,stimulus,
9,129,106.8430204838,tap,rctrl
9,130,107.5857157386,stimulus,
9,130,107.6590314415,tap,lalt
9,131,108.3357674449,stimulus,
9,131,108.4113700454,tap,lalt
9,132,109.0857684557,stimulus,
9,132,109.1950332056,tap,lalt
9,133,109.8357940368,stimulus,
9,133,109.8509404956,tap,lalt
9,134,110.5858003348,stimulus,
9,134,110.6829693777,tap,lalt
9,135,111.3358483090,stimulus,
9,135,111.4349963440,tap,rctrl
9,136,112.0858496308,stimulus,
9,136,112.1549576039,tap,lalt
9,137,112.8358646373,stimulus,
9,137,112.9389050323,tap,lalt
9,138,113.5858513414,stimulus,
9,138,113.6429111929,tap,rctrl
9,139,114.3359123782,stimulus,
9,139,114.3949008373,tap,rctrl
9,139,115.0828859633,tap,rctrl
9,140,115.0859205424,stimulus,
9,140,115.7868949231,tap,rctrl
9,141,115.8359470564,stimulus,
9,142,116.5859449571,stimulus,
9,142,116.6508551529,tap,rctrl
9,142,117.3068386417,tap,lalt
9,143,117.3359941753,stimulus,
9,144,118.0860060716,stimulus,
9,144,118.1868463424,tap,rctrl
9,144,118.8267795612,tap,lalt
9,145,118.8359598081,stimulus,
9,145,119.5307847887,tap,lalt
9,146,119.5860208449,stimulus,
9,146,120.2507927010,tap,rctrl
9,147,120.3360430047,stimulus,
9,147,120.9067494424,tap,lalt
9,148,121.0860256656,stimulus,
9,148,121.6267710393,tap,lalt
9,149,121.8360350738,stimulus,
9,149,122.2667798349,tap,rctrl
9,150,122.5860578557,stimulus,
9,150,123.0507468573,tap,lalt
9,151,123.3361095621,stimulus,
9,151,124.0747196272,tap,lalt
9,152,124.0860577002,stimulus,
9,153,124.8360860804,stimulus,
9,153,124.9227424856,tap,lalt
9,154,125.5861433850,stimulus,
9,154,125.6587073633,tap,lalt
9,155,126.3361471950,stimulus,
9,155,126.3947198263,tap,rctrl
9,156,127.0861510049,stimulus,
9,156,127.1466858335,tap,lalt
9,157,127.8361638343,stimulus,
9,157,127.8826336053,tap,rctrl
9,158,128.5861909704,stimulus,
9,158,128.6826250835,tap,lalt
9,159,129.3362075320,stimulus,
9,159,129.4186415897,tap,rctrl
9,160,130.0862216054,stimulus,
9,160,130.1386162233,tap,lalt
9,161,130.8362347459,stimulus,
9,161,130.8745512434,tap,lalt
9,162,131.5862385558,stimulus,
9,162,131.5945594666,tap,rctrl
9,163,132.3362663139,stimulus,
9,163,132.3465771025,tap,lalt
9,163,133.0665523581,tap,rctrl
9,164,133.0862586163,stimulus,
9,164,133.8025638880,tap,rctrl
9,165,133.8363308497,stimulus,
9,165,134.5865284223,tap,rctrl
9,166,134.5871588509,stimulus,
9,166,135.2905156110,tap,lalt
9,167,135.3371079221,stimulus,
9,167,136.0104883784,tap,rctrl
9,168,136.0871288379,stimulus,
9,168,136.6024776123,tap,lalt
9,169,138.7060856108,probe1,2
9,170,139.4704188416,stimulus,
9,170,139.6424487128,tap,rctrl
9,171,140.2203455196,stimulus,
9,171,140.2664258991,tap,lalt
9,172,140.9703773210,stimulus,
9,172,141.0023966861,tap,rctrl
9,172,141.6903846112,tap,lalt
9,173,141.7204290273,stimulus,
9,174,142.4704141763,stimulus,
9,174,142.4743659403,tap,rctrl
9,174,143.1784106668,tap,rctrl
9,175,143.2204528200,stimulus,
9,175,143.9143487971,tap,lalt
9,176,143.9704528978,stimulus,
9,176,144.7143384092,tap,rctrl
9,177,144.7204977618,stimulus,
9,177,145.4663003732,tap,rctrl
9,178,145.4704723363,stimulus,
9,179,146.2205526560,stimulus,
9,179,146.3624283226,tap,lalt
9,180,146.9705751269,stimulus,
9,180,147.1142839193,tap,lalt
9,181,147.7205941766,stimulus,
9,181,147.8182919460,tap,lalt
9,182,148.4706197576,stimulus,
9,182,148.6182520116,tap,lalt
9,183,149.2206559132,stimulus,
9,183,149.3542548331,tap,lalt
9,184,149.9706609672,stimulus,
9,184,150.0902169116,tap,lalt
9,185,150.7207173388,stimulus,
9,185,150.7782353163,tap,rctrl
9,185,151.3382303773,tap,lalt
9,186,151.4707326563,stimulus,
9,187,152.2207383323,stimulus,
9,187,152.2822369982,tap,rctrl
9,188,152.9707710667,stimulus,
9,188,153.0341725259,tap,lalt
9,189,153.7208006910,stimulus,
9,189,153.7701716153,tap,rctrl
9,190,154.4708505312,stimulus,
9,190,154.4901577564,tap,rctrl
9,191,155.2208689589,stimulus,
9,191,155.2741568134,tap,rctrl
9,191,155.9461199718,tap,lalt
9,192,155.9710093047,stimulus,
9,192,156.6981245449,tap,rctrl
9,193,156.7209910325,stimulus,
9,193,157.4500659820,tap,lalt
9,194,157.4709973306,stimulus,
9,195,158.2210042506,stimulus,
9,195,158.2340659720,tap,rctrl
9,195,158.9380416531,tap,lalt
9,196,158.9710855035,stimulus,
9,196,159.6740597144,tap,lalt
9,197,159.7211182379,stimulus,
9,197,160.3620439073,tap,lalt
9,198,160.4710943674,stimulus,
9,198,161.0020502147,tap,rctrl
9,199,161.2211099959,stimulus,
9,200,161.9711318448,stimulus,
9,200,161.9780709134,tap,lalt
9,201,162.7211860393,stimulus,
9,201,162.7620450892,tap,rctrl
9,202,163.4710763285,stimulus,
9,202,163.4979794873,tap,rctrl
9,203,164.2212001905,stimulus,
9,203,164.2979666112,tap,lalt
9,204,164.9712490977,stimulus,
9,204,165.0339700548,tap,rctrl
9,205,165.7212992489,stimulus,
9,205,165.7699196927,tap,lalt
9,206,166.4712890632,stimulus,
9,206,166.5699114819,tap,rctrl
9,207,167.2213273958,stimulus,
9,207,167.2579168239,tap,lalt
9,208,167.9713644844,stimulus,
9,208,168.0579366045,tap,rctrl
9,209,171.6202997382,probe1,2
9,210,172.3857137481,stimulus,
9,210,172.5538556135,tap,rctrl
9,211,173.1355940849,stimulus,
9,211,173.2738221607,tap,lalt
9,212,173.8856140676,stimulus,
9,212,173.9458263731,tap,rctrl
9,213,174.6356368495,stimulus,
9,213,174.7457929700,tap,lalt
9,214,175.3856518560,stimulus,
9,214,175.4658011932,tap,rctrl
9,215,176.1356665515,stimulus,
9,215,176.2817894468,tap,lalt
9,216,176.8857869923,stimulus,
9,216,177.0017659465,tap,rctrl
9,217,177.6357326423,stimulus,
9,217,177.7057183014,tap,rctrl
9,218,178.3857619555,stimulus,
9,218,178.4417127255,tap,rctrl
9,219,179.1358192601,stimulus,
9,219,179.2096531150,tap,rctrl
9,220,179.8858112515,stimulus,
9,220,179.9777496343,tap,rctrl
9,221,180.6358411867,stimulus,
9,221,180.7296705443,tap,lalt
9,222,181.3858530831,stimulus,
9,222,181.4657007352,tap,rctrl
9,223,182.1358786641,stimulus,
9,223,182.2176953559,tap,lalt
9,224,182.8859017570,stimulus,
9,224,182.9216225185,tap,rctrl
9,225,183.6359279601,stimulus,
9,225,183.6895890333,tap,rctrl
9,226,184.3859793554,stimulus,
9,226,184.4095729974,tap,lalt
9,227,185.1360254635,stimulus,
9,227,185.1615881451,tap,rctrl
9,228,185.8861011180,stimulus,
9,228,185.8975707506,tap,lalt
9,229,186.6360946644,stimulus,
9,229,186.6495874534,tap,lalt
9,230,187.3861065608,stimulus,
9,230,187.4335392360,tap,lalt
9,231,188.1361557790,stimulus,
9,231,188.2335459540,tap,lalt
9,232,188.8861403060,stimulus,
9,232,188.9535056588,tap,lalt
9,233,189.6362414638,stimulus,
9,233,189.6894910634,tap,lalt
9,234,190.3862384314,stimulus,
9,234,190.5215047058,tap,lalt
9,235,191.1362487727,stimulus,
9,235,191.2254838081,tap,lalt
9,236,191.8862550707,stimulus,
9,236,191.9775036210,tap,lalt
9,237,194.9424748692,probe1,0
9,238,195.7075996346,stimulus,
9,238,195.8174267006,tap,rctrl
9,239,196.4575057857,stimulus,
9,239,196.5374032003,tap,lalt
9,240,197.2075270125,stimulus,
9,240,197.2573974278,tap,lalt
9,241,197.9575096734,stimulus,
9,241,197.9933479988,tap,lalt
9,242,198.7075663560,stimulus,
9,242,198.7613157576,tap,lalt
9,243,199.4575841616,stimulus,
9,243,199.5133091342,tap,lalt
9,244,200.2076775440,stimulus,
9,244,200.2653137074,tap,rctrl
9,245,200.9576359457,stimulus,
9,245,200.9692483344,tap,lalt
9,246,201.7076665030,stimulus,
9,246,201.7692836658,tap,rctrl
9,247,202.4576889738,stimulus,
9,247,202.5052432562,tap,rctrl
9,248,203.2076809652,stimulus,
9,248,203.2252222440,tap,lalt
9,249,203.9577942526,stimulus,
9,249,203.9932360331,tap,rctrl
9,250,204.7078101922,stimulus,
9,250,204.7291769626,tap,lalt
9,251,205.4578230216,stimulus,
9,251,205.4972103457,tap,rctrl
9,251,206.1211853550,tap,rctrl
9,252,206.2078196781,stimulus,
9,253,206.9578570778,stimulus,
9,253,207.0652100148,tap,rctrl
9,254,207.7078991426,stimulus,
9,254,207.7371644647,tap,rctrl
9,255,208.4579026415,stimulus,
9,255,208.4891360702,tap,rctrl
9,256,209.2079070735,stimulus,
9,256,209.2251236520,tap,lalt
9,257,209.9579705985,stimulus,
9,257,210.0091167997,tap,rctrl
9,258,210.7080048879,stimulus,
9,258,210.7771131720,tap,lalt
9,259,211.4580783654,stimulus,
9,259,211.6091087755,tap,lalt
9,260,212.2080330348,stimulus,
9,260,212.2651093702,tap,lalt
9,261,212.9581413460,stimulus,
9,261,213.0810998009,tap,rctrl
9,262,213.7081112552,stimulus,
9,262,213.7690740413,tap,lalt
9,263,214.4581480328,stimulus,
9,263,214.5050479384,tap,rctrl
9,264,215.2081565080,stimulus,
9,264,215.2410305439,tap,lalt
9,264,215.9450335943,tap,rctrl
9,265,215.9582725946,stimulus,
9,266,216.7082051820,stimulus,
9,266,216.7930580078,tap,lalt
9,267,217.4582873678,stimulus,
9,267,217.5290188423,tap,lalt
9,268,218.2082656745,stimulus,
9,268,218.3130172772,tap,lalt
9,269,218.9583655882,stimulus,
9,269,219.0489977056,tap,rctrl
9,270,219.7083563355,stimulus,
9,270,219.7529121166,tap,lalt
9,271,220.4583850267,stimulus,
9,271,220.5209249728,tap,rctrl
9,272,221.2083969231,stimulus,
9,272,221.2409132910,tap,lalt
9,273,221.9584781759,stimulus,
9,273,222.0889193546,tap,lalt
9,274,222.7084882061,stimulus,
9,274,222.7769349601,tap,rctrl
9,275,223.4584913940,stimulus,
9,275,223.5448989868,tap,lalt
9,276,224.2085378131,stimulus,
9,276,224.2968718364,tap,lalt
9,277,224.9585777009,stimulus,
9,277,225.0168613987,tap,lalt
9,278,225.7085939514,stimulus,
9,278,225.7688199416,tap,lalt
9,279,226.4586329061,stimulus,
9,279,226.5368374629,tap,lalt
9,280,227.2086329839,stimulus,
9,280,227.2568012110,tap,rctrl
9,281,227.9587070833,stimulus,
9,281,228.0248050477,tap,lalt
9,282,228.7087143145,stimulus,
9,282,228.7448058065,tap,rctrl
9,283,231.2311701059,probe1,1
9,284,231.9959776355,stimulus,
9,284,231.9977815259,tap,rctrl
9,285,232.7458890738,stimulus,
9,285,232.7767651456,tap,lalt
9,285,233.4647141938,tap,rctrl
9,286,233.4958692466,stimulus,
9,287,234.2459256181,stimulus,
9,287,234.2646994516,tap,lalt
9,288,234.9958880630,stimulus,
9,288,235.0967015865,tap,lalt
9,289,235.7459170652,stimulus,
9,289,235.8806838486,tap,lalt
9,290,236.4959550869,stimulus,
9,290,236.5846760135,tap,rctrl
9,291,237.2459931085,stimulus,
9,291,237.2725948932,tap,lalt
9,292,237.9960958214,stimulus,
9,292,238.0245898249,tap,rctrl
9,293,238.7460685298,stimulus,
9,293,238.8085975903,tap,rctrl
9,294,239.4960745168,stimulus,
9,294,239.5446053881,tap,rctrl
9,295,240.2461063182,stimulus,
9,295,240.3446149052,tap,rctrl
9,296,240.9961291001,stimulus,
9,296,241.1125776878,tap,rctrl
9,297,241.7462346121,stimulus,
9,297,241.8486769242,tap,rctrl
9,298,242.4962468195,stimulus,
9,298,242.5845565835,tap,rctrl
9,298,242.6164929074,tap,rctrl
9,299,243.2462652472,stimulus,
9,299,243.4325489624,tap,rctrl
9,300,243.9962643919,stimulus,
9,300,244.0405219090,tap,rctrl
9,301,244.7462778433,stimulus,
9,301,244.8085148602,tap,rctrl
9,302,245.4962919167,stimulus,
9,302,245.5124647269,tap,rctrl
9,303,246.2463059902,stimulus,
9,303,246.2484495096,tap,lalt
9,304,246.9963138433,stimulus,
9,304,247.0164325082,tap,rctrl
9,304,247.7364034096,tap,lalt
9,305,247.7463496879,stimulus,
9,306,248.4964153899,stimulus,
9,306,248.5204102420,tap,rctrl
9,306,249.2403743010,tap,rctrl
9,307,249.2464450142,stimulus,
9,307,249.9923832284,tap,rctrl
9,308,249.9964758825,stimulus,
9,309,250.7464656967,stimulus,
9,309,250.7924132725,tap,rctrl
9,310,251.4965329538,stimulus,
9,310,251.5444399278,tap,lalt
9,311,252.2465600899,stimulus,
9,311,252.3124055096,tap,lalt
9,312,252.9965729193,stimulus,
9,312,253.0643463246,tap,rctrl
9,313,253.7465717530,stimulus,
9,313,253.8322997767,tap,lalt
9,314,254.4966405652,stimulus,
9,314,254.5842828898,tap,rctrl
9,315,255.2466496624,stimulus,
9,315,255.2882843852,tap,lalt
9,316,255.9967430448,stimulus,
9,316,256.1362680556,tap,lalt
9,317,256.7467294379,stimulus,
9,317,256.8242625121,tap,lalt
9,318,257.4967400902,stimulus,
9,318,257.5762901004,tap,rctrl
9,319,258.2467722025,stimulus,
9,319,258.2962286562,tap,lalt
9,320,258.9967788116,stimulus,
9,320,259.0962434605,tap,lalt
9,321,259.7468246087,stimulus,
9,321,259.8001883510,tap,lalt
9,322,260.4968564100,stimulus,
9,322,260.5681869005,tap,lalt
9,323,263.6889502073,probe1,0
9,324,264.4541679665,stimulus,
9,324,264.4559830534,tap,rctrl
9,325,265.2040685192,stimulus,
9,325,265.3041340502,tap,lalt
9,326,265.9540661088,stimulus,
9,326,266.0401095024,tap,rctrl
9,326,266.6960880149,tap,rctrl
9,327,266.7040677417,stimulus,
9,328,267.4541577029,stimulus,
9,328,267.5280823743,tap,rctrl
9,329,268.2041804848,stimulus,
9,329,268.2801936259,tap,rctrl
9,330,268.9541895820,stimulus,
9,330,268.9840713370,tap,rctrl
9,331,269.7042045885,stimulus,
9,331,269.7360115300,tap,rctrl
9,332,270.4542581610,stimulus,
9,332,270.4560934639,tap,rctrl
9,333,271.2043123554,stimulus,
9,333,271.3039794755,tap,lalt
9,334,271.9543286060,stimulus,
9,334,272.0559999104,tap,lalt
9,335,272.7043373922,stimulus,
9,335,272.7439772610,tap,rctrl
9,335,273.4479280609,tap,lalt
9,336,273.4543595521,stimulus,
9,336,274.1679543230,tap,rctrl
9,337,274.2043608739,stimulus,
9,338,274.9544016947,stimulus,
9,338,275.0639507127,tap,lalt
9,339,275.7044664637,stimulus,
9,339,275.7359437286,tap,rctrl
9,340,276.4544631202,stimulus,
9,340,276.4719048740,tap,rctrl
9,341,277.2045067402,stimulus,
9,341,277.2718758252,tap,rctrl
9,342,277.9545304551,stimulus,
9,342,278.0718682364,tap,rctrl
9,343,278.7045687878,stimulus,
9,343,278.7438935978,tap,rctrl
9,344,279.4546158289,stimulus,
9,344,279.4798416806,tap,rctrl
9,345,280.2046205719,stimulus,
9,345,280.2318188844,tap,rctrl
9,346,280.9546455309,stimulus,
9,346,280.9998000170,tap,rctrl
9,347,281.7047333150,stimulus,
9,347,281.7998331712,tap,rctrl
9,348,282.4547588961,stimulus,
9,348,282.5198028286,tap,rctrl
9,349,283.2047477772,stimulus,
9,349,283.2558075162,tap,rctrl
9,350,283.9547926412,stimulus,
9,350,283.9917829684,tap,rctrl
9,351,284.7048088918,stimulus,
9,351,284.7757804703,tap,rctrl
9,352,285.4548319847,stimulus,
9,352,285.4956854364,tap,rctrl
9,353,286.2048936436,stimulus,
9,353,286.2318142192,tap,rctrl
9,354,286.9548576435,stimulus,
9,354,287.0317674425,tap,rctrl
9,355,287.7049196134,stimulus,
9,355,287.7197964216,tap,lalt
9,356,288.4549339978,stimulus,
9,356,288.5677259754,tap,lalt
9,357,289.2049614450,stimulus,
9,357,289.2716879718,tap,lalt
9,358,289.9550050649,stimulus,
9,358,289.9758297351,tap,lalt
9,359,293.3691512354,probe1,0
9,360,294.1343186100,stimulus,
9,360,294.1361284096,tap,rctrl
9,361,294.8842325364,stimulus,
9,361,294.9995776408,tap,lalt
9,362,295.6342478539,stimulus,
9,362,295.8155652724,tap,lalt
9,363,296.3842386012,stimulus,
9,363,296.4235587460,tap,rctrl
9,364,297.1342822211,stimulus,
9,364,297.2555378657,tap,lalt
9,365,297.8842882082,stimulus,
9,365,297.9434962443,tap,rctrl
9,366,298.6342907741,stimulus,
9,366,298.7595068910,tap,lalt
9,367,299.3843365711,stimulus,
9,367,299.4634710645,tap,rctrl
9,368,300.1343590420,stimulus,
9,368,300.3594830050,tap,lalt
9,369,300.8843824459,stimulus,
9,369,301.0634733038,tap,lalt
9,370,301.6343812796,stimulus,
9,370,301.7674275248,tap,lalt
9,371,302.3844833705,stimulus,
9,371,302.4874522319,tap,rctrl
9,372,303.1344613661,stimulus,
9,372,303.2554352305,tap,rctrl
9,373,303.8845183597,stimulus,
9,373,304.0074348275,tap,rctrl
9,374,304.6345206146,stimulus,
9,374,304.6793973638,tap,lalt
9,375,305.3845461956,stimulus,
9,375,305.4153585092,tap,lalt
9,376,306.1346000791,stimulus,
9,376,306.1833788297,tap,lalt
9,377,306.8846191288,stimulus,
9,377,306.8873330507,tap,rctrl
9,378,307.6346139193,stimulus,
9,378,307.6873574965,tap,rctrl
9,379,308.3846743340,stimulus,
9,379,308.4873119639,tap,rctrl
9,380,309.1347017812,stimulus,
9,380,309.2072890856,tap,lalt
9,381,309.8847547316,stimulus,
9,381,309.9112694319,tap,lalt
9,382,310.6347591635,stimulus,
9,382,310.6472604348,tap,lalt
9,383,311.3847766582,stimulus,
9,383,311.4312454961,tap,lalt
9,384,312.1348610211,stimulus,
9,384,312.2312590564,tap,rctrl
9,385,312.8848536345,stimulus,
9,385,312.9192581781,tap,rctrl
9,386,313.6348922782,stimulus,
9,386,313.6712039693,tap,rctrl
9,387,314.3848889348,stimulus,
9,387,314.4552300847,tap,rctrl
9,388,315.1349421962,stimulus,
9,388,315.2712034095,tap,lalt
9,389,315.8849715094,stimulus,
9,389,315.9911839523,tap,lalt
9,390,316.6350076650,stimulus,
9,390,316.6951555902,tap,rctrl
9,391,319.4010688983,probe1,0
9,392,320.1663283336,stimulus,
9,392,320.2791234212,tap,rctrl
9,393,320.9162699404,stimulus,
9,393,321.0951219383,tap,lalt
9,394,321.6662239878,stimulus,
9,394,321.8151270514,tap,lalt
9,395,322.4162598324,stimulus,
9,395,322.5511025036,tap,lalt
9,396,323.1662667525,stimulus,
9,396,323.3350754353,tap,lalt
9,397,323.9163181478,stimulus,
9,397,324.0230562070,tap,rctrl
9,398,324.6663350204,stimulus,
9,398,324.7590297931,tap,lalt
9,399,325.4163565582,stimulus,
9,399,325.4469698218,tap,rctrl
9,400,326.1663911587,stimulus,
9,400,326.2789791100,tap,lalt
9,401,326.9164332236,stimulus,
9,401,326.9829572792,tap,rctrl
9,402,327.6664740444,stimulus,
9,402,327.7509524075,tap,lalt
9,403,328.4165024245,stimulus,
9,403,328.4869707798,tap,rctrl
9,404,329.1665121438,stimulus,
9,404,329.2229204176,tap,lalt
9,405,329.9164450421,stimulus,
9,405,329.9909115027,tap,rctrl
9,406,330.6665869430,stimulus,
9,406,330.7908902292,tap,lalt
9,407,331.4165895089,stimulus,
9,407,331.5109143143,tap,rctrl
9,408,332.1666511677,stimulus,
9,408,332.3428878357,tap,lalt
9,409,332.9166244981,stimulus,
9,409,333.0148824066,tap,rctrl
9,410,333.6667048179,stimulus,
9,410,333.7508376427,tap,lalt
9,411,334.4167139151,stimulus,
9,411,334.5348584708,tap,rctrl
9,412,335.1667192801,stimulus,
9,412,335.2548446120,tap,rctrl
9,413,335.9167538806,stimulus,
9,413,336.0388147445,tap,lalt
9,414,336.6668786756,stimulus,
9,414,336.7588235898,tap,rctrl
9,415,337.4169107880,stimulus,
9,415,337.5267969469,tap,rctrl
9,416,338.1668828743,stimulus,
9,416,338.2947874100,tap,rctrl
9,417,338.9168888614,stimulus,
9,417,338.9987658902,tap,rctrl
9,418,339.6668957815,stimulus,
9,418,339.7667594633,tap,rctrl
9,419,340.4169285159,stimulus,
9,419,340.5027495332,tap,lalt
9,420,341.1669289046,stimulus,
9,420,341.2067230372,tap,lalt
9,421,341.9169603950,stimulus,
9,421,341.9747349603,tap,rctrl
9,422,342.6670071251,stimulus,
9,422,342.7266991014,tap,lalt
9,423,343.4170345722,stimulus,
9,423,343.5746547805,tap,lalt
9,424,344.1670862785,stimulus,
9,424,344.2306280058,tap,rctrl
9,425,344.9170767148,stimulus,
9,425,344.9666367366,tap,rctrl
9,426,345.6671318423,stimulus,
9,426,345.7186176726,tap,rctrl
9,427,346.4171387624,stimulus,
9,427,346.4386305611,tap,rctrl
9,428,347.1671655875,stimulus,
9,428,347.2066365749,tap,lalt
9,429,347.9171697085,stimulus,
9,429,348.0545698608,tap,lalt
9,430,348.6672422528,stimulus,
9,430,348.7428588490,tap,rctrl
9,431,349.4172980024,stimulus,
9,431,349.4465421754,tap,lalt
9,432,350.1672592032,stimulus,
9,432,350.2465308545,tap,rctrl
9,433,350.9173193069,stimulus,
9,433,350.9825072397,tap,lalt
9,434,351.6673551515,stimulus,
9,434,351.8145354998,tap,lalt
9,435,352.4173689139,stimulus,
9,435,352.4224804550,tap,lalt
9,436,353.1673571731,stimulus,
9,436,353.2225042788,tap,lalt
9,437,353.9174091904,stimulus,
9,437,353.9904882105,tap,lalt
9,438,354.6674643180,stimulus,
9,438,354.7104149477,tap,lalt
9,439,355.4174783914,stimulus,
9,439,355.4464414064,tap,lalt
9,440,356.1675297867,stimulus,
9,440,356.1984155000,tap,lalt
9,441,358.3838516978,probe1,1
9,442,359.1489509600,stimulus,
9,442,359.4624120565,tap,rctrl
9,443,359.8986751669,stimulus,
9,443,360.1663896036,tap,lalt
9,444,360.6487386919,stimulus,
9,444,360.8063872026,tap,rctrl
9,445,361.3987285061,stimulus,
9,445,361.4782971773,tap,lalt
9,446,362.1487348042,stimulus,
9,446,362.1823251089,tap,rctrl
9,447,362.8987868215,stimulus,
9,447,362.9502944229,tap,lalt
9,448,363.6487707265,stimulus,
9,448,363.7343180501,tap,lalt
9,449,364.3988093702,stimulus,
9,449,364.5023190877,tap,rctrl
9,450,365.1488287309,stimulus,
9,450,365.1902460538,tap,lalt
9,451,365.8989224243,stimulus,
9,451,365.9745135172,tap,rctrl
9,452,366.6489072623,stimulus,
9,452,366.7423095955,tap,rctrl
9,453,367.3989343984,stimulus,
9,453,367.4622154946,tap,rctrl
9,454,368.1489487829,stimulus,
9,454,368.2302345711,tap,rctrl
9,455,368.8990163510,stimulus,
9,455,369.0142168332,tap,rctrl
9,456,369.6490077203,stimulus,
9,456,369.6861535552,tap,lalt
9,456,370.3901625150,tap,rctrl
9,457,370.3990174396,stimulus,
9,458,371.1490305800,stimulus,
9,458,371.1581675957,tap,lalt
9,459,371.8991152540,stimulus,
9,459,371.9581413460,tap,rctrl
9,460,372.6491367918,stimulus,
9,460,372.6621101847,tap,lalt
9,460,373.3500996649,tap,lalt
9,461,373.3991496212,stimulus,
9,462,374.1491599625,stimulus,
9,462,374.1510080170,tap,lalt
9,463,374.8992063815,stimulus,
9,463,374.9501043924,tap,lalt
9,464,375.6492493794,stimulus,
9,464,375.7501011578,tap,lalt
9,465,376.3993125934,stimulus,
9,465,376.5181006403,tap,lalt
9,466,377.1492980534,stimulus,
9,466,377.1900435826,tap,rctrl
9,467,377.8993329649,stimulus,
9,467,377.9260100153,tap,lalt
9,468,378.6493837382,stimulus,
9,468,378.7099960097,tap,rctrl
9,469,379.3993953235,stimulus,
9,469,379.5579818572,tap,lalt
9,470,380.1494299240,stimulus,
9,470,380.2139980027,tap,rctrl
9,471,380.8994536389,stimulus,
9,471,381.0300052282,tap,lalt
9,472,381.6495053453,stimulus,
9,472,381.7339858855,tap,rctrl
9,473,382.3995131984,stimulus,
9,473,382.4539630072,tap,rctrl
9,474,383.1495135872,stimulus,
9,474,383.1899334831,tap,rctrl
9,475,383.8995668486,stimulus,
9,475,384.0219452594,tap,rctrl
9,476,384.6496306845,stimulus,
9,476,384.7099518455,tap,lalt
9,477,385.3996180107,stimulus,
9,477,385.4619296713,tap,rctrl
9,478,386.1496140452,stimulus,
9,478,386.1819083481,tap,rctrl
9,479,386.8996533109,stimulus,
9,479,387.0138933770,tap,rctrl
9,480,389.8074390573,probe1,2
9,481,390.5729662769,stimulus,
9,481,390.8698129210,tap,lalt
9,482,391.3228693178,stimulus,
9,482,391.4298163795,tap,rctrl
9,483,392.0728936548,stimulus,
9,483,392.1497521361,tap,lalt
9,484,392.8229176807,stimulus,
9,484,392.9337975345,tap,lalt
9,485,393.5729242898,stimulus,
9,485,393.6857918441,tap,lalt
9,486,394.3229476937,stimulus,
9,486,394.4377345252,tap,lalt
9,486,395.0456984524,tap,lalt
9,487,395.0729511926,stimulus,
9,488,395.8229637110,stimulus,
9,488,395.9417405614,tap,rctrl
9,489,396.5730415427,stimulus,
9,489,396.6296473114,tap,lalt
9,490,397.3230431755,stimulus,
9,490,397.4136473015,tap,lalt
9,491,398.0730681345,stimulus,
9,491,398.1656680475,tap,rctrl
9,492,398.8231465882,stimulus,
9,492,398.9176530267,tap,lalt
9,493,399.5731463549,stimulus,
9,493,399.7016822522,tap,rctrl
9,494,400.3231641606,stimulus,
9,494,400.3576449029,tap,lalt
9,495,401.0731704586,stimulus,
9,495,401.1736169837,tap,lalt
9,496,401.8232405149,stimulus,
9,496,401.8935682911,tap,lalt
9,497,402.5732673400,stimulus,
9,497,402.5815695899,tap,rctrl
9,498,403.3233118930,stimulus,
9,498,403.4455693187,tap,lalt
9,499,404.0733393401,stimulus,
9,499,404.1655430192,tap,rctrl
9,500,404.8233136035,stimulus,
9,500,404.9015421086,tap,lalt
9,501,405.5733491371,stimulus,
9,501,405.6215506428,tap,rctrl
9,502,406.3233759622,stimulus,
9,502,406.4055496998,tap,rctrl
9,503,407.0734217592,stimulus,
9,503,407.1735224350,tap,rctrl
9,504,407.8234582258,stimulus,
9,504,407.8454352088,tap,lalt
9,505,408.5734791416,stimulus,
9,505,408.6614638944,tap,rctrl
9,506,409.3234925930,stimulus,
9,506,409.4934641631,tap,lalt
9,507,410.0735825543,stimulus,
9,507,410.1495176304,tap,rctrl
9,508,410.8235820100,stimulus,
9,508,410.9174754368,tap,lalt
9,509,411.5736321613,stimulus,
9,509,411.6694657032,tap,rctrl
9,510,412.3236281958,stimulus,
9,510,412.4535210540,tap,lalt
9,511,413.0736942089,stimulus,
9,511,413.1253849984,tap,rctrl
9,512,413.8237362737,stimulus,
9,512,413.8773348328,tap,rctrl
9,513,414.5737910902,stimulus,
9,513,414.6613320238,tap,rctrl
9,514,415.3237609995,stimulus,
9,514,415.4453391672,tap,rctrl
9,515,416.0738027533,stimulus,
9,515,416.1013870362,tap,lalt
9,516,416.8238012760,stimulus,
9,516,416.8853699204,tap,rctrl
9,516,417.5732763594,tap,lalt
9,517,417.5738203257,stimulus,
9,518,418.3238627015,stimulus,
9,518,418.4213629760,tap,rctrl
9,519,419.0738621573,stimulus,
9,519,419.0772593805,tap,rctrl
9,520,419.8239101314,stimulus,
9,520,419.8772561459,tap,lalt
9,521,420.5739665030,stimulus,
9,521,420.6452770884,tap,rctrl
9,522,421.3240132331,stimulus,
9,522,421.4452576811,tap,rctrl
9,523,424.1969677225,probe1,4
9,524,424.9623042896,stimulus,
9,524,425.2531813006,tap,rctrl
9,525,425.7121930237,stimulus,
9,525,425.9091635454,tap,lalt
9,526,426.4622027430,stimulus,
9,526,426.5972261142,tap,rctrl
9,527,427.2122087300,stimulus,
9,527,427.3171767996,tap,lalt
9,528,427.9622430195,stimulus,
9,528,428.0691763965,tap,rctrl
9,529,428.7122779310,stimulus,
9,529,428.7891329912,tap,rctrl
9,530,429.4622997798,stimulus,
9,530,429.6211425904,tap,rctrl
9,531,430.2123079440,stimulus,
9,531,430.3731113968,tap,rctrl
9,532,430.9623493868,stimulus,
9,532,431.0130520799,tap,rctrl
9,533,431.7123563069,stimulus,
9,533,431.7810727114,tap,rctrl
9,534,432.4623915294,stimulus,
9,534,432.5810119390,tap,lalt
9,535,433.2124177325,stimulus,
9,535,433.3010145639,tap,rctrl
9,535,433.3329689267,tap,rctrl
9,536,433.9624454906,stimulus,
9,536,434.0369841068,tap,lalt
9,537,434.7124860004,stimulus,
9,537,434.8530140364,tap,rctrl
9,538,435.4625230890,stimulus,
9,538,435.5410380394,tap,lalt
9,539,436.2125315642,stimulus,
9,539,436.3409881525,tap,rctrl
9,540,436.9625866917,stimulus,
9,540,437.0449131380,tap,lalt
9,541,437.7126377760,stimulus,
9,541,437.8289569813,tap,rctrl
9,542,438.4626285233,stimulus,
9,542,438.5009524852,tap,rctrl
9,543,439.2127834868,stimulus,
9,543,439.2849319482,tap,rctrl
9,544,439.9627185623,stimulus,
9,544,440.0208871844,tap,lalt
9,545,440.7127267265,stimulus,
9,545,440.7888779584,tap,lalt
9,546,441.4627641261,stimulus,
9,546,441.5088672097,tap,rctrl
9,547,442.2127760224,stimulus,
9,547,442.3248616836,tap,lalt
9,548,445.0955128849,probe1,3
9,549,445.8610637417,stimulus,
9,549,445.9568490763,tap,rctrl
9,550,446.6109655385,stimulus,
9,550,446.6447580034,tap,lalt
9,550,447.3327540150,tap,rctrl
9,551,447.3609752578,stimulus,
9,552,448.1109983507,stimulus,
9,552,448.2767587698,tap,lalt
9,553,448.8610320181,stimulus,
9,553,449.0287437490,tap,lalt
9,554,449.6110348950,stimulus,
9,554,449.7326889505,tap,lalt
9,555,450.3610691845,stimulus,
9,555,450.4686936381,tap,lalt
9,556,451.1111184027,stimulus,
9,556,451.1886620514,tap,lalt
9,557,451.8611502040,stimulus,
9,557,451.9407235404,tap,lalt
9,558,452.6111748520,stimulus,
9,558,452.6446457268,tap,rctrl
9,559,453.3611805281,stimulus,
9,559,453.4126228162,tap,lalt
9,560,454.1112257031,stimulus,
9,560,454.1646186809,tap,rctrl
9,561,454.8612674569,stimulus,
9,561,454.9806293276,tap,lalt
9,562,455.6113493318,stimulus,
9,562,455.7326143068,tap,lalt
9,563,456.3613621612,stimulus,
9,563,456.4526044911,tap,rctrl
9,564,457.1113631720,stimulus,
9,564,457.2525903710,tap,lalt
9,565,457.8613996385,stimulus,
9,565,457.9245074991,tap,rctrl
9,566,458.6114242865,stimulus,
9,566,458.6445250528,tap,lalt
9,567,459.3614262304,stimulus,
9,567,459.4925647060,tap,rctrl
9,568,460.1114658071,stimulus,
9,568,460.1805448558,tap,rctrl
9,569,460.8614764594,stimulus,
9,569,460.9485207010,tap,rctrl
9,570,461.6114905328,stimulus,
9,570,461.7005125226,tap,rctrl
9,571,462.3615574789,stimulus,
9,571,462.4368705239,tap,rctrl
9,572,463.1114810469,stimulus,
9,572,463.1725119453,tap,rctrl
9,573,463.8616086410,stimulus,
9,573,463.8764319546,tap,lalt
9,573,464.6124400634,tap,rctrl
9,574,464.6130443667,stimulus,
9,575,465.3629921938,stimulus,
9,575,465.3804134206,tap,lalt
9,576,466.1130202630,stimulus,
9,576,466.1483961082,tap,rctrl
9,577,466.8630470881,stimulus,
9,577,466.9484025151,tap,lalt
9,578,467.6130558743,stimulus,
9,578,467.6683488463,tap,lalt
9,579,470.2989854983,probe1,2
9,580,471.0650193623,stimulus,
9,580,471.0923893554,tap,rctrl
9,581,471.8149133837,stimulus,
9,581,471.9243165355,tap,lalt
9,582,472.5649315004,stimulus,
9,582,472.6602767479,tap,rctrl
9,583,473.3149713881,stimulus,
9,583,473.4442953989,tap,rctrl
9,584,474.0649901268,stimulus,
9,584,474.1643089094,tap,rctrl
9,585,474.8149068524,stimulus,
9,585,474.9002778302,tap,rctrl
9,586,475.5650462651,stimulus,
9,586,475.6842507619,tap,rctrl
9,587,476.3150755783,stimulus,
9,587,476.4842549917,tap,rctrl
9,588,477.0650778332,stimulus,
9,588,477.1722248779,tap,lalt
9,589,477.8150788440,stimulus,
9,589,477.9722036045,tap,lalt
9,590,478.5651349046,stimulus,
9,590,478.6762293591,tap,lalt
9,591,479.3151772804,stimulus,
9,591,479.3801851351,tap,rctrl
9,592,480.0651938420,stimulus,
9,592,480.2121673649,tap,lalt
9,593,480.8152128917,stimulus,
9,593,480.8842524414,tap,rctrl
9,594,481.5652338075,stimulus,
9,594,481.6202257164,tap,rctrl
9,595,482.3152503691,stimulus,
9,595,482.4201450390,tap,rctrl
9,596,483.0652995873,stimulus,
9,596,483.1881087547,tap,lalt
9,597,483.8153509826,stimulus,
9,597,483.8760655783,tap,rctrl
9,598,484.5653830950,stimulus,
9,598,484.6600804971,tap,lalt
9,599,485.3153906371,stimulus,
9,599,485.4120377959,tap,lalt
9,600,486.0654193283,stimulus,
9,600,486.1480440386,tap,rctrl
9,601,486.8154663694,stimulus,
9,601,486.8840294432,tap,lalt
9,602,487.5654754666,stimulus,
9,602,487.6360616968,tap,rctrl
9,602,487.6680008198,tap,rctrl
9,603,488.3155875100,stimulus,
9,603,488.3400221381,tap,rctrl
9,604,489.0655720370,stimulus,
9,604,489.0919669963,tap,rctrl
9,605,489.8156035273,stimulus,
9,605,489.8759651202,tap,rctrl
9,606,490.5656160457,stimulus,
9,606,490.6279840001,tap,rctrl
9,606,491.2679246832,tap,lalt
9,607,491.3156136353,stimulus,
9,608,492.0656040716,stimulus,
9,608,492.0999000707,tap,lalt
9,609,492.8156815922,stimulus,
9,609,492.8518918922,tap,lalt
9,610,493.5657074842,stimulus,
9,610,493.6198758239,tap,lalt
9,611,496.6380164297,probe1,0
9,612,497.4040362980,stimulus,
9,612,497.4279027006,tap,rctrl
9,613,498.1539312525,stimulus,
9,613,498.2438066690,tap,lalt
9,614,498.9039866910,stimulus,
9,614,498.9797895855,tap,rctrl
9,615,499.6540147602,stimulus,
9,615,499.7479032107,tap,lalt
9,616,500.4040051964,stimulus,
9,616,500.4837953107,tap,rctrl
9,617,501.1540534816,stimulus,
9,617,501.2517863957,tap,lalt
9,618,501.9040694212,stimulus,
9,618,502.0517660553,tap,lalt
9,619,502.6540881599,stimulus,
9,619,502.7557202763,tap,lalt
9,620,503.4040739309,stimulus,
9,620,503.4596577025,tap,lalt
9,621,504.1540908035,stimulus,
9,621,504.2436999906,tap,lalt
9,622,504.9041524623,stimulus,
9,622,504.9957154494,tap,lalt
9,623,505.6541817755,stimulus,
9,623,505.7476733702,tap,lalt
9,624,506.4042188642,stimulus,
9,624,506.5156824941,tap,lalt
9,625,507.1542397800,stimulus,
9,625,507.2836322141,tap,lalt
9,626,507.9042697152,stimulus,
9,626,508.0516531567,tap,lalt
9,627,508.6542704150,stimulus,
9,627,508.7076531293,tap,rctrl
9,628,509.4042950630,stimulus,
9,628,509.4756227543,tap,lalt
9,629,510.1543361948,stimulus,
9,629,510.2436272130,tap,rctrl
9,630,510.9043779486,stimulus,
9,630,511.0595930734,tap,lalt
9,631,511.6543721171,stimulus,
9,631,511.7475573614,tap,rctrl
9,632,512.4044297327,stimulus,
9,632,512.4675646516,tap,rctrl
9,633,513.1544518926,stimulus,
9,633,513.1875601232,tap,rctrl
9,634,513.9044700092,stimulus,
9,634,514.0355515690,tap,rctrl
9,635,514.6545285579,stimulus,
9,635,514.6754860318,tap,rctrl
9,636,515.4045186832,stimulus,
9,636,515.5075236224,tap,rctrl
9,637,516.1545514176,stimulus,
9,637,516.2435136923,tap,rctrl
9,638,516.9046136984,stimulus,
9,638,516.9796695335,tap,rctrl
9,639,517.6546215516,stimulus,
9,639,517.7474497500,tap,rctrl
9,640,518.4046561521,stimulus,
9,640,518.4994518350,tap,lalt
9,640,519.1394077579,tap,rctrl
9,641,519.1546549858,stimulus,
9,642,519.9047010938,stimulus,
9,642,520.0354259187,tap,lalt
9,643,520.6547117461,stimulus,
9,643,520.7554005523,tap,rctrl
9,644,521.4047485237,stimulus,
9,644,521.5393756611,tap,lalt
9,645,522.1548167139,stimulus,
9,645,522.2433933293,tap,rctrl
9,646,522.9048186577,stimulus,
9,646,523.0433947599,tap,lalt
9,647,523.6549611806,stimulus,
9,647,523.7633852553,tap,rctrl
9,648,524.4049217594,stimulus,
9,648,524.4993635066,tap,lalt
9,649,525.1549557378,stimulus,
9,649,525.2833311510,tap,lalt
9,650,525.9049701223,stimulus,
9,650,526.0032818364,tap,rctrl
9,651,526.6549957033,stimulus,
9,651,526.7713012239,tap,lalt
9,652,527.4049985802,stimulus,
9,652,527.5073071556,tap,rctrl
9,653,528.1550328697,stimulus,
9,653,528.1792550741,tap,rctrl
9,654,528.9050503643,stimulus,
9,654,529.0432364530,tap,lalt
9,655,529.6550977164,stimulus,
9,655,529.7632630262,tap,rctrl
9,656,530.4051276517,stimulus,
9,656,530.4992431436,tap,lalt
9,657,531.1551578979,stimulus,
9,657,531.2832247837,tap,lalt
9,658,531.9051722824,stimulus,
9,658,531.9551814107,tap,rctrl
9,659,532.6551832457,stimulus,
9,659,532.7071555044,tap,lalt
9,660,533.4052187792,stimulus,
9,660,533.4912708812,tap,rctrl
9,661,536.5194952342,probe1,3
9,662,537.2857091762,stimulus,
9,662,537.5711185333,tap,rctrl
9,663,538.0354464458,stimulus,
9,663,538.1950764367,tap,lalt
9,664,538.7854773141,stimulus,
9,664,538.8510729882,tap,rctrl
9,665,539.5354951197,stimulus,
9,665,539.5870254252,tap,lalt
9,666,540.2855007957,stimulus,
9,666,540.4030363829,tap,lalt
9,667,541.0355139361,stimulus,
9,667,541.1229951547,tap,lalt
9,668,541.7855678196,stimulus,
9,668,541.8270737819,tap,rctrl
9,669,542.5355989989,stimulus,
9,669,542.5630078690,tap,lalt
9,670,543.2855925453,stimulus,
9,670,543.3630282716,tap,rctrl
9,671,544.0356554482,stimulus,
9,671,544.1149650434,tap,lalt
9,672,544.7856533489,stimulus,
9,672,544.9149642970,tap,rctrl
9,673,545.5357035001,stimulus,
9,673,545.7949632893,tap,rctrl
9,674,546.2857157075,stimulus,
9,674,546.4029520977,tap,rctrl
9,675,547.0357341352,stimulus,
9,675,547.1709375845,tap,rctrl
9,676,547.7857634484,stimulus,
9,676,547.8909031986,tap,lalt
9,677,548.5357856083,stimulus,
9,677,548.5949102922,tap,rctrl
9,678,549.2858519323,stimulus,
9,678,549.3948784442,tap,lalt
9,679,550.0360044077,stimulus,
9,679,550.0828355788,tap,rctrl
9,680,550.7859223774,stimulus,
9,680,550.8508173334,tap,lalt
9,681,551.5359560448,stimulus,
9,681,551.6348524682,tap,rctrl
9,682,552.2859887792,stimulus,
9,682,552.4508285922,tap,lalt
9,683,553.0359994315,stimulus,
9,683,553.0908078412,tap,rctrl
9,684,553.7861229824,stimulus,
9,684,553.9227844727,tap,lalt
9,685,554.5360698765,stimulus,
9,685,554.6427625275,tap,lalt
9,686,555.2861103863,stimulus,
9,686,555.4107803599,tap,lalt
9,687,556.0361138852,stimulus,
9,687,556.1467517688,tap,rctrl
9,688,556.7861158290,stimulus,
9,688,556.8667080525,tap,lalt
9,689,557.5361379889,stimulus,
9,689,557.5707114139,tap,rctrl
9,690,558.2861741445,stimulus,
9,690,558.4507427519,tap,lalt
9,691,559.0361819976,stimulus,
9,691,559.1387176143,tap,lalt
9,692,559.7862147320,stimulus,
9,692,559.8427054250,tap,rctrl
9,693,560.5362483994,stimulus,
9,693,560.6266820889,tap,rctrl
9,694,561.2862826889,stimulus,
9,694,561.4266975153,tap,rctrl
9,695,562.0363231987,stimulus,
9,695,562.0825858333,tap,lalt
9,696,562.7863105248,stimulus,
9,696,562.8506176614,tap,lalt
9,697,565.7409261982,probe1,4
9,698,566.5066499796,stimulus,
9,698,566.7065763934,tap,rctrl
9,699,567.2565614180,stimulus,
9,699,567.3625692126,tap,lalt
9,700,568.0065723813,stimulus,
9,700,568.1305400817,tap,lalt
9,701,568.7565786793,stimulus,
9,701,568.8825154194,tap,lalt
9,702,569.5066051934,stimulus,
9,702,569.5705453316,tap,rctrl
9,703,570.2566313965,stimulus,
9,703,570.3385333065,tap,lalt
9,704,571.0066479580,stimulus,
9,704,571.0905089552,tap,lalt
9,705,571.7566822475,stimulus,
9,705,571.8424715413,tap,rctrl
9,706,572.5066969430,stimulus,
9,706,572.5784311317,tap,rctrl
9,707,573.2567421180,stimulus,
9,707,573.3143997415,tap,rctrl
9,708,574.0067788956,stimulus,
9,708,574.0827167709,tap,rctrl
9,709,574.7568041656,stimulus,
9,709,574.8343611880,tap,lalt
9,710,575.5068564940,stimulus,
9,710,575.5863949966,tap,rctrl
9,711,576.2568624810,stimulus,
9,711,576.2903989801,tap,lalt
9,712,577.0068382996,stimulus,
9,712,577.0423870695,tap,rctrl
9,713,577.7568741441,stimulus,
9,713,577.8747521595,tap,lalt
9,714,578.5069501097,stimulus,
9,714,578.5463203280,tap,rctrl
9,715,579.2569766238,stimulus,
9,715,579.3623340849,tap,lalt
9,716,580.0069816778,stimulus,
9,716,580.0983058048,tap,rctrl
9,717,580.7570193884,stimulus,
9,717,580.8022985918,tap,lalt
9,718,581.5070253755,stimulus,
9,718,581.6022990894,tap,rctrl
9,719,582.2570823691,stimulus,
9,719,582.3702780448,tap,lalt
9,720,583.0071073281,stimulus,
9,720,583.1062740240,tap,rctrl
9,721,583.7571369523,stimulus,
9,721,583.9062511955,tap,lalt
9,722,584.5072418423,stimulus,
9,722,584.6262410688,tap,rctrl
9,723,585.2572039761,stimulus,
9,723,585.3622379810,tap,rctrl
9,724,586.0072239589,stimulus,
9,724,586.1302094721,tap,rctrl
9,725,586.7572672678,stimulus,
9,725,586.8662023411,tap,lalt
9,726,587.5073286156,stimulus,
9,726,587.6182066033,tap,rctrl
9,727,588.2573128316,stimulus,
9,727,588.3541976062,tap,lalt
9,728,589.0073132204,stimulus,
9,728,589.0901811448,tap,rctrl
9,729,589.7573860758,stimulus,
9,729,589.8421449749,tap,lalt
9,730,590.5073777561,stimulus,
9,730,590.6101475676,tap,rctrl
9,731,591.2574151557,stimulus,
9,731,591.3941730609,tap,rctrl
9,732,592.0074730824,stimulus,
9,732,592.0500738195,tap,lalt
9,733,592.7574569873,stimulus,
9,733,592.8820591595,tap,lalt
9,734,593.5075015403,stimulus,
9,734,593.6820780071,tap,lalt
9,735,594.2575355188,stimulus,
9,735,594.3220979991,tap,rctrl
9,736,595.0075539464,stimulus,
9,736,595.0580255549,tap,rctrl
9,737,595.7575627326,stimulus,
9,737,595.8260017112,tap,rctrl
9,738,596.5076324779,stimulus,
9,738,596.5619952023,tap,rctrl
9,739,597.2589873395,stimulus,
9,739,597.3140153262,tap,rctrl
9,740,598.0077103873,stimulus,
9,740,598.0979985214,tap,rctrl
9,741,598.7577026896,stimulus,
9,741,598.8820293020,tap,rctrl
9,742,599.5077425774,stimulus,
9,742,599.6019659917,tap,rctrl
9,743,600.2577709576,stimulus,
9,743,600.3539578132,tap,rctrl
9,744,601.0077878301,stimulus,
9,744,601.0899354425,tap,rctrl
9,745,601.7578305170,stimulus,
9,745,601.8098851948,tap,rctrl
9,746,602.5078421024,stimulus,
9,746,602.5618412496,tap,rctrl
9,747,603.2578953638,stimulus,
9,747,603.3298960928,tap,lalt
9,748,606.7745637773,probe1,4
9,749,607.5399429535,stimulus,
9,749,607.6338674819,tap,rctrl
9,750,608.2891281705,stimulus,
9,750,608.3697555386,tap,lalt
9,751,609.0391316694,stimulus,
9,751,609.0738092846,tap,rctrl
9,751,609.7457161491,tap,rctrl
9,752,609.7891333022,stimulus,
9,753,610.5391343130,stimulus,
9,753,610.7377242928,tap,lalt
9,754,611.2892115226,stimulus,
9,754,611.3937447924,tap,lalt
9,755,612.0392252851,stimulus,
9,755,612.1137617241,tap,lalt
9,755,612.7856950250,tap,lalt
9,756,612.7892657948,stimulus,
9,757,613.5392932420,stimulus,
9,757,613.6336961123,tap,lalt
9,758,614.2893359289,stimulus,
9,758,614.4016620051,tap,lalt
9,759,615.0393487583,stimulus,
9,759,615.1536905264,tap,rctrl
9,760,615.7893961104,stimulus,
9,760,615.8256894516,tap,lalt
9,761,616.5393691298,stimulus,
9,761,616.6576492883,tap,rctrl
9,762,617.2894419852,stimulus,
9,762,617.4096327124,tap,lalt
9,763,618.0394660111,stimulus,
9,763,618.1456290026,tap,rctrl
9,764,618.7895009226,stimulus,
9,764,618.8495614525,tap,lalt
9,765,619.5395078427,stimulus,
9,765,619.6655935592,tap,lalt
9,766,620.2895592380,stimulus,
9,766,620.4175685859,tap,lalt
9,767,621.0395593158,stimulus,
9,767,621.1375761872,tap,rctrl
9,768,621.7895945383,stimulus,
9,768,621.8255202591,tap,rctrl
9,769,622.5396005254,stimulus,
9,769,622.5935738583,tap,lalt
9,770,623.2896338818,stimulus,
9,770,623.3454988115,tap,rctrl
9,771,624.0396507544,stimulus,
9,771,624.1134762118,tap,rctrl
9,772,624.7896977955,stimulus,
9,772,624.8655840422,tap,rctrl
9,773,625.5396785903,stimulus,
9,773,625.5855054921,tap,rctrl
9,774,626.2897582880,stimulus,
9,774,626.3694790458,tap,rctrl
9,775,627.0397779598,stimulus,
9,775,627.0735324808,tap,lalt
9,776,627.7897858129,stimulus,
9,776,627.8734194577,tap,rctrl
9,777,628.5398403184,stimulus,
9,777,628.6413999682,tap,lalt
9,778,629.2898770960,stimulus,
9,778,629.4413967337,tap,lalt
9,779,630.0399076533,stimulus,
9,779,630.0813766047,tap,rctrl
9,780,630.7899481630,stimulus,
9,780,630.8493462297,tap,lalt
9,781,631.5399662797,stimulus,
9,781,631.6013769282,tap,rctrl
9,782,632.2900182970,stimulus,
9,782,632.3373620218,tap,lalt
9,783,633.0400258392,stimulus,
9,783,633.0893442019,tap,lalt
9,784,633.7900797226,stimulus,
9,784,633.8412610687,tap,lalt
9,785,634.5401581763,stimulus,
9,785,634.5933620567,tap,lalt
9,786,635.2901641634,stimulus,
9,786,635.4573033145,tap,lalt
9,787,636.0401748156,stimulus,
9,787,636.1292509221,tap,lalt
9,788,636.7902084831,stimulus,
9,788,636.8492289768,tap,lalt
9,789,637.5402129150,stimulus,
9,789,637.6492621311,tap,lalt
9,790,638.2902468935,stimulus,
9,790,638.3372628079,tap,lalt
9,791,639.0402426170,stimulus,
9,791,639.0571855018,tap,lalt
9,792,639.7902638438,stimulus,
9,792,639.8411770944,tap,lalt
9,793,640.5402710750,stimulus,
9,793,640.5931770024,tap,lalt
9,794,641.2903196711,stimulus,
9,794,641.3131926900,tap,lalt
9,795,644.5049182449,probe1,2
9,796,645.2707882037,stimulus,
9,796,645.3611061953,tap,rctrl
9,797,646.0205167648,stimulus,
9,797,646.0971021745,tap,lalt
9,798,646.7706456030,stimulus,
9,798,646.8650929486,tap,rctrl
9,799,647.5205688599,stimulus,
9,799,647.6171304894,tap,rctrl
9,800,648.2706183892,stimulus,
9,800,648.3691008508,tap,rctrl
9,801,649.0206797370,stimulus,
9,801,649.0890443829,tap,rctrl
9,802,649.7706823029,stimulus,
9,802,649.8570283145,tap,rctrl
9,803,650.5207262338,stimulus,
9,803,650.5770234751,tap,rctrl
9,804,651.2707969121,stimulus,
9,804,651.2809829834,tap,rctrl
9,805,652.0207441172,stimulus,
9,805,652.1129866733,tap,lalt
9,806,652.7707662771,stimulus,
9,806,652.8490128210,tap,rctrl
9,807,653.5208416206,stimulus,
9,807,653.6009178692,tap,lalt
9,808,654.2708746660,stimulus,
9,808,654.3689285482,tap,rctrl
9,809,655.0208769209,stimulus,
9,809,655.1049307477,tap,lalt
9,810,655.7708701563,stimulus,
9,810,655.8249744267,tap,rctrl
9,811,656.5209283939,stimulus,
9,811,656.5929101510,tap,lalt
9,812,657.2709185192,stimulus,
9,812,657.4088996486,tap,rctrl
9,813,658.0209549858,stimulus,
9,813,658.1128644442,tap,lalt
9,814,658.7709923854,stimulus,
9,814,658.8168842895,tap,rctrl
9,815,659.5210279189,stimulus,
9,815,659.6008270526,tap,lalt
9,816,660.2710363941,stimulus,
9,816,660.3368081031,tap,rctrl
9,817,661.0210678844,stimulus,
9,817,661.1048365100,tap,rctrl
9,818,661.7710984417,stimulus,
9,818,661.8408405756,tap,rctrl
9,819,662.5211109601,stimulus,
9,819,662.5927882329,tap,rctrl
9,820,663.2711639105,stimulus,
9,820,663.4247657975,tap,rctrl
9,821,664.0211733187,stimulus,
9,821,664.1127527896,tap,rctrl
9,822,664.7711973447,stimulus,
9,822,664.8487282417,tap,rctrl
9,823,665.5212157723,stimulus,
9,823,665.5687345989,tap,rctrl
9,824,666.2712572152,stimulus,
9,824,666.3367598957,tap,rctrl
9,825,667.0212781310,stimulus,
9,825,667.0887209267,tap,rctrl
9,826,667.7714433580,stimulus,
9,826,667.8407124372,tap,rctrl
9,827,668.5213855869,stimulus,
9,827,668.6247030968,tap,rctrl
9,828,669.2714121009,stimulus,
9,828,669.3286535856,tap,rctrl
9,829,670.0213810771,stimulus,
9,829,670.0326146489,tap,lalt
9,830,670.7714430470,stimulus,
9,830,670.7846472135,tap,rctrl
9,831,671.5214636518,stimulus,
9,831,671.6006152510,tap,rctrl
9,832,672.2714861226,stimulus,
9,832,672.3366280251,tap,rctrl
9,833,673.0215163689,stimulus,
9,833,673.1206087321,tap,rctrl
9,834,673.7715606109,stimulus,
9,834,673.7765405924,tap,rctrl
9,835,674.5215519802,stimulus,
9,835,674.5445176817,tap,rctrl
9,836,675.2715713409,stimulus,
9,836,675.3285397539,tap,rctrl
9,837,676.0216535268,stimulus,
9,837,676.0645239145,tap,rctrl
9,837,676.7525118396,tap,lalt
9,838,679.3672375565,probe1,3
9,839,680.1329187288,stimulus,
9,839,680.1605782775,tap,rctrl
9,840,680.8828827288,stimulus,
9,840,680.9924292587,tap,lalt
9,841,681.6329011564,stimulus,
9,841,681.7124247303,tap,rctrl
9,842,682.3829164740,stimulus,
9,842,682.4484387484,tap,lalt
9,843,683.1329134416,stimulus,
9,843,683.2164329436,tap,rctrl
9,844,683.8829374675,stimulus,
9,844,684.0004357328,tap,rctrl
9,845,684.6329646036,stimulus,
9,845,684.7523958308,tap,rctrl
9,846,685.3829942279,stimulus,
9,846,685.5043531296,tap,lalt
9,847,686.1330282063,stimulus,
9,847,686.2563713874,tap,rctrl
9,848,686.8830478780,stimulus,
9,848,687.0243574962,tap,rctrl
9,849,687.6331005174,stimulus,
9,849,687.7283232248,tap,lalt
9,850,688.3831102367,stimulus,
9,850,688.4163313660,tap,lalt
9,851,689.1331386168,stimulus,
9,851,689.1842817080,tap,rctrl
9,852,689.8831753944,stimulus,
9,852,689.9682524625,tap,rctrl
9,853,690.6332193254,stimulus,
9,853,690.7202536145,tap,rctrl
9,854,691.3832271785,stimulus,
9,854,691.4722740495,tap,rctrl
9,855,692.1331933556,stimulus,
9,855,692.2085278606,tap,rctrl
9,856,692.8832550144,stimulus,
9,856,692.9762318783,tap,lalt
9,857,693.6333328461,stimulus,
9,857,693.7441980821,tap,lalt
9,858,694.3833139519,stimulus,
9,858,694.4481862038,tap,rctrl
9,859,695.1332963017,stimulus,
9,859,695.2001705609,tap,lalt
9,860,695.8833878181,stimulus,
9,860,695.9521396783,tap,rctrl
9,861,696.6334022026,stimulus,
9,861,696.6561508152,tap,lalt
9,862,697.3834427123,stimulus,
9,862,697.4561621984,tap,rctrl
9,863,698.1334822891,stimulus,
9,863,698.2081664605,tap,lalt
9,864,698.8835280861,stimulus,
9,864,698.9600671545,tap,rctrl
9,865,699.6335234986,stimulus,
9,865,699.6640624295,tap,lalt
9,866,700.3835462805,stimulus,
9,866,700.4160673137,tap,rctrl
9,867,701.1335740387,stimulus,
9,867,701.2960918093,tap,lalt
9,868,704.3866956243,probe1,1
9,869,705.1519152495,stimulus,
9,869,705.2000287378,tap,rctrl
9,870,705.9018245107,stimulus,
9,870,705.9839904730,tap,lalt
9,871,706.6518388952,stimulus,
9,871,706.7039865666,tap,lalt
9,872,707.4018716296,stimulus,
9,872,707.4079295910,tap,lalt
9,873,708.1518586447,stimulus,
9,873,708.1759132117,tap,lalt
9,874,708.9018615216,stimulus,
9,874,708.9439033637,tap,lalt
9,875,709.6519903598,stimulus,
9,875,709.6798822371,tap,lalt
9,876,710.4019923036,stimulus,
9,876,710.4478801645,tap,lalt
9,877,711.1520107313,stimulus,
9,877,711.1839050681,tap,lalt
9,878,711.9020195175,stimulus,
9,878,711.9679010149,tap,lalt
9,878,712.1919846309,tap,rctrl
9,879,712.6520407443,stimulus,
9,879,712.7198729315,tap,rctrl
9,880,713.4021714486,stimulus,
9,880,713.4878773902,tap,lalt
9,881,714.1521413578,stimulus,
9,881,714.2718717820,tap,rctrl
9,882,714.9021392585,stimulus,
9,882,714.9597698236,tap,lalt
9,883,715.6521800793,stimulus,
9,883,715.7598421658,tap,rctrl
9,884,716.4021848223,stimulus,
9,884,716.4477405185,tap,lalt
9,885,717.1521992067,stimulus,
9,885,717.1997696619,tap,lalt
9,886,717.9022101700,stimulus,
9,886,717.9357849240,tap,lalt
9,887,718.6522544120,stimulus,
9,887,718.6877465770,tap,lalt
9,888,719.4022597770,stimulus,
9,888,719.4237145648,tap,lalt
9,889,720.1523071291,stimulus,
9,889,720.2557338055,tap,lalt
9,890,720.9023351983,stimulus,
9,890,720.9436784995,tap,lalt
9,891,721.6523778852,stimulus,
9,891,721.6796412000,tap,lalt
9,892,722.4023726757,stimulus,
9,892,722.4637385379,tap,lalt
9,893,723.1525002698,stimulus,
9,893,723.2156821520,tap,lalt
9,894,723.9024306801,stimulus,
9,894,724.0156624336,tap,lalt
9,895,724.6524649695,stimulus,
9,895,724.7516462832,tap,lalt
9,896,725.4024924167,stimulus,
9,896,725.4876347980,tap,lalt
9,897,726.1525351036,stimulus,
9,897,726.2075945029,tap,lalt
9,898,726.9025491770,stimulus,
9,898,727.0396146766,tap,lalt
9,899,727.6525862656,stimulus,
9,899,727.7755913728,tap,lalt
9,900,728.4026102916,stimulus,
9,900,728.5115873520,tap,rctrl
9,901,729.1526420929,stimulus,
9,901,729.2635984565,tap,rctrl
9,902,729.9026937993,stimulus,
9,902,730.0315786560,tap,lalt
9,903,730.6527106718,stimulus,
9,903,730.8155606071,tap,lalt
9,904,731.4027378080,stimulus,
9,904,731.4715049080,tap,lalt
9,905,732.1527565466,stimulus,
9,905,732.2555182717,tap,lalt
9,906,732.9028116742,stimulus,
9,906,732.9594305056,tap,lalt
9,907,733.6528151731,stimulus,
9,907,733.7274604676,tap,lalt
9,908,734.4028783870,stimulus,
9,908,734.4954686585,tap,lalt
9,909,735.1529052121,stimulus,
9,909,735.2314226506,tap,lalt
9,910,735.9029074670,stimulus,
9,910,736.0154235737,tap,rctrl
9,911,736.6529517089,stimulus,
9,911,736.7194639460,tap,rctrl
9,912,737.4393959704,stimulus,
9,912,737.4714094262,tap,lalt
9,913,738.1529674152,stimulus,
9,913,738.2554395848,tap,rctrl
9,914,738.9030275190,stimulus,
9,914,738.9593530627,tap,lalt
9,915,739.6530506119,stimulus,
9,915,739.6953409555,tap,rctrl
9,916,740.4031785170,stimulus,
9,916,740.4313879412,tap,lalt
9,917,741.1531838821,stimulus,
9,917,741.2633558643,tap,rctrl
9,918,743.7235463365,probe1,2
9,919,744.4894250037,stimulus,
9,919,744.5113435158,tap,rctrl
9,920,745.2394543169,stimulus,
9,920,745.3272334884,tap,lalt
9,921,745.9894431981,stimulus,
9,921,746.0152273228,tap,rctrl
9,922,746.7394376776,stimulus,
9,922,746.8312681380,tap,rctrl
9,923,747.4894890729,stimulus,
9,923,747.5832845298,tap,rctrl
9,924,748.2395081226,stimulus,
9,924,748.3512255413,tap,rctrl
9,925,748.9895781789,stimulus,
9,925,749.0552497408,tap,rctrl
9,926,749.7395770126,stimulus,
9,926,749.8391968582,tap,rctrl
9,927,750.4896116131,stimulus,
9,927,750.5751915934,tap,rctrl
9,928,751.2396312848,stimulus,
9,928,751.3111073305,tap,rctrl
9,929,751.9896204770,stimulus,
9,929,752.0151393054,tap,rctrl
9,930,752.7396497902,stimulus,
9,930,752.7991212566,tap,rctrl
9,931,753.4896663518,stimulus,
9,931,753.5671086094,tap,rctrl
9,932,754.2396760711,stimulus,
9,932,754.3191134936,tap,lalt
9,933,754.9896811251,stimulus,
9,933,755.0551290668,tap,rctrl
9,934,755.7396979977,stimulus,
9,934,755.8391023095,tap,lalt
9,935,756.4897388184,stimulus,
9,935,756.5590480186,tap,rctrl
9,936,757.2397628444,stimulus,
9,936,757.2950222267,tap,rctrl
9,937,757.9897529697,stimulus,
9,937,758.0950357870,tap,lalt
9,938,758.7397903693,stimulus,
9,938,758.8630268721,tap,lalt
9,939,759.4898451858,stimulus,
9,939,759.5830052378,tap,lalt
9,940,760.2398228704,stimulus,
9,940,760.3190018390,tap,rctrl
9,941,760.9898456523,stimulus,
9,941,761.0069390686,tap,rctrl
9,942,761.7398640800,stimulus,
9,942,761.7749385511,tap,rctrl
9,943,762.4899344472,stimulus,
9,943,762.5269229083,tap,rctrl
9,944,763.2399855316,stimulus,
9,944,763.3428996542,tap,lalt
9,945,763.9899797000,stimulus,
9,945,764.0949443484,tap,lalt
9,946,764.7399981277,stimulus,
9,946,764.8310208807,tap,rctrl
9,947,765.4900299290,stimulus,
9,947,765.6309454905,tap,lalt
9,948,766.2400813244,stimulus,
9,948,766.3829130528,tap,rctrl
9,949,766.9900733157,stimulus,
9,949,767.0548364011,tap,rctrl
9,950,767.7401107153,stimulus,
9,950,767.8548586699,tap,lalt
9,951,768.4901397175,stimulus,
9,951,768.5427990096,tap,rctrl
9,952,769.2401883137,stimulus,
9,952,769.3268067750,tap,rctrl
9,953,769.9902101626,stimulus,
9,953,770.0627956009,tap,rctrl
9,954,770.7402379207,stimulus,
9,954,770.7987881589,tap,rctrl
9,955,771.4902734542,stimulus,
9,955,771.5827956133,tap,rctrl
9,956,772.2402949921,stimulus,
9,956,772.2867563656,tap,rctrl
9,957,774.5544922624,probe1,1
9,958,775.3195510926,stimulus,
9,958,775.3213795532,tap,rctrl
9,959,776.0694401377,stimulus,
9,959,776.1907097780,tap,lalt
9,960,776.8195658658,stimulus,
9,960,776.8949659951,tap,rctrl
9,961,777.5695152480,stimulus,
9,961,777.6466657730,tap,lalt
9,962,778.3195227901,stimulus,
9,962,778.4146406853,tap,rctrl
9,963,779.0695592567,stimulus,
9,963,779.1506341763,tap,lalt
9,964,779.8195891920,stimulus,
9,964,779.9186380130,tap,rctrl
9,965,780.5696178831,stimulus,
9,965,780.6385886984,tap,lalt
9,966,781.3196624361,stimulus,
9,966,781.4386221637,tap,rctrl
9,967,782.0696640690,stimulus,
9,967,782.1745714905,tap,lalt
9,968,782.8197005355,stimulus,
9,968,782.9106181652,tap,rctrl
9,969,783.5697170971,stimulus,
9,969,783.6625294337,tap,lalt
9,970,784.3197647603,stimulus,
9,970,784.3825208621,tap,rctrl
9,971,785.0697548855,stimulus,
9,971,785.1345217031,tap,lalt
9,972,785.8197994385,stimulus,
9,972,785.9185400431,tap,rctrl
9,973,786.5698296848,stimulus,
9,973,786.6225182123,tap,lalt
9,974,787.3198617971,stimulus,
9,974,787.4384725652,tap,rctrl
9,975,788.0699063501,stimulus,
9,975,788.1264496047,tap,rctrl
9,976,788.8198977194,stimulus,
9,976,788.8784389382,tap,rctrl
9,977,789.5699540910,stimulus,
9,977,789.6464527273,tap,rctrl
9,978,790.3199669204,stimulus,
9,978,790.3344869938,tap,lalt
9,979,791.0700260911,stimulus,
9,979,791.1504301501,tap,rctrl
9,980,791.8200249248,stimulus,
9,980,791.8383645806,tap,lalt
9,981,792.5700579702,stimulus,
9,981,792.6383952467,tap,lalt
9,982,793.3201034562,stimulus,
9,982,793.4064090359,tap,lalt
9,983,794.0701330805,stimulus,
9,983,794.1103321553,tap,lalt
9,984,794.8201518191,stimulus,
9,984,794.9263558646,tap,lalt
9,985,795.5701969942,stimulus,
9,985,795.6623120338,tap,lalt
9,986,796.3202085795,stimulus,
9,986,796.4623311924,tap,rctrl
9,987,797.0703738065,stimulus,
9,987,797.1023396769,tap,lalt
9,988,797.8203023507,stimulus,
9,988,797.8542646301,tap,rctrl
9,989,798.5703220224,stimulus,
9,989,798.6702855403,tap,lalt
9,990,799.3203398281,stimulus,
9,990,799.3902682603,tap,rctrl
9,991,800.0703719404,stimulus,
9,991,800.1583010214,tap,lalt
9,992,800.8204833618,stimulus,
9,992,800.8942534584,tap,rctrl
9,993,801.5704542040,stimulus,
9,993,801.6622439214,tap,rctrl
9,994,802.3204654784,stimulus,
9,994,802.4462159201,tap,lalt
9,995,803.0704888823,stimulus,
9,995,803.1662023722,tap,lalt
9,996,803.8205157074,stimulus,
9,996,803.9342049649,tap,rctrl
9,997,804.5705366232,stimulus,
9,997,804.6701524256,tap,lalt
9,998,805.3205594051,stimulus,
9,998,805.5021380766,tap,lalt
9,999,806.0706036470,stimulus,
9,999,806.1741500644,tap,lalt
9,1000,806.8206111892,stimulus,
9,1000,806.9261166937,tap,lalt
9,1001,807.5706526320,stimulus,
9,1001,807.6621241804,tap,rctrl
9,1002,808.3206583080,stimulus,
9,1002,808.3501270343,tap,lalt
9,1002,809.0700696333,tap,rctrl
9,1003,809.0706981958,stimulus,
9,1004,812.1472795623,probe1,4
9,1005,812.9129837497,stimulus,
9,1005,812.9147963486,tap,rctrl
9,1006,813.6628877237,stimulus,
9,1006,813.7260086469,tap,lalt
9,1007,814.4129052183,stimulus,
9,1007,814.5419869479,tap,lalt
9,1008,815.1629395078,stimulus,
9,1008,815.2779804390,tap,lalt
9,1009,815.9129489160,stimulus,
9,1009,816.0459643707,tap,lalt
9,1010,816.6629816504,stimulus,
9,1010,816.7179110452,tap,lalt
9,1011,817.4130423762,stimulus,
9,1011,817.4219184498,tap,lalt
9,1012,818.1630471192,stimulus,
9,1012,818.2382640603,tap,rctrl
9,1013,818.9130475079,stimulus,
9,1013,819.0539189052,tap,lalt
9,1014,819.6630976592,stimulus,
9,1014,819.7419307785,tap,rctrl
9,1015,820.4131080005,stimulus,
9,1015,820.4939481033,tap,lalt
9,1016,821.1631419789,stimulus,
9,1016,821.2618804064,tap,rctrl
9,1017,821.9131883980,stimulus,
9,1018,822.6632214434,stimulus,
9,1018,822.7337952329,tap,lalt
9,1018,823.4057972682,tap,rctrl
9,1019,823.4132510676,stimulus,
9,1020,824.1633833270,stimulus,
9,1020,824.2218215996,tap,rctrl
9,1021,824.9133731413,stimulus,
9,1021,824.9898011771,tap,rctrl
9,1022,825.6633688648,stimulus,
9,1022,825.7418324976,tap,lalt
9,1023,826.4133751629,stimulus,
9,1023,826.4937857532,tap,rctrl
9,1024,827.1634716554,stimulus,
9,1024,827.2458024560,tap,lalt
9,1025,827.9134739103,stimulus,
9,1025,827.9976860441,tap,rctrl
9,1026,828.6634730550,stimulus,
9,1026,828.7496918613,tap,lalt
9,1027,829.4135157419,stimulus,
9,1027,829.5337055360,tap,lalt
9,1028,830.1636013489,stimulus,
9,1028,830.2057019731,tap,lalt
9,1029,830.9135230508,stimulus,
9,1029,830.9896941877,tap,rctrl
9,1030,831.6635704029,stimulus,
9,1030,831.7736630762,tap,lalt
9,1031,832.4135978500,stimulus,
9,1031,832.4936796969,tap,rctrl
9,1032,833.1636582648,stimulus,
9,1032,833.1976115247,tap,lalt
9,1033,833.9136359494,stimulus,
9,1033,833.9495974370,tap,rctrl
9,1034,834.6636683728,stimulus,
9,1034,834.7015796170,tap,lalt
9,1035,835.4136858674,stimulus,
9,1035,835.5016323653,tap,rctrl
9,1036,838.7410235461,probe1,5
9,1037,839.5061669724,stimulus,
9,1037,839.5079627764,tap,rctrl
9,1038,840.2559039310,stimulus,
9,1038,840.2694495926,tap,lalt
9,1039,841.0059571924,stimulus,
9,1039,841.0374627598,tap,rctrl
9,1040,841.7559417194,stimulus,
9,1040,841.7734515856,tap,rctrl
9,1041,842.5059791190,stimulus,
9,1041,842.5094606274,tap,rctrl
9,1041,843.2294421034,tap,lalt
9,1042,843.2559325445,stimulus,
9,1042,843.9654085361,tap,lalt
9,1043,844.0059742983,stimulus,
9,1043,844.7493970185,tap,lalt
9,1044,844.7559843285,stimulus,
9,1044,845.4853849113,tap,lalt
9,1045,845.5060251493,stimulus,
9,1045,846.1253433223,tap,lalt
9,1046,846.2561287953,stimulus,
9,1046,846.8614033707,tap,rctrl
9,1047,847.0061329162,stimulus,
9,1047,847.5973791339,tap,lalt
9,1048,847.7562664197,stimulus,
9,1048,848.3173770936,tap,rctrl
9,1049,848.5061859444,stimulus,
9,1049,849.0693486992,tap,lalt
9,1050,849.2562267652,stimulus,
9,1050,849.8053477885,tap,rctrl
9,1051,850.0062346183,stimulus,
9,1051,850.4773187222,tap,lalt
9,1052,850.7562490028,stimulus,
9,1053,851.5062696076,stimulus,
9,1053,851.5492871056,tap,lalt
9,1054,852.2563940916,stimulus,
9,1054,852.3492773397,tap,rctrl
9,1055,853.0063453399,stimulus,
9,1055,853.1173527100,tap,lalt
9,1056,853.7564293918,stimulus,
9,1056,853.7582180424,tap,rctrl
9,1057,854.5063591801,stimulus,
9,1057,854.6212701068,tap,lalt
9,1058,855.2564628260,stimulus,
9,1058,855.3572828808,tap,rctrl
9,1059,856.0064744113,stimulus,
9,1059,856.0451843436,tap,lalt
9,1060,856.7565217635,stimulus,
9,1060,856.8131794719,tap,rctrl
9,1061,857.5065109557,stimulus,
9,1061,857.6291627492,tap,lalt
9,1062,858.2566189558,stimulus,
9,1062,858.3651540631,tap,rctrl
9,1063,859.0066445369,stimulus,
9,1063,859.0371309061,tap,lalt
9,1063,859.7411364447,tap,rctrl
9,1064,859.7566016945,stimulus,
9,1065,860.5065513877,stimulus,
9,1065,860.5251314585,tap,lalt
9,1065,861.2130985456,tap,lalt
9,1066,861.2567427400,stimulus,
9,1066,861.9170664513,tap,lalt
9,1067,862.0067437508,stimulus,
9,1067,862.5250726766,tap,rctrl
9,1068,862.7568153622,stimulus,
9,1068,863.1810829127,tap,lalt
9,1069,863.5068723558,stimulus,
9,1069,863.9170798249,tap,rctrl
9,1070,864.2568326235,stimulus,
9,1071,865.0068404767,stimulus,
9,1071,865.0210902776,tap,rctrl
9,1072,865.7569954402,stimulus,
9,1072,865.7730186519,tap,rctrl
9,1073,866.5068767100,stimulus,
9,1073,866.5090049896,tap,rctrl
9,1074,867.2569004249,stimulus,
9,1074,867.3089970898,tap,rctrl
9,1075,868.0069042349,stimulus,
9,1075,868.0770220756,tap,rctrl
9,1076,870.6728570171,probe1,4
9,1077,871.4382038477,stimulus,
9,1077,871.5169240683,tap,rctrl
9,1078,872.1881292817,stimulus,
9,1078,872.2689724947,tap,lalt
9,1079,872.9381526856,stimulus,
9,1079,873.0209500095,tap,rctrl
9,1080,873.6881480982,stimulus,
9,1080,873.8369018743,tap,lalt
9,1081,874.4381758563,stimulus,
9,1081,874.5409033696,tap,rctrl
9,1082,875.1882788802,stimulus,
9,1082,875.2448112493,tap,rctrl
9,1083,875.9382780249,stimulus,
9,1083,876.0128318808,tap,rctrl
9,1084,876.6883023619,stimulus,
9,1084,876.7328348168,tap,rctrl
9,1085,877.4382868889,stimulus,
9,1085,877.5168220552,tap,rctrl
9,1086,878.1883003403,stimulus,
9,1086,878.2688350258,tap,rctrl
9,1087,878.9383452043,stimulus,
9,1087,879.0367797696,tap,lalt
9,1088,879.6883524354,stimulus,
9,1088,879.7728102715,tap,rctrl
9,1089,880.4383733512,stimulus,
9,1089,880.5567794710,tap,lalt
9,1089,881.1807249338,tap,rctrl
9,1090,881.1884480727,stimulus,
9,1091,881.9384372649,stimulus,
9,1091,881.9807546669,tap,lalt
9,1092,882.6885294033,stimulus,
9,1092,882.7167391385,tap,rctrl
9,1093,883.4385080209,stimulus,
9,1093,883.5007329082,tap,rctrl
9,1093,884.1886679607,tap,lalt
9,1094,884.1892355641,stimulus,
9,1095,884.9391958319,stimulus,
9,1095,885.0207089725,tap,rctrl
9,1096,885.6892590458,stimulus,
9,1096,885.7246435995,tap,rctrl
9,1097,886.4392908472,stimulus,
9,1097,886.4766239134,tap,lalt
9,1097,887.1646373418,tap,rctrl
9,1098,887.1892875037,stimulus,
9,1099,887.9393221042,stimulus,
9,1099,888.2046432760,tap,rctrl
9,1100,888.6893423980,stimulus,
9,1100,888.8286394343,tap,lalt
9,1101,889.4393371885,stimulus,
9,1101,889.5326499492,tap,rctrl
9,1102,890.1893758322,stimulus,
9,1102,890.3325950860,tap,rctrl
9,1103,890.9393843073,stimulus,
9,1103,891.0525700306,tap,lalt
9,1104,891.6893772317,stimulus,
9,1104,891.8525863900,tap,rctrl
9,1105,892.4393987696,stimulus,
9,1105,892.5885966759,tap,lalt
9,1106,893.1894414564,stimulus,
9,1106,893.2924911819,tap,rctrl
9,1107,893.9394769900,stimulus,
9,1107,894.0285014678,tap,lalt
9,1108,894.6895199879,stimulus,
9,1108,894.7645002462,tap,lalt
9,1109,895.4394936293,stimulus,
9,1109,895.4684830806,tap,lalt
9,1110,896.1894520310,stimulus,
9,1110,896.3485156626,tap,rctrl
9,1111,896.9395382600,stimulus,
9,1111,897.0044453457,tap,lalt
9,1112,897.6894795559,stimulus,
9,1112,897.7564312579,tap,rctrl
9,1113,898.4395527223,stimulus,
9,1113,898.5244335395,tap,lalt
9,1114,899.1895447136,stimulus,
9,1114,899.2763989248,tap,lalt
9,1115,899.9395351499,stimulus,
9,1115,900.0444142690,tap,lalt
9,1116,900.6895629080,stimulus,
9,1116,900.7803925203,tap,lalt
9,1117,901.4395804027,stimulus,
9,1117,901.6923887956,tap,rctrl
9,1117,902.1883348630,tap,lalt
9,1118,904.1157764831,probe1,4
9,1119,904.8814980874,stimulus,
9,1119,904.9403814233,tap,rctrl
9,1120,905.6313942860,stimulus,
9,1120,905.6763186205,tap,lalt
9,1121,906.3814291975,stimulus,
9,1121,906.4283228827,tap,rctrl
9,1121,907.0522680345,tap,rctrl
9,1122,907.1314482472,stimulus,
9,1122,907.8362247934,tap,rctrl
9,1123,907.8814038497,stimulus,
9,1123,908.5242220490,tap,rctrl
9,1124,908.6314910118,stimulus,
9,1124,909.2282325638,tap,rctrl
9,1125,909.3814864243,stimulus,
9,1125,909.9322368583,tap,rctrl
9,1126,910.1315337764,stimulus,
9,1126,910.6042298741,tap,rctrl
9,1127,910.8815304330,stimulus,
9,1127,911.3241942442,tap,rctrl
9,1128,911.6315976901,stimulus,
9,1129,912.3816142517,stimulus,
9,1129,912.4441722367,tap,lalt
9,1130,913.1316759106,stimulus,
9,1130,913.2122454299,tap,rctrl
9,1131,913.8817133102,stimulus,
9,1131,913.9801702686,tap,lalt
9,1132,914.6316993922,stimulus,
9,1132,914.7001221980,tap,rctrl
9,1133,915.3817137767,stimulus,
9,1133,915.4520922485,tap,lalt
9,1133,916.1240893075,tap,rctrl
9,1134,916.1317272281,stimulus,
9,1134,916.7960729929,tap,rctrl
9,1135,916.8818221656,stimulus,
9,1135,917.6280570888,tap,rctrl
9,1136,917.6317522649,stimulus,
9,1136,918.3640508909,tap,rctrl
9,1137,918.3817881094,stimulus,
9,1137,919.1000303862,tap,rctrl
9,1138,919.1318168006,stimulus,
9,1138,919.8360142358,tap,rctrl
9,1139,919.8818591765,stimulus,
9,1139,920.5720015066,tap,rctrl
9,1140,920.6319438505,stimulus,
9,1140,921.2920153281,tap,rctrl
9,1141,921.3819517036,stimulus,
9,1142,922.1319763516,stimulus,
9,1142,922.3000078065,tap,rctrl
9,1143,922.8820156173,stimulus,
9,1143,922.9400019843,tap,rctrl
9,1144,923.6320533280,stimulus,
9,1144,923.6600092745,tap,rctrl
9,1145,924.3820487405,stimulus,
9,1145,924.4599867570,tap,rctrl
9,1146,925.1320945375,stimulus,
9,1146,925.2280223172,tap,rctrl
9,1147,925.8821216736,stimulus,
9,1147,925.9639641797,tap,rctrl
9,1148,926.6321696478,stimulus,
9,1148,926.7479890510,tap,rctrl
9,1149,930.1481277018,probe1,3
9,1150,930.9134748433,stimulus,
9,1150,930.9718204333,tap,rctrl
9,1150,931.6598164448,tap,lalt
9,1151,931.6633035515,stimulus,
9,1152,932.4135272495,stimulus,
9,1152,932.4757592901,tap,lalt
9,1153,933.1635313704,stimulus,
9,1153,933.3078027900,tap,lalt
9,1154,933.9134959924,stimulus,
9,1154,933.9637875229,tap,lalt
9,1155,934.6635007354,stimulus,
9,1155,934.6998245561,tap,lalt
9,1156,935.4135490206,stimulus,
9,1156,935.4677839176,tap,rctrl
9,1157,936.1635534525,stimulus,
9,1157,936.2197321969,tap,lalt
9,1158,936.9135976945,stimulus,
9,1158,936.9717174871,tap,rctrl
9,1159,937.6635660487,stimulus,
9,1159,937.7236844274,tap,rctrl
9,1160,938.4135969170,stimulus,
9,1160,938.4916266830,tap,rctrl
9,1161,939.1636262302,stimulus,
9,1161,939.2436539603,tap,lalt
9,1162,939.9136661179,stimulus,
9,1162,939.9636907970,tap,rctrl
9,1163,940.6636699279,stimulus,
9,1163,940.6676173376,tap,rctrl
9,1164,941.4136930208,stimulus,
9,1164,941.5476511637,tap,rctrl
9,1165,942.1637630770,stimulus,
9,1165,942.2836536742,tap,rctrl
9,1166,942.9137843039,stimulus,
9,1166,943.0357338242,tap,rctrl
9,1167,943.6638111289,stimulus,
9,1167,943.7235690406,tap,rctrl
9,1168,944.4138006322,stimulus,
9,1168,944.4915274691,tap,lalt
9,1169,945.1639080103,stimulus,
9,1169,945.2915814614,tap,lalt
9,1170,945.9138769865,stimulus,
9,1170,946.0115682245,tap,lalt
9,1171,946.6638910600,stimulus,
9,1171,946.7635165039,tap,lalt
9,1172,947.4139346799,stimulus,
9,1172,947.5155207660,tap,rctrl
9,1173,948.1639714575,stimulus,
9,1173,948.2355224580,tap,lalt
9,1174,951.0289539955,probe1,2
9,1175,951.7942585280,stimulus,
9,1175,951.7960661505,tap,rctrl
9,1176,952.5441202038,stimulus,
9,1176,952.6197147178,tap,lalt
9,1177,953.2941684890,stimulus,
9,1177,953.3874420617,tap,rctrl
9,1178,954.0441838065,stimulus,
9,1178,954.1553989350,tap,lalt
9,1179,954.7942401781,stimulus,
9,1179,954.8753651712,tap,lalt
9,1180,955.5442312364,stimulus,
9,1180,955.5793448954,tap,lalt
9,1181,956.2942621046,stimulus,
9,1181,956.3793786717,tap,lalt
9,1182,957.0443253186,stimulus,
9,1182,957.1473710008,tap,rctrl
9,1183,957.7943397030,stimulus,
9,1183,957.8673714487,tap,lalt
9,1184,958.5443463121,stimulus,
9,1184,958.5873022291,tap,rctrl
9,1185,959.2944334742,stimulus,
9,1185,959.3712981759,tap,rctrl
9,1186,960.0444133360,stimulus,
9,1186,960.1553289565,tap,rctrl
9,1187,960.7944435822,stimulus,
9,1187,960.8752818190,tap,lalt
9,1188,961.5444971547,stimulus,
9,1188,961.5952831999,tap,rctrl
9,1189,962.2945190035,stimulus,
9,1189,962.3472871510,tap,rctrl
9,1190,963.0445293448,stimulus,
9,1190,963.0672166874,tap,lalt
9,1191,963.7945418632,stimulus,
9,1191,963.9152463881,tap,lalt
9,1192,964.5446150296,stimulus,
9,1192,964.6512268165,tap,lalt
9,1193,965.2946440318,stimulus,
9,1193,965.3391764867,tap,lalt
9,1194,966.0446571722,stimulus,
9,1194,966.1231705675,tap,rctrl
9,1195,966.7947045243,stimulus,
9,1195,966.9391952099,tap,lalt
9,1196,967.5447195308,stimulus,
9,1196,967.6591897484,tap,lalt
9,1197,968.2947892761,stimulus,
9,1197,968.3791625159,tap,rctrl
9,1198,969.0447526540,stimulus,
9,1198,969.0991439918,tap,rctrl
9,1199,969.7947990730,stimulus,
9,1199,969.8511532302,tap,lalt
9,1200,970.5449120495,stimulus,
9,1200,970.6030710300,tap,lalt
9,1201,971.2949513152,stimulus,
9,1201,971.4350924478,tap,lalt
9,1202,972.0449635225,stimulus,
9,1202,972.2030928633,tap,lalt
9,1203,972.7949104166,stimulus,
9,1203,972.8590430735,tap,rctrl
9,1204,973.5450140626,stimulus,
9,1204,973.6270624609,tap,rctrl
9,1205,974.2949824167,stimulus,
9,1205,974.3630469326,tap,lalt
9,1206,975.0450583823,stimulus,
9,1206,975.0829889095,tap,lalt
9,1207,975.7949807061,stimulus,
9,1207,975.8349723336,tap,lalt
9,1208,978.2832132761,probe1,3
9,1209,979.0493034340,stimulus,
9,1209,979.3549850977,tap,rctrl
9,1210,979.7992198485,stimulus,
9,1210,979.9469553596,tap,lalt
9,1211,980.5492152610,stimulus,
9,1211,980.6188967469,tap,rctrl
9,1211,981.2748565985,tap,lalt
9,1212,981.2992977579,stimulus,
9,1213,982.0492717104,stimulus,
9,1213,982.1068845476,tap,lalt
9,1214,982.7993305701,stimulus,
9,1214,982.9548489351,tap,lalt
9,1215,983.5493480647,stimulus,
9,1215,983.5948384476,tap,lalt
9,1216,984.2993204621,stimulus,
9,1216,984.3628273556,tap,lalt
9,1217,985.0493510193,stimulus,
9,1217,985.1468724429,tap,lalt
9,1218,985.7994030367,stimulus,
9,1218,985.8989376641,tap,lalt
9,1219,986.5494329719,stimulus,
9,1219,986.6028243947,tap,rctrl
9,1220,987.2994426912,stimulus,
9,1220,987.4188120262,tap,rctrl
9,1221,988.0494937755,stimulus,
9,1221,988.1547930767,tap,lalt
9,1222,988.7995327302,stimulus,
9,1222,988.9227720321,tap,rctrl
9,1223,989.5495303198,stimulus,
9,1223,989.6427637715,tap,lalt
9,1224,990.2995798491,stimulus,
9,1224,990.4267671828,tap,rctrl
9,1225,991.0495817929,stimulus,
9,1225,991.1787294578,tap,lalt
9,1226,991.7996310111,stimulus,
9,1226,991.9147450310,tap,lalt
9,1227,992.5496612574,stimulus,
9,1227,992.7307049821,tap,rctrl
9,1228,993.2996663114,stimulus,
9,1228,993.3867068209,tap,rctrl
9,1229,994.0497634260,stimulus,
9,1229,994.1546795560,tap,lalt
9,1230,994.7997013006,stimulus,
9,1230,994.8749225960,tap,rctrl
9,1231,995.5497511409,stimulus,
9,1231,995.5786528858,tap,lalt
9,1232,996.2997820092,stimulus,
9,1232,996.3306322667,tap,rctrl
9,1233,997.0498085233,stimulus,
9,1233,997.1145859154,tap,lalt
9,1234,997.7998922642,stimulus,
9,1234,997.9146299552,tap,rctrl
9,1235,998.5498945191,stimulus,
9,1235,998.6346164074,tap,rctrl
9,1236,999.2999014392,stimulus,
9,1236,999.4186064449,tap,rctrl
9,1237,1000.0499254651,stimulus,
9,1237,1000.1706365214,tap,rctrl
9,1238,1000.7999849468,stimulus,
9,1238,1000.8585187012,tap,lalt
9,1239,1001.5499616984,stimulus,
9,1239,1001.6267051040,tap,rctrl
9,1240,1002.3000227352,stimulus,
9,1240,1002.3625079426,tap,lalt
9,1241,1003.0500427180,stimulus,
9,1241,1003.1785512459,tap,rctrl
9,1242,1003.8000627007,stimulus,
9,1242,1003.8824933373,tap,lalt
9,1243,1004.5500870377,stimulus,
9,1243,1004.6184899385,tap,rctrl
9,1244,1005.3001325237,stimulus,
9,1244,1005.3704637211,tap,lalt
9,1245,1006.0501783208,stimulus,
9,1245,1006.1544550027,tap,rctrl
9,1246,1006.8001886621,stimulus,
9,1246,1006.8904397854,tap,lalt
9,1247,1007.5502478328,stimulus,
9,1247,1007.6744397754,tap,rctrl
9,1248,1008.3002510207,stimulus,
9,1248,1008.3944200073,tap,rctrl
9,1249,1009.0502762907,stimulus,
9,1249,1009.0983863579,tap,lalt
9,1250,1009.8002990726,stimulus,
9,1250,1009.9143926503,tap,rctrl
9,1251,1010.5503364722,stimulus,
9,1251,1010.6663661219,tap,lalt
9,1252,1011.3003626753,stimulus,
9,1252,1011.4183697621,tap,rctrl
9,1253,1012.0504995999,stimulus,
9,1253,1012.1383748752,tap,lalt
9,1254,1012.8004586236,stimulus,
9,1254,1012.8903670077,tap,rctrl
9,1255,1015.6400893486,probe1,4
9,1256,1016.4058859077,stimulus,
9,1256,1016.5382861735,tap,rctrl
9,1257,1017.1556493026,stimulus,
9,1257,1017.2582794680,tap,lalt
9,1258,1017.9056835920,stimulus,
9,1258,1017.9781981188,tap,rctrl
9,1259,1018.6556765164,stimulus,
9,1259,1018.6822220073,tap,lalt
9,1260,1019.4056753501,stimulus,
9,1260,1019.5142026820,tap,rctrl
9,1261,1020.1557062184,stimulus,
9,1261,1020.2982101364,tap,rctrl
9,1262,1020.9057302444,stimulus,
9,1262,1021.0182158716,tap,rctrl
9,1263,1021.6557754194,stimulus,
9,1263,1021.7541763950,tap,rctrl
9,1264,1022.4057988233,stimulus,
9,1264,1022.4901608666,tap,lalt
9,1265,1023.1558405771,stimulus,
9,1265,1023.2741393966,tap,lalt
9,1266,1023.9058530955,stimulus,
9,1266,1024.0581188596,tap,rctrl
9,1267,1024.6558792986,stimulus,
9,1267,1024.7781093549,tap,lalt
9,1268,1025.4059465557,stimulus,
9,1268,1025.5301120620,tap,rctrl
9,1269,1026.1559307717,stimulus,
9,1269,1026.2820880218,tap,rctrl
9,1270,1026.9059722145,stimulus,
9,1270,1027.0180731154,tap,rctrl
9,1271,1027.6559828668,stimulus,
9,1271,1027.7860558030,tap,lalt
9,1272,1028.4060081368,stimulus,
9,1272,1028.5380460695,tap,lalt
9,1273,1029.1560557999,stimulus,
9,1273,1029.2580446513,tap,rctrl
9,1274,1029.9061056402,stimulus,
9,1274,1030.0099574748,tap,lalt
9,1275,1030.6561141153,stimulus,
9,1275,1030.7780179164,tap,lalt
9,1276,1031.4061145041,stimulus,
9,1276,1031.5300193794,tap,lalt
9,1277,1032.1561898476,stimulus,
9,1277,1032.2500341340,tap,lalt
9,1278,1032.9061697094,stimulus,
9,1278,1033.0179770116,tap,rctrl
9,1279,1033.6562089751,stimulus,
9,1279,1033.7539680145,tap,lalt
9,1280,1034.4062264697,stimulus,
9,1280,1034.4900069139,tap,rctrl
9,1281,1035.1562623143,stimulus,
9,1281,1035.2898979340,tap,lalt
9,1282,1035.9063053122,stimulus,
9,1282,1036.0578927513,tap,rctrl
9,1283,1036.6563200077,stimulus,
9,1283,1036.7458800544,tap,lalt
9,1284,1037.4063384353,stimulus,
9,1284,1037.5138708284,tap,lalt
9,1285,1038.1563795671,stimulus,
9,1285,1038.2979093844,tap,rctrl
9,1286,1038.9063908415,stimulus,
9,1286,1039.0178463851,tap,lalt
9,1287,1039.6564182886,stimulus,
9,1287,1039.7378664269,tap,rctrl
9,1288,1040.4064762152,stimulus,
9,1288,1040.5378429763,tap,rctrl
9,1289,1041.1565027293,stimulus,
9,1289,1041.2898260894,tap,rctrl
9,1290,1041.9065307985,stimulus,
9,1290,1041.9937952392,tap,lalt
9,1291,1042.6565445609,stimulus,
9,1291,1042.7937851623,tap,rctrl
9,1292,1043.4065744962,stimulus,
9,1292,1043.5777549838,tap,lalt
9,1293,1044.1565938569,stimulus,
9,1293,1044.2337751724,tap,lalt
9,1294,1044.9066318785,stimulus,
9,1294,1045.0017255144,tap,lalt
9,1295,1045.6566412868,stimulus,
9,1295,1045.7376704871,tap,rctrl
9,1296,1046.4066892609,stimulus,
9,1296,1046.4736848162,tap,rctrl
9,1297,1047.1567649155,stimulus,
9,1297,1047.1937194758,tap,rctrl
9,1298,1047.9067388679,stimulus,
9,1298,1048.0257110360,tap,lalt
9,1299,1048.6567588506,stimulus,
9,1299,1048.7296717884,tap,lalt
9,1300,1049.4068186434,stimulus,
9,1300,1049.4657047784,tap,lalt
9,1301,1050.1568159220,stimulus,
9,1301,1050.2176707857,tap,lalt
9,1302,1054.3008820713,probe1,5
9,1303,1055.0661747852,stimulus,
9,1303,1055.2415480738,tap,rctrl
9,1304,1055.8160834243,stimulus,
9,1304,1055.9775431200,tap,lalt
9,1305,1056.5661569018,stimulus,
9,1305,1056.6174949996,tap,rctrl
9,1306,1057.3161442279,stimulus,
9,1306,1057.4014704195,tap,lalt
9,1307,1058.0660973423,stimulus,
9,1307,1058.1215060121,tap,lalt
9,1308,1058.8162062755,stimulus,
9,1308,1058.8734881921,tap,lalt
9,1309,1059.5662079083,stimulus,
9,1309,1059.6417613683,tap,lalt
9,1310,1060.3162117183,stimulus,
9,1310,1060.3614137897,tap,lalt
9,1311,1061.0662257917,stimulus,
9,1311,1061.0813921555,tap,lalt
9,1312,1061.8162485736,stimulus,
9,1312,1061.8813808345,tap,lalt
9,1313,1062.5662946817,stimulus,
9,1313,1062.6493824941,tap,rctrl
9,1314,1063.3163703362,stimulus,
9,1314,1063.4173667368,tap,rctrl
9,1315,1064.0663585954,stimulus,
9,1315,1064.1054006923,tap,rctrl
9,1316,1064.8164015933,stimulus,
9,1316,1064.8893826434,tap,rctrl
9,1317,1065.5664383709,stimulus,
9,1317,1065.6893507954,tap,lalt
9,1318,1066.3164275631,stimulus,
9,1318,1066.4413886472,tap,rctrl
9,1319,1067.0664848677,stimulus,
9,1319,1067.1453674385,tap,lalt
9,1320,1067.8165014293,stimulus,
9,1320,1067.9453483421,tap,rctrl
9,1321,1068.5665403840,stimulus,
9,1321,1068.6332762412,tap,lalt
9,1322,1069.3165911573,stimulus,
9,1322,1069.4493102141,tap,rctrl
9,1323,1070.0666027426,stimulus,
9,1323,1070.1532694113,tap,lalt
9,1324,1070.8166155720,stimulus,
9,1324,1070.9212461897,tap,rctrl
9,1325,1071.5666352437,stimulus,
9,1325,1071.6572334604,tap,rctrl
9,1326,1072.3166580256,stimulus,
9,1326,1072.4252354310,tap,rctrl
9,1327,1073.0666991574,stimulus,
9,1327,1073.1612852159,tap,rctrl
9,1328,1073.8167234944,stimulus,
9,1328,1073.9292430223,tap,rctrl
9,1329,1074.5667717796,stimulus,
9,1329,1074.6811987660,tap,rctrl
9,1330,1075.3167836759,stimulus,
9,1330,1075.4491705681,tap,lalt
9,1331,1076.0667974384,stimulus,
9,1331,1076.1531798389,tap,rctrl
9,1332,1076.8168395032,stimulus,
9,1332,1076.8891531139,tap,lalt
9,1333,1077.5668880994,stimulus,
9,1333,1077.6091265034,tap,rctrl
9,1334,1078.3168614298,stimulus,
9,1334,1078.4090971435,tap,lalt
9,1335,1079.0669255768,stimulus,
9,1335,1079.1931229479,tap,rctrl
9,1336,1079.8169797712,stimulus,
9,1336,1079.8490762682,tap,lalt
9,1337,1080.5669720736,stimulus,
9,1337,1080.6970795326,tap,lalt
9,1338,1081.3170558145,stimulus,
9,1338,1081.4330636932,tap,lalt
9,1339,1082.0670577584,stimulus,
9,1339,1082.1850583139,tap,rctrl
9,1340,1082.8170883157,stimulus,
9,1340,1082.9210424745,tap,lalt
9,1341,1083.5670933697,stimulus,
9,1341,1083.6570508943,tap,rctrl
9,1342,1084.3171233049,stimulus,
9,1342,1084.4250391802,tap,rctrl
9,1343,1085.0671949163,stimulus,
9,1343,1085.1770978701,tap,rctrl
9,1344,1085.8171875296,stimulus,
9,1344,1085.9130002336,tap,rctrl
9,1345,1086.5672339487,stimulus,
9,1345,1086.7129714957,tap,lalt
9,1346,1087.3173385277,stimulus,
9,1346,1087.3849750861,tap,rctrl
9,1347,1088.0673118581,stimulus,
9,1347,1088.1849059162,tap,lalt
9,1348,1091.0636763970,probe1,2
9,1349,1091.8285890498,stimulus,
9,1349,1091.8303997825,tap,rctrl
9,1350,1092.5784930238,stimulus,
9,1350,1092.6488671413,tap,lalt
9,1351,1093.3285226480,stimulus,
9,1351,1093.4488586195,tap,rctrl
9,1352,1094.0785516502,stimulus,
9,1352,1094.1688544021,tap,lalt
9,1353,1094.8285355551,stimulus,
9,1353,1095.0008114397,tap,lalt
9,1354,1095.5785611362,stimulus,
9,1354,1095.6087703906,tap,lalt
9,1355,1096.3285811189,stimulus,
9,1355,1096.3927439443,tap,lalt
9,1356,1097.0786191406,stimulus,
9,1356,1097.2087766731,tap,lalt
9,1357,1097.8286316590,stimulus,
9,1357,1097.9447857149,tap,rctrl
9,1358,1098.5786874085,stimulus,
9,1358,1098.6807599230,tap,rctrl
9,1359,1099.3287098794,stimulus,
9,1359,1099.4326970058,tap,lalt
9,1360,1100.0787687391,stimulus,
9,1360,1100.2167010391,tap,rctrl
9,1361,1100.8287846786,stimulus,
9,1361,1100.9207012904,tap,lalt
9,1362,1101.5787937758,stimulus,
9,1362,1101.6567507642,tap,rctrl
9,1363,1102.3288034951,stimulus,
9,1363,1102.4086355964,tap,lalt
9,1364,1103.0788300091,stimulus,
9,1364,1103.1446135367,tap,lalt
9,1365,1103.8288683418,stimulus,
9,1365,1103.8806154252,tap,lalt
9,1366,1104.5788976550,stimulus,
9,1366,1104.7126387091,tap,lalt
9,1367,1105.3289328776,stimulus,
9,1367,1105.4326257833,tap,lalt
9,1368,1106.0789559705,stimulus,
9,1368,1106.1366521599,tap,rctrl
9,1369,1106.8290095429,stimulus,
9,1369,1106.9046796337,tap,lalt
9,1370,1107.5790058885,stimulus,
9,1370,1107.6885819649,tap,rctrl
9,1371,1108.3290243161,stimulus,
9,1371,1108.3765515401,tap,lalt
9,1372,1109.0791270290,stimulus,
9,1372,1109.2085832214,tap,rctrl
9,1373,1109.8291299059,stimulus,
9,1373,1109.9285385720,tap,lalt
9,1374,1110.5791427353,stimulus,
9,1374,1110.6965312121,tap,rctrl
9,1375,1111.3291614740,stimulus,
9,1375,1111.3684716663,tap,lalt
9,1376,1112.0791649729,stimulus,
9,1376,1112.2164973239,tap,lalt
9,1377,1112.8291921090,stimulus,
9,1377,1112.9204953981,tap,rctrl
9,1378,1113.5792152019,stimulus,
9,1378,1113.7204725695,tap,lalt
9,1379,1116.8429679222,probe1,5
9,1380,1117.6085445933,stimulus,
9,1380,1117.9603800362,tap,lalt
9,1380,1118.0083146905,tap,rctrl
9,1381,1118.3584806018,stimulus,
9,1381,1118.5203950022,tap,rctrl
9,1382,1119.1084819236,stimulus,
9,1382,1119.2243638410,tap,lalt
9,1383,1119.8584823124,stimulus,
9,1383,1119.9763911183,tap,lalt
9,1384,1120.6085134917,stimulus,
9,1384,1120.7123258274,tap,lalt
9,1385,1121.3585356516,stimulus,
9,1385,1121.4803629427,tap,rctrl
9,1386,1122.1086172154,stimulus,
9,1386,1122.2643078830,tap,lalt
9,1387,1122.8586026754,stimulus,
9,1387,1123.0163087240,tap,lalt
9,1388,1123.6086285675,stimulus,
9,1388,1123.8002841438,tap,rctrl
9,1389,1124.3586513494,stimulus,
9,1389,1124.4722376607,tap,lalt
9,1390,1125.1086931032,stimulus,
9,1390,1125.2082479466,tap,rctrl
9,1391,1125.8587193063,stimulus,
9,1391,1125.9282266234,tap,lalt
9,1392,1126.6087237382,stimulus,
9,1392,1126.6962572074,tap,rctrl
9,1393,1127.3588255181,stimulus,
9,1393,1127.4322839771,tap,rctrl
9,1394,1128.1088613626,stimulus,
9,1394,1128.2002038396,tap,lalt
9,1395,1128.8588256736,stimulus,
9,1395,1128.9521993933,tap,rctrl
9,1396,1129.6088490775,stimulus,
9,1396,1129.6401316467,tap,lalt
9,1397,1130.3588637730,stimulus,
9,1397,1130.3922093085,tap,rctrl
9,1398,1131.1088775354,stimulus,
9,1398,1131.1601820436,tap,lalt
9,1399,1131.8589451036,stimulus,
9,1399,1131.8801034935,tap,lalt
9,1400,1132.6089240323,stimulus,
9,1400,1132.6320797643,tap,lalt
9,1401,1133.3589620539,stimulus,
9,1401,1133.4321169618,tap,lalt
9,1402,1134.1090296221,stimulus,
9,1402,1134.2161157077,tap,rctrl
9,1403,1134.8590343650,stimulus,
9,1403,1135.0000839742,tap,lalt
9,1404,1135.6090506156,stimulus,
9,1404,1135.7040661866,tap,rctrl
9,1405,1136.3590942355,stimulus,
9,1405,1136.4240716107,tap,rctrl
9,1406,1137.1091328792,stimulus,
9,1406,1137.2400760371,tap,rctrl
9,1407,1137.8591733890,stimulus,
9,1407,1137.9760518003,tap,rctrl
9,1408,1138.6091725337,stimulus,
9,1408,1138.7440354209,tap,rctrl
9,1409,1139.3592195748,stimulus,
9,1409,1139.4480428256,tap,rctrl
9,1410,1140.1093387715,stimulus,
9,1410,1140.1199506232,tap,lalt
9,1411,1140.8593382273,stimulus,
9,1411,1140.9519135700,tap,lalt
9,1412,1141.6093302186,stimulus,
9,1412,1141.7359315990,tap,rctrl
9,1413,1142.3593666852,stimulus,
9,1413,1142.4879022714,tap,rctrl
9,1414,1143.1093664519,stimulus,
9,1414,1143.2239184666,tap,lalt
9,1415,1143.8593954541,stimulus,
9,1415,1143.9279075214,tap,lalt
9,1416,1144.6093519897,stimulus,
9,1416,1144.6638783083,tap,lalt
9,1417,1145.3593996528,stimulus,
9,1417,1145.4638859593,tap,lalt
9,1418,1146.1094731303,stimulus,
9,1418,1146.2478763079,tap,rctrl
9,1419,1146.8594735190,stimulus,
9,1419,1146.9678273042,tap,rctrl
9,1420,1147.6095224262,stimulus,
9,1420,1147.7198595578,tap,rctrl
9,1421,1149.9449639269,probe1,4
9,1422,1150.7098134435,stimulus,
9,1422,1150.7115927637,tap,rctrl
9,1422,1151.4477694429,tap,lalt
9,1423,1151.4596856939,stimulus,
9,1424,1152.2097336680,stimulus,
9,1424,1152.3117250075,tap,rctrl
9,1424,1152.9516781312,tap,lalt
9,1425,1152.9597651584,stimulus,
9,1426,1153.7097198278,stimulus,
9,1426,1153.8157413072,tap,rctrl
9,1427,1154.4597777545,stimulus,
9,1427,1154.5997344549,tap,lalt
9,1428,1155.2098120440,stimulus,
9,1428,1155.3677277171,tap,rctrl
9,1429,1155.9598584630,stimulus,
9,1429,1156.1196797286,tap,lalt
9,1430,1156.7098619620,stimulus,
9,1430,1156.8397069238,tap,rctrl
9,1431,1157.4598869210,stimulus,
9,1431,1157.5436110713,tap,lalt
9,1432,1158.2099162342,stimulus,
9,1432,1158.3116572061,tap,rctrl
9,1433,1158.9599582990,stimulus,
9,1433,1159.0635936669,tap,lalt
9,1434,1159.7099810809,stimulus,
9,1434,1159.7996151493,tap,lalt
9,1435,1160.4600265670,stimulus,
9,1435,1160.5357445542,tap,lalt
9,1436,1161.2100496599,stimulus,
9,1436,1161.2715533020,tap,lalt
9,1437,1161.9600553359,stimulus,
9,1437,1162.0075399507,tap,lalt
9,1438,1162.7100998889,stimulus,
9,1438,1162.7595174655,tap,lalt
9,1439,1163.4601428868,stimulus,
9,1439,1163.4795116931,tap,lalt
9,1440,1164.2101619365,stimulus,
9,1440,1164.2795376940,tap,lalt
9,1441,1164.9601551719,stimulus,
9,1441,1165.0635037833,tap,lalt
9,1442,1165.7101403209,stimulus,
9,1442,1165.7835144947,tap,lalt
9,1443,1166.4602539193,stimulus,
9,1443,1166.5514993595,tap,lalt
9,1444,1167.2102835436,stimulus,
9,1444,1167.2874654812,tap,lalt
9,1445,1167.9603165890,stimulus,
9,1445,1168.0714483653,tap,lalt
9,1446,1168.7103539886,stimulus,
9,1446,1168.8235649041,tap,rctrl
9,1447,1169.4603724163,stimulus,
9,1447,1169.5754391618,tap,lalt
9,1448,1170.2104116820,stimulus,
9,1448,1170.3434352231,tap,rctrl
9,1449,1170.9604223343,stimulus,
9,1449,1171.1114160446,tap,rctrl
9,1450,1171.7104550687,stimulus,
9,1450,1171.8313810367,tap,rctrl
9,1451,1172.4604657210,stimulus,
9,1451,1172.5834160894,tap,rctrl
9,1452,1173.2104909910,stimulus,
9,1452,1173.2873930145,tap,rctrl
9,1453,1173.9605933928,stimulus,
9,1453,1174.0393500023,tap,lalt
9,1454,1174.7106382568,stimulus,
9,1454,1174.7913101003,tap,rctrl
9,1455,1175.4606482871,stimulus,
9,1455,1175.5594246585,tap,lalt
9,1456,1176.2106241056,stimulus,
9,1456,1176.3273308363,tap,rctrl
9,1457,1176.9606975831,stimulus,
9,1457,1177.0792781826,tap,lalt
9,1458,1177.7107057472,stimulus,
9,1458,1177.8312724923,tap,rctrl
9,1459,1178.4607817128,stimulus,
9,1459,1178.5832612036,tap,lalt
9,1460,1179.2107217645,stimulus,
9,1460,1179.3512581980,tap,lalt
9,1461,1179.9607899547,stimulus,
9,1461,1180.0872815465,tap,rctrl
9,1462,1180.7107782139,stimulus,
9,1462,1180.8232526445,tap,lalt
9,1463,1183.1481295678,probe1,4
9,1464,1183.9140530213,stimulus,
9,1465,1184.6639775223,stimulus,
9,1465,1184.8231748906,tap,rctrl
9,1466,1185.4139900407,stimulus,
9,1466,1185.5431501462,tap,lalt
9,1467,1186.1640218420,stimulus,
9,1467,1186.2631045637,tap,rctrl
9,1468,1186.9140256519,stimulus,
9,1468,1187.0151131801,tap,lalt
9,1469,1187.6640723820,stimulus,
9,1469,1187.7351105178,tap,rctrl
9,1470,1188.4140886326,stimulus,
9,1470,1188.5190902919,tap,lalt
9,1471,1189.1641101704,stimulus,
9,1471,1189.2394107748,tap,rctrl
9,1472,1189.9141292201,stimulus,
9,1472,1189.9910589241,tap,rctrl
9,1473,1190.6641610215,stimulus,
9,1473,1190.7430379940,tap,rctrl
9,1474,1191.4142121058,stimulus,
9,1474,1191.5271101396,tap,rctrl
9,1475,1192.1642407970,stimulus,
9,1475,1192.2950869180,tap,lalt
9,1476,1192.9142418078,stimulus,
9,1476,1193.0150102340,tap,rctrl
9,1477,1193.6642636566,stimulus,
9,1477,1193.7350212564,tap,rctrl
9,1478,1194.4143125638,stimulus,
9,1478,1194.4710010627,tap,rctrl
9,1479,1195.1644146547,stimulus,
9,1479,1195.2389831283,tap,rctrl
9,1480,1195.9144284171,stimulus,
9,1480,1195.9749601356,tap,rctrl
9,1481,1196.6644393804,stimulus,
9,1481,1196.7269006395,tap,lalt
9,1482,1197.4144444344,stimulus,
9,1482,1197.4949050983,tap,lalt
9,1483,1198.1645004950,stimulus,
9,1483,1198.2789473864,tap,rctrl
9,1484,1198.9144909313,stimulus,
9,1484,1199.0628764649,tap,lalt
9,1485,1199.6645211775,stimulus,
9,1485,1199.7348940510,tap,rctrl
9,1486,1200.4145181451,stimulus,
9,1486,1200.4868886717,tap,rctrl
9,1487,1201.1645515015,stimulus,
9,1487,1201.2068300266,tap,rctrl
9,1488,1201.9145730394,stimulus,
9,1488,1201.9748049388,tap,rctrl
9,1489,1202.6646210135,stimulus,
9,1489,1202.7908358015,tap,rctrl
9,1490,1203.4146702317,stimulus,
9,1490,1203.5428117612,tap,rctrl
9,1491,1204.1646911475,stimulus,
9,1491,1204.2788040082,tap,rctrl
9,1492,1204.9147036659,stimulus,
9,1492,1205.0307905425,tap,rctrl
9,1493,1205.6647559943,stimulus,
9,1493,1205.8147780919,tap,rctrl
9,1494,1206.4147510958,stimulus,
9,1494,1206.5187609264,tap,lalt
9,1495,1207.1648084004,stimulus,
9,1495,1207.2386848644,tap,lalt
9,1496,1207.9148171866,stimulus,
9,1496,1208.0227644744,tap,rctrl
9,1497,1208.6648642277,stimulus,
9,1497,1208.7747830433,tap,lalt
9,1498,1209.4148873206,stimulus,
9,1498,1209.5107242838,tap,rctrl
9,1499,1210.1649132127,stimulus,
9,1499,1210.3266745934,tap,lalt
9,1500,1210.9149126684,stimulus,
9,1500,1210.9986800499,tap,rctrl
9,1501,1211.6649385604,stimulus,
9,1501,1211.6865958194,tap,lalt
9,1502,1212.4149622754,stimulus,
9,1502,1212.4705964315,tap,rctrl
9,1503,1213.1649984309,stimulus,
9,1503,1213.2225736353,tap,lalt
9,1504,1213.9150526254,stimulus,
9,1504,1213.9425737721,tap,lalt
9,1505,1216.8091795005,probe1,5
9,1506,1217.5743204387,stimulus,
9,1506,1217.5761420570,tap,rctrl
9,1507,1218.3242073068,stimulus,
9,1507,1218.3905369777,tap,lalt
9,1508,1219.0742555920,stimulus,
9,1508,1219.2225313372,tap,rctrl
9,1509,1219.8242783739,stimulus,
9,1509,1219.8944497092,tap,lalt
9,1510,1220.5743338124,stimulus,
9,1510,1220.6144237208,tap,lalt
9,1511,1221.3243242487,stimulus,
9,1511,1221.3824903826,tap,lalt
9,1512,1222.0743625813,stimulus,
9,1512,1222.0864352731,tap,lalt
9,1513,1222.8243579939,stimulus,
9,1513,1222.9184557579,tap,lalt
9,1514,1223.5744196527,stimulus,
9,1514,1223.6864393786,tap,lalt
9,1515,1224.3244396355,stimulus,
9,1515,1224.3743853166,tap,lalt
9,1516,1225.0744673936,stimulus,
9,1516,1225.1583958812,tap,lalt
9,1517,1225.8244805340,stimulus,
9,1517,1225.8464164629,tap,lalt
9,1518,1226.5745076701,stimulus,
9,1518,1226.6624028504,tap,lalt
9,1519,1227.3245652857,stimulus,
9,1519,1227.4783926590,tap,lalt
9,1520,1228.0745936659,stimulus,
9,1520,1228.1984071026,tap,rctrl
9,1521,1228.8245946767,stimulus,
9,1521,1228.9503572480,tap,rctrl
9,1522,1229.5746429619,stimulus,
9,1522,1229.6863333222,tap,lalt
9,1523,1230.3246859598,stimulus,
9,1523,1230.3582666231,tap,rctrl
9,1524,1231.0746813723,stimulus,
9,1524,1231.0782624057,tap,rctrl
9,1525,1231.8247352558,stimulus,
9,1525,1231.8462438493,tap,rctrl
9,1526,1232.5747567936,stimulus,
9,1526,1232.7102796559,tap,lalt
9,1527,1233.3248579514,stimulus,
9,1527,1233.4302797927,tap,lalt
9,1528,1234.0748676706,stimulus,
9,1528,1234.0862222275,tap,rctrl
9,1529,1234.8248266943,stimulus,
9,1529,1234.9502287986,tap,lalt
9,1530,1235.5748936404,stimulus,
9,1530,1235.6702028102,tap,rctrl
9,1531,1236.3249266859,stimulus,
9,1531,1236.3741669836,tap,lalt
9,1532,1237.0750101158,stimulus,
9,1532,1237.1581616864,tap,rctrl
9,1533,1237.8250304095,stimulus,
9,1533,1237.9581824001,tap,lalt
9,1534,1238.5750363966,stimulus,
9,1534,1238.7421649732,tap,rctrl
9,1535,1239.3250386515,stimulus,
9,1535,1239.4301550755,tap,rctrl
9,1536,1240.0750670316,stimulus,
9,1536,1240.1661264844,tap,rctrl
9,1537,1240.8250730187,stimulus,
9,1537,1240.9501071915,tap,rctrl
9,1538,1241.5751032649,stimulus,
9,1538,1241.6861090800,tap,rctrl
9,1539,1242.3251089410,stimulus,
9,1539,1242.4381307590,tap,rctrl
9,1540,1243.0751488287,stimulus,
9,1540,1243.1901232026,tap,rctrl
9,1541,1243.8251619691,stimulus,
9,1541,1243.9421144021,tap,rctrl
9,1542,1244.5751931485,stimulus,
9,1542,1244.7580541372,tap,lalt
9,1543,1245.3252274379,stimulus,
9,1543,1245.4140516217,tap,rctrl
9,1544,1246.0752844315,stimulus,
9,1544,1246.1820234238,tap,lalt
9,1545,1246.8252773559,stimulus,
9,1545,1246.9179988760,tap,lalt
9,1546,1247.5753013819,stimulus,
9,1546,1247.7339771771,tap,lalt
9,1547,1248.3253328722,stimulus,
9,1547,1248.3419143569,tap,lalt
9,1548,1249.0753774252,stimulus,
9,1548,1249.1259339409,tap,lalt
9,1549,1249.8254891575,stimulus,
9,1549,1249.9099333089,tap,lalt
9,1550,1250.5754214339,stimulus,
9,1550,1250.6619559210,tap,lalt
9,1551,1251.3254734512,stimulus,
9,1551,1251.4139660925,tap,rctrl
9,1552,1252.0754766392,stimulus,
9,1552,1252.1659125057,tap,lalt
9,1553,1252.8255208811,stimulus,
9,1553,1252.9018711630,tap,rctrl
9,1554,1253.5755576587,stimulus,
9,1554,1253.6539338961,tap,rctrl
9,1555,1254.3255823067,stimulus,
9,1555,1254.3738369961,tap,rctrl
9,1556,1257.0133148880,probe1,5
9,1557,1257.7780903830,stimulus,
9,1557,1257.7818602029,tap,rctrl
9,1557,1258.5177607003,tap,lalt
9,1558,1258.5277315488,stimulus,
9,1559,1259.2777701925,stimulus,
9,1559,1259.4138208482,tap,rctrl
9,1560,1260.0278007497,stimulus,
9,1560,1260.1817739893,tap,lalt
9,1561,1260.7778263308,stimulus,
9,1561,1260.8057455774,tap,lalt
9,1562,1261.5278369830,stimulus,
9,1562,1261.5577545048,tap,lalt
9,1563,1262.2779459163,stimulus,
9,1563,1262.3098069744,tap,lalt
9,1564,1263.0279273331,stimulus,
9,1564,1263.1416999427,tap,lalt
9,1565,1263.7779473158,stimulus,
9,1565,1263.8616748873,tap,lalt
9,1566,1264.5279638774,stimulus,
9,1566,1264.6776914433,tap,lalt
9,1567,1265.2779776398,stimulus,
9,1567,1265.3976903361,tap,rctrl
9,1568,1266.0280091302,stimulus,
9,1568,1266.1176522180,tap,rctrl
9,1569,1266.7780334671,stimulus,
9,1569,1266.8856544996,tap,lalt
9,1570,1267.5280472296,stimulus,
9,1570,1267.6856475329,tap,lalt
9,1571,1268.2781163528,stimulus,
9,1571,1268.4696238857,tap,rctrl
9,1572,1269.0281266941,stimulus,
9,1572,1269.1576124329,tap,lalt
9,1573,1269.7781650267,stimulus,
9,1573,1269.8936043689,tap,rctrl
9,1574,1270.5282130009,stimulus,
9,1574,1270.6455681990,tap,lalt
9,1575,1271.2782252082,stimulus,
9,1575,1271.4295436188,tap,rctrl
9,1576,1272.0282464351,stimulus,
9,1576,1272.1655265354,tap,lalt
9,1577,1272.7783460378,stimulus,
9,1577,1272.9175547457,tap,rctrl
9,1578,1273.5283063056,stimulus,
9,1578,1273.6375309344,tap,rctrl
9,1579,1274.2783433942,stimulus,
9,1579,1274.3575214298,tap,rctrl
9,1580,1275.0283798607,stimulus,
9,1580,1275.1094858819,tap,lalt
9,1581,1275.7783846037,stimulus,
9,1581,1275.9094359950,tap,rctrl
9,1582,1276.5284111178,stimulus,
9,1582,1276.6614573630,tap,lalt
9,1583,1277.2784491395,stimulus,
9,1583,1277.3974430787,tap,lalt
9,1584,1278.0284859171,stimulus,
9,1584,1278.1174516130,tap,rctrl
9,1585,1278.7785164743,stimulus,
9,1585,1278.8694039355,tap,lalt
9,1586,1279.5285131309,stimulus,
9,1586,1279.6534387593,tap,lalt
9,1587,1280.2785701245,stimulus,
9,1587,1280.3574110192,tap,rctrl
9,1588,1281.0285789107,stimulus,
9,1588,1281.0613755037,tap,lalt
9,1589,1281.7786237747,stimulus,
9,1589,1281.9253739885,tap,lalt
9,1590,1282.5286673947,stimulus,
9,1590,1282.6773499482,tap,lalt
9,1591,1283.2786811571,stimulus,
9,1591,1283.3492829380,tap,rctrl
9,1592,1284.0287225999,stimulus,
9,1592,1284.0852639885,tap,lalt
9,1593,1284.7787142802,stimulus,
9,1593,1284.8852965207,tap,rctrl
9,1594,1285.5287852696,stimulus,
9,1594,1285.6212987202,tap,lalt
9,1595,1286.2787816151,stimulus,
9,1595,1286.4053295008,tap,rctrl
9,1596,1287.0288417189,stimulus,
9,1596,1287.1732636700,tap,lalt
9,1597,1287.7788321552,stimulus,
9,1597,1287.8932613187,tap,rctrl
9,1598,1288.5288605353,stimulus,
9,1598,1288.6292464124,tap,rctrl
9,1599,1289.2789850193,stimulus,
9,1599,1289.3812410330,tap,rctrl
